id,Unnamed: 0_level_0,Unnamed: 1_level_0,Unnamed: 2_level_0,Unnamed: 3_level_0,Unnamed: 4_level_0,Unnamed: 5_level_0,Unnamed: 6_level_0,Unnamed: 7_level_0,Standard,Standard,Standard,Standard,Standard,Standard,Standard,Standard,Standard,Standard,Standard,Standard,Expected,Expected,Expected,Expected,Expected,Unnamed: 25_level_0,Unnamed: league,Unnamed: season
,Rk,Player,Nation,Pos,Squad,Age,Born,90s,Gls,Sh,SoT,SoT%,Sh/90,SoT/90,G/Sh,G/SoT,Dist,FK,PK,PKatt,xG,npxG,npxG/Sh,G-xG,np:G-xG,Matches,league,season
f586779e,1,Tammy Abraham,ENG,FW,Chelsea,21,1997,6.3,3,21,9,42.9,3.34,1.43,0.14,0.33,9.0,0,0,0,4.9,4.9,0.23,-1.9,-1.9,Matches,UCL,19-20
2b09d998,2,Tyler Adams,USA,"MF,DF",RB Leipzig,20,1999,0.9,1,2,1,50.0,2.2,1.1,0.5,1.0,15.9,0,0,0,0.2,0.2,0.08,0.8,0.8,Matches,UCL,19-20
ee926a02,3,Arijan Ademi,MKD,"MF,DF",Dinamo Zagreb,28,1991,5.7,1,2,1,50.0,0.35,0.17,0.5,1.0,3.5,0,0,0,0.8,0.8,0.41,0.2,0.2,Matches,UCL,19-20
f76e6b4e,4,Adrián,ESP,GK,Liverpool,32,1987,3.3,0,0,0,,0.0,0.0,,,,0,0,0,0.0,0.0,,0.0,0.0,Matches,UCL,19-20
4d034881,5,Sergio Agüero,ARG,FW,Manchester City,31,1988,2.2,2,8,5,62.5,3.67,2.3,0.13,0.2,12.7,0,1,1,3.5,2.7,0.34,-1.5,-1.7,Matches,UCL,19-20
89ac64a6,6,Manuel Akanji,SUI,DF,Dortmund,24,1995,5.8,0,3,0,0.0,0.52,0.0,0.0,,22.3,0,0,0,0.1,0.1,0.05,-0.1,-0.1,Matches,UCL,19-20
05439de2,7,David Alaba,AUT,DF,Bayern Munich,27,1992,7.5,0,5,1,20.0,0.67,0.13,0.0,0.0,27.5,2,0,0,0.2,0.2,0.05,-0.2,-0.2,Matches,UCL,19-20
834d0be5,8,Lucas Alario,ARG,FW,Leverkusen,26,1992,2.4,0,9,2,22.2,3.79,0.84,0.0,0.0,13.0,0,0,0,1.2,1.2,0.14,-1.2,-1.2,Matches,UCL,19-20
4601e194,9,Jordi Alba,ESP,DF,Barcelona,30,1989,3.9,0,1,0,0.0,0.25,0.0,0.0,,30.5,0,0,0,0.0,0.0,0.02,0.0,0.0,Matches,UCL,19-20
a7a9d95a,10,Paco Alcácer,ESP,FW,Dortmund,25,1993,1.3,0,4,0,0.0,3.19,0.0,0.0,,13.4,1,0,0,1.2,1.2,0.31,-1.2,-1.2,Matches,UCL,19-20
77e84962,11,Thiago Alcántara,ESP,MF,Bayern Munich,28,1991,9.1,0,7,1,14.3,0.77,0.11,0.0,0.0,15.7,0,0,0,1.5,1.5,0.21,-1.5,-1.5,Matches,UCL,19-20
f7d50789,12,Toby Alderweireld,BEL,DF,Tottenham,30,1989,6.0,0,0,0,,0.0,0.0,,,,0,0,0,0.0,0.0,,0.0,0.0,Matches,UCL,19-20
6c811eb7,13,Carles Aleñá,ESP,MF,Barcelona,21,1998,1.0,0,0,0,,0.0,0.0,,,,0,0,0,0.0,0.0,,0.0,0.0,Matches,UCL,19-20
cd1acf9d,14,Trent Alexander-Arnold,ENG,DF,Liverpool,20,1998,6.5,0,6,1,16.7,0.93,0.15,0.0,0.0,22.6,1,0,0,0.3,0.3,0.05,-0.3,-0.3,Matches,UCL,19-20
7a2e46a8,15,Alisson,BRA,GK,Liverpool,26,1992,5.0,0,0,0,,0.0,0.0,,,,0,0,0,0.0,0.0,,0.0,0.0,Matches,UCL,19-20
cc700722,16,Allan,BRA,MF,Napoli,28,1991,4.9,0,2,0,0.0,0.4,0.0,0.0,,25.1,0,0,0,0.1,0.1,0.03,-0.1,-0.1,Matches,UCL,19-20
cea4ee8f,17,Dele Alli,ENG,"MF,FW",Tottenham,23,1996,5.7,1,7,4,57.1,1.22,0.7,0.14,0.25,12.7,0,0,0,1.3,1.3,0.19,-0.3,-0.3,Matches,UCL,19-20
67b3d74b,18,André Almeida,POR,DF,Benfica,28,1990,1.0,0,0,0,,0.0,0.0,,,,0,0,0,0.0,0.0,,0.0,0.0,Matches,UCL,19-20
f4290206,19,Marcos Alonso,ESP,DF,Chelsea,28,1990,4.4,0,12,5,41.7,2.72,1.13,0.0,0.0,15.8,3,0,0,0.7,0.7,0.06,-0.7,-0.7,Matches,UCL,19-20
8ce30c57,20,Éder Álvarez Balanta,COL,MF,Club Brugge,26,1993,3.2,0,2,0,0.0,0.63,0.0,0.0,,23.4,0,0,0,0.1,0.1,0.05,-0.1,-0.1,Matches,UCL,19-20
8b3ab7ad,21,Edson Álvarez,MEX,MF,Ajax,21,1997,4.2,1,6,2,33.3,1.43,0.48,0.17,0.5,12.4,0,0,0,0.4,0.4,0.06,0.6,0.6,Matches,UCL,19-20
555d5edd,22,Nadiem Amiri,GER,"FW,MF",Leverkusen,22,1996,2.6,0,7,2,28.6,2.65,0.76,0.0,0.0,23.8,1,0,0,0.4,0.4,0.05,-0.4,-0.4,Matches,UCL,19-20
10b9fa99,23,Ethan Ampadu,WAL,DF,RB Leipzig,18,2000,2.0,0,0,0,,0.0,0.0,,,,0,0,0,0.0,0.0,,0.0,0.0,Matches,UCL,19-20
e34fc66d,24,Joachim Andersen,DEN,DF,Lyon,23,1996,4.4,1,1,1,100.0,0.23,0.23,1.0,1.0,7.7,0,0,0,0.3,0.3,0.35,0.7,0.7,Matches,UCL,19-20
dc008610,25,Florin Andone,ROU,FW,Galatasaray,26,1993,1.8,0,8,2,25.0,4.44,1.11,0.0,0.0,17.3,0,0,0,0.9,0.9,0.11,-0.9,-0.9,Matches,UCL,19-20
ef9c1c95,26,Benjamin André,FRA,MF,Lille,28,1990,4.5,0,10,2,20.0,2.23,0.45,0.0,0.0,13.2,0,0,0,0.5,0.5,0.05,-0.5,-0.5,Matches,UCL,19-20
b35db3f6,27,Miguel Ángel Guerrero,ESP,FW,Olympiacos,29,1990,3.5,0,9,1,11.1,2.56,0.28,0.0,0.0,20.2,0,0,0,0.4,0.4,0.05,-0.4,-0.4,Matches,UCL,19-20
30941e96,28,Angeliño,ESP,"DF,MF",RB Leipzig,22,1997,4.0,0,3,2,66.7,0.75,0.5,0.0,0.0,16.2,0,0,0,0.1,0.1,0.05,-0.1,-0.1,Matches,UCL,19-20
30941e96,29,Angeliño,ESP,DF,Manchester City,22,1997,1.0,0,1,0,0.0,1.0,0.0,0.0,,27.2,0,0,0,0.0,0.0,0.03,0.0,0.0,Matches,UCL,19-20
108fe016,30,Marcos Antônio,BRA,MF,Shakhtar,19,2000,0.3,0,0,0,,0.0,0.0,,,,0,0,0,0.0,0.0,,0.0,0.0,Matches,UCL,19-20
a5db0bec,31,Houssem Aouar,ALG,"MF,FW",Lyon,21,1998,7.9,1,9,5,55.6,1.14,0.63,0.11,0.2,16.5,0,0,0,0.5,0.5,0.06,0.5,0.5,Matches,UCL,19-20
c63f6e46,32,Youssef El-Arabi,MAR,FW,Olympiacos,32,1987,3.1,3,4,2,50.0,1.29,0.65,0.5,1.0,16.3,0,1,1,1.4,0.6,0.14,1.6,1.4,Matches,UCL,19-20
56413b1f,33,Charles Aránguiz,CHI,MF,Leverkusen,30,1989,4.6,0,5,0,0.0,1.09,0.0,0.0,,20.6,0,0,0,0.8,0.8,0.16,-0.8,-0.8,Matches,UCL,19-20
fa18c72e,34,Luiz Araújo,BRA,"FW,MF",Lille,23,1996,3.1,0,9,4,44.4,2.92,1.3,0.0,0.0,23.6,0,0,0,0.4,0.4,0.05,-0.4,-0.4,Matches,UCL,19-20
2f965a72,35,Alphonse Areola,FRA,GK,Real Madrid,26,1993,1.5,0,0,0,,0.0,0.0,,,,0,0,0,0.0,0.0,,0.0,0.0,Matches,UCL,19-20
fdd60087,36,Santiago Arias,COL,DF,Atlético Madrid,27,1992,2.0,0,1,0,0.0,0.5,0.0,0.0,,25.3,0,0,0,0.0,0.0,0.03,0.0,0.0,Matches,UCL,19-20
28d596a0,37,Kepa Arrizabalaga,ESP,GK,Chelsea,24,1994,6.0,0,0,0,,0.0,0.0,,,,0,0,0,0.0,0.0,,0.0,0.0,Matches,UCL,19-20
089550f5,38,Kwadwo Asamoah,GHA,"FW,DF",Inter,30,1988,2.9,0,0,0,,0.0,0.0,,,,0,0,0,0.0,0.0,,0.0,0.0,Matches,UCL,19-20
45af8a54,39,Marco Asensio,ESP,FW,Real Madrid,23,1996,0.3,0,0,0,,0.0,0.0,,,,0,0,0,0.0,0.0,,0.0,0.0,Matches,UCL,19-20
552e00b9,40,Majeed Ashimeru,GHA,MF,RB Salzburg,21,1997,0.7,0,0,0,,0.0,0.0,,,,0,0,0,0.0,0.0,,0.0,0.0,Matches,UCL,19-20
8f5bfaac,41,Iyayi Atiemwen,NGA,FW,Dinamo Zagreb,23,1996,0.1,0,0,0,,0.0,0.0,,,,0,0,0,0.0,0.0,,0.0,0.0,Matches,UCL,19-20
5c2b4f07,42,Serge Aurier,CIV,DF,Tottenham,26,1992,5.0,1,1,1,100.0,0.2,0.2,1.0,1.0,11.2,0,0,0,0.1,0.1,0.07,0.9,0.9,Matches,UCL,19-20
10549b49,43,Sardar Azmoun,IRN,FW,Zenit,24,1995,5.1,2,14,7,50.0,2.73,1.36,0.14,0.29,17.3,0,0,0,3.1,3.1,0.22,-1.1,-1.1,Matches,UCL,19-20
53cad200,44,César Azpilicueta,ESP,DF,Chelsea,29,1989,6.8,2,4,2,50.0,0.59,0.29,0.5,1.0,10.0,0,0,0,1.5,1.5,0.37,0.5,0.5,Matches,UCL,19-20
6438d426,45,Ryan Babel,NED,FW,Galatasaray,32,1986,3.7,0,4,1,25.0,1.08,0.27,0.0,0.0,22.8,0,0,0,0.4,0.4,0.1,-0.4,-0.4,Matches,UCL,19-20
3a233281,46,Leon Bailey,JAM,"FW,MF",Leverkusen,21,1997,1.3,0,1,0,0.0,0.78,0.0,0.0,,12.7,0,0,0,0.1,0.1,0.05,-0.1,-0.1,Matches,UCL,19-20
a58bb1e1,47,Gareth Bale,WAL,"FW,MF",Real Madrid,30,1989,1.3,0,6,0,0.0,4.66,0.0,0.0,,23.2,2,0,0,0.3,0.3,0.05,-0.3,-0.3,Matches,UCL,19-20
7c3ed041,48,Leonardo Balerdi,ARG,MF,Dortmund,20,1999,0.1,0,0,0,,0.0,0.0,,,,0,0,0,0.0,0.0,,0.0,0.0,Matches,UCL,19-20
b2bd0f6c,49,Jonathan Bamba,CIV,"FW,MF",Lille,23,1996,3.1,0,8,1,12.5,2.55,0.32,0.0,0.0,20.1,0,0,0,1.0,1.0,0.12,-1.0,-1.0,Matches,UCL,19-20
6928979a,50,Nicolò Barella,ITA,MF,Inter,22,1997,3.2,1,5,1,20.0,1.55,0.31,0.2,1.0,20.0,0,0,0,0.2,0.2,0.05,0.8,0.8,Matches,UCL,19-20
d7c09951,51,Dmitri Barinov,RUS,MF,Loko Moscow,22,1996,5.0,1,6,1,16.7,1.2,0.2,0.17,1.0,23.5,0,0,0,0.3,0.3,0.05,0.7,0.7,Matches,UCL,19-20
3a24769f,52,Ross Barkley,ENG,"FW,MF",Chelsea,25,1993,1.8,0,2,0,0.0,1.12,0.0,0.0,,25.6,1,0,1,0.9,0.1,0.07,-0.9,-0.1,Matches,UCL,19-20
8e7f49d3,53,Wílmar Barrios,COL,MF,Zenit,25,1993,6.0,0,2,0,0.0,0.33,0.0,0.0,,28.8,0,0,0,0.0,0.0,0.02,0.0,0.0,Matches,UCL,19-20
e5bf73f3,54,Musa Barrow,GAM,MF,Atalanta,20,1998,0.0,0,0,0,,0.0,0.0,,,,0,0,0,0.0,0.0,,0.0,0.0,Matches,UCL,19-20
2973d8ff,55,Michy Batshuayi,BEL,FW,Chelsea,25,1993,1.0,1,10,5,50.0,10.23,5.11,0.1,0.2,13.0,0,0,0,1.7,1.7,0.17,-0.7,-0.7,Matches,UCL,19-20
69374ff5,56,Julian Baumgartlinger,AUT,MF,Leverkusen,31,1988,3.8,0,2,0,0.0,0.52,0.0,0.0,,19.9,0,0,0,0.1,0.1,0.04,-0.1,-0.1,Matches,UCL,19-20
7bcc0708,57,Ömer Bayram,TUR,"FW,MF",Galatasaray,28,1991,2.8,0,4,1,25.0,1.43,0.36,0.0,0.0,26.2,2,0,0,0.2,0.2,0.06,-0.2,-0.2,Matches,UCL,19-20
50dc94ce,58,Donny van de Beek,NED,MF,Ajax,22,1997,5.0,2,8,2,25.0,1.61,0.4,0.25,1.0,13.0,0,0,0,1.3,1.3,0.16,0.7,0.7,Matches,UCL,19-20
e204ec12,59,Younès Belhanda,MAR,"MF,FW",Galatasaray,29,1990,3.4,0,5,1,20.0,1.49,0.3,0.0,0.0,25.4,0,0,0,0.4,0.4,0.08,-0.4,-0.4,Matches,UCL,19-20
bee0bab1,60,Karim Bellarabi,GER,"FW,MF",Leverkusen,29,1990,4.6,0,11,2,18.2,2.41,0.44,0.0,0.0,21.7,0,0,0,0.4,0.4,0.04,-0.4,-0.4,Matches,UCL,19-20
c50281a0,61,Lars Bender,GER,DF,Leverkusen,30,1989,3.0,0,0,0,,0.0,0.0,,,,0,0,0,0.0,0.0,,0.0,0.0,Matches,UCL,19-20
070ec0b1,62,Sven Bender,GER,DF,Leverkusen,30,1989,6.0,1,3,2,66.7,0.5,0.33,0.33,0.5,13.6,0,0,0,0.2,0.2,0.05,0.8,0.8,Matches,UCL,19-20
3b8674e6,63,Rodrigo Bentancur,URU,MF,Juventus,22,1997,4.7,0,1,0,0.0,0.21,0.0,0.0,,8.6,0,0,0,0.1,0.1,0.07,-0.1,-0.1,Matches,UCL,19-20
70d74ece,64,Karim Benzema,FRA,FW,Real Madrid,31,1987,7.2,5,31,14,45.2,4.33,1.96,0.16,0.36,12.4,0,0,0,6.5,6.5,0.21,-1.5,-1.5,Matches,UCL,19-20
6fbde63a,65,Yassine Benzia,ALG,MF,Olympiacos,24,1994,0.9,0,1,0,0.0,1.14,0.0,0.0,,18.0,0,0,0,0.1,0.1,0.05,-0.1,-0.1,Matches,UCL,19-20
d0b6129f,66,Sander Berge,NOR,MF,Genk,21,1998,6.0,0,5,2,40.0,0.83,0.33,0.0,0.0,23.2,1,0,0,0.2,0.2,0.04,-0.2,-0.2,Matches,UCL,19-20
a29b1131,67,Steven Bergwijn,NED,"MF,FW",Tottenham,21,1997,1.0,0,3,1,33.3,3.0,1.0,0.0,0.0,12.6,0,0,0,0.3,0.3,0.1,-0.3,-0.3,Matches,UCL,19-20
ee93c1a9,68,Federico Bernardeschi,ITA,MF,Juventus,25,1994,2.9,1,5,2,40.0,1.71,0.68,0.2,0.5,17.7,0,0,0,0.8,0.8,0.16,0.2,0.2,Matches,UCL,19-20
433dc9a2,69,Juan Bernat,ESP,DF,Paris S-G,26,1993,9.7,2,4,2,50.0,0.41,0.21,0.5,1.0,16.5,0,0,0,0.8,0.8,0.2,1.2,1.2,Matches,UCL,19-20
07a821e4,70,Antoine Bernede,FRA,MF,RB Salzburg,20,1999,1.0,0,0,0,,0.0,0.0,,,,0,0,0,0.0,0.0,,0.0,0.0,Matches,UCL,19-20
9e1577aa,71,Cristiano Biraghi,ITA,"DF,FW",Inter,26,1992,2.4,0,1,1,100.0,0.41,0.41,0.0,0.0,14.0,0,0,0,0.1,0.1,0.06,-0.1,-0.1,Matches,UCL,19-20
691bef82,72,Daley Blind,NED,DF,Ajax,29,1990,4.7,0,2,1,50.0,0.42,0.21,0.0,0.0,22.0,0,0,0,0.1,0.1,0.05,-0.1,-0.1,Matches,UCL,19-20
27f0fcda,73,Richmond Boakye,GHA,FW,Red Star,26,1993,2.1,1,6,1,16.7,2.84,0.47,0.17,1.0,17.7,0,0,0,0.3,0.3,0.05,0.7,0.7,Matches,UCL,19-20
2db2fd7b,74,Jérôme Boateng,GER,DF,Bayern Munich,30,1988,6.4,0,0,0,,0.0,0.0,,,,0,0,0,0.0,0.0,,0.0,0.0,Matches,UCL,19-20
24b98f95,75,Serhiy Bolbat,UKR,DF,Shakhtar,26,1993,2.7,0,1,0,0.0,0.37,0.0,0.0,,12.7,0,0,0,0.1,0.1,0.06,-0.1,-0.1,Matches,UCL,19-20
0da6a13e,76,Theo Bongonda,COD,"MF,FW",Genk,23,1995,2.9,0,5,1,20.0,1.74,0.35,0.0,0.0,20.3,0,0,0,0.5,0.5,0.1,-0.5,-0.5,Matches,UCL,19-20
52ec54d0,77,Leonardo Bonucci,ITA,DF,Juventus,32,1987,7.0,0,2,0,0.0,0.29,0.0,0.0,,8.3,0,0,0,0.6,0.6,0.32,-0.6,-0.6,Matches,UCL,19-20
9f936061,78,Neto Borges,BRA,DF,Genk,22,1996,0.1,0,0,0,,0.0,0.0,,,,0,0,0,0.0,0.0,,0.0,0.0,Matches,UCL,19-20
2b3efa4a,79,Jan Bořil,CZE,DF,Slavia Prague,28,1991,6.0,1,5,1,20.0,0.83,0.17,0.2,1.0,19.1,0,0,0,0.3,0.3,0.05,0.7,0.7,Matches,UCL,19-20
5e8936be,80,Milan Borjan,CAN,GK,Red Star,31,1987,6.0,0,0,0,,0.0,0.0,,,,0,0,0,0.0,0.0,,0.0,0.0,Matches,UCL,19-20
1c07b06e,81,Andreas Bouchalakis,GRE,MF,Olympiacos,26,1993,5.3,0,2,0,0.0,0.37,0.0,0.0,,19.6,0,0,0,0.4,0.4,0.22,-0.4,-0.4,Matches,UCL,19-20
8bbe2df5,82,Domagoj Bradarić,CRO,"MF,DF",Lille,19,1999,3.0,0,0,0,,0.0,0.0,,,,0,0,0,0.0,0.0,,0.0,0.0,Matches,UCL,19-20
a167537f,83,Julian Brandt,GER,"MF,FW",Dortmund,23,1996,5.4,2,11,4,36.4,2.02,0.73,0.18,0.5,17.7,0,0,0,1.5,1.5,0.14,0.5,0.5,Matches,UCL,19-20
10072610,84,Claudio Bravo,CHI,GK,Manchester City,36,1983,1.4,0,0,0,,0.0,0.0,,,,0,0,0,0.0,0.0,,0.0,0.0,Matches,UCL,19-20
33b8d077,85,Marcelo Brozović,CRO,MF,Inter,26,1992,5.8,0,5,1,20.0,0.87,0.17,0.0,0.0,25.3,0,0,0,0.2,0.2,0.05,-0.2,-0.2,Matches,UCL,19-20
4e204552,86,Jacob Bruun Larsen,DEN,FW,Dortmund,20,1998,0.2,0,0,0,,0.0,0.0,,,,0,0,0,0.0,0.0,,0.0,0.0,Matches,UCL,19-20
e40d028b,87,Gianluigi Buffon,ITA,GK,Juventus,41,1978,1.0,0,0,0,,0.0,0.0,,,,0,0,0,0.0,0.0,,0.0,0.0,Matches,UCL,19-20
70a9cba5,88,Mick van Buren,NED,FW,Slavia Prague,26,1992,0.5,0,1,0,0.0,1.91,0.0,0.0,,12.6,0,0,0,0.1,0.1,0.08,-0.1,-0.1,Matches,UCL,19-20
9d12e142,89,Roman Bürki,SUI,GK,Dortmund,28,1990,8.0,0,0,0,,0.0,0.0,,,,0,0,0,0.0,0.0,,0.0,0.0,Matches,UCL,19-20
5ab0ea87,90,Sergio Busquets,ESP,MF,Barcelona,31,1988,5.6,0,1,0,0.0,0.18,0.0,0.0,,22.2,0,0,0,0.0,0.0,0.05,0.0,0.0,Matches,UCL,19-20
720611fe,91,Adem Büyük,TUR,FW,Galatasaray,31,1987,1.0,1,3,1,33.3,2.9,0.97,0.33,1.0,10.2,0,0,0,0.8,0.8,0.26,0.2,0.2,Matches,UCL,19-20
a179d516,92,Willy Caballero,ARG,GK,Chelsea,37,1981,2.0,0,0,0,,0.0,0.0,,,,0,0,0,0.0,0.0,,0.0,0.0,Matches,UCL,19-20
ac7e640b,93,Mattia Caldara,ITA,DF,Atalanta,25,1994,2.8,0,1,0,0.0,0.35,0.0,0.0,,14.5,0,0,0,0.0,0.0,0.04,0.0,0.0,Matches,UCL,19-20
78841da9,94,José Callejón,ESP,"MF,FW",Napoli,32,1987,6.3,0,8,2,25.0,1.27,0.32,0.0,0.0,14.5,1,0,0,1.4,1.4,0.17,-1.4,-1.4,Matches,UCL,19-20
13ea2544,95,Mohamed Camara,GUI,MF,Olympiacos,22,1997,4.6,0,10,1,10.0,2.17,0.22,0.0,0.0,29.1,0,0,0,0.3,0.3,0.03,-0.3,-0.3,Matches,UCL,19-20
a65ce836,96,Emre Can,GER,MF,Dortmund,25,1994,2.0,0,1,0,0.0,0.51,0.0,0.0,,29.0,0,0,0,0.0,0.0,0.03,0.0,0.0,Matches,UCL,19-20
ab77f2d9,97,José Cañas,ESP,MF,Red Star,32,1987,3.5,0,1,1,100.0,0.29,0.29,0.0,0.0,29.7,0,0,0,0.0,0.0,0.03,0.0,0.0,Matches,UCL,19-20
bd6351cd,98,João Cancelo,POR,DF,Manchester City,25,1994,6.3,0,4,2,50.0,0.63,0.32,0.0,0.0,21.0,0,0,0,0.2,0.2,0.04,-0.2,-0.2,Matches,UCL,19-20
356c9002,99,Antonio Candreva,ITA,"FW,DF",Inter,32,1987,4.3,1,5,1,20.0,1.16,0.23,0.2,1.0,19.7,1,0,0,0.7,0.7,0.14,0.3,0.3,Matches,UCL,19-20
f81ef10d,100,Maxence Caqueret,FRA,MF,Lyon,19,2000,3.0,0,1,0,0.0,0.33,0.0,0.0,,22.8,0,0,0,0.1,0.1,0.05,-0.1,-0.1,Matches,UCL,19-20
de39485a,101,Yannick Carrasco,BEL,"MF,FW",Atlético Madrid,25,1993,1.0,0,4,1,25.0,4.0,1.0,0.0,0.0,22.4,0,0,0,0.1,0.1,0.03,-0.1,-0.1,Matches,UCL,19-20
4958bfb2,102,Dani Carvajal,ESP,DF,Real Madrid,27,1992,6.9,0,4,4,100.0,0.58,0.58,0.0,0.0,23.5,0,0,0,0.2,0.2,0.04,-0.2,-0.2,Matches,UCL,19-20
4d224fe8,103,Casemiro,BRA,MF,Real Madrid,27,1992,7.7,1,12,5,41.7,1.57,0.65,0.08,0.2,30.6,1,0,0,0.4,0.4,0.03,0.6,0.6,Matches,UCL,19-20
197640fd,104,Timothy Castagne,BEL,DF,Atalanta,23,1995,4.4,1,3,2,66.7,0.69,0.46,0.33,0.5,4.2,0,0,0,1.4,1.4,0.69,-0.4,-0.4,Matches,UCL,19-20
527f063d,105,Edinson Cavani,URU,FW,Paris S-G,32,1987,1.5,1,2,1,50.0,1.36,0.68,0.0,0.0,18.8,0,1,1,1.2,0.4,0.19,-0.2,-0.4,Matches,UCL,19-20
31a62dc7,106,Zeki Çelik,TUR,"DF,MF",Lille,22,1997,6.0,0,2,1,50.0,0.33,0.17,0.0,0.0,14.4,0,0,0,0.3,0.3,0.16,-0.3,-0.3,Matches,UCL,19-20
10fe831e,107,Murilo Cerqueira,BRA,"MF,DF",Loko Moscow,22,1997,4.1,0,0,0,,0.0,0.0,,,,0,0,0,0.0,0.0,,0.0,0.0,Matches,UCL,19-20
5e1028e5,108,Franco Cervi,ARG,MF,Benfica,25,1994,4.4,1,4,2,50.0,0.92,0.46,0.25,0.5,13.1,0,0,0,1.4,1.4,0.36,-0.4,-0.4,Matches,UCL,19-20
b34c63a5,109,Rayan Cherki,FRA,"DF,MF",Lyon,15,2003,0.4,0,1,0,0.0,2.65,0.0,0.0,,11.0,0,0,0,0.1,0.1,0.1,-0.1,-0.1,Matches,UCL,19-20
0ac94a23,110,Denis Cheryshev,RUS,"MF,FW",Valencia,28,1990,2.9,2,7,5,71.4,2.4,1.71,0.29,0.4,20.9,0,0,0,0.9,0.9,0.13,1.1,1.1,Matches,UCL,19-20
262e5a82,111,Chiquinho,POR,FW,Benfica,24,1995,3.0,0,8,1,12.5,2.67,0.33,0.0,0.0,24.1,1,0,0,0.3,0.3,0.04,-0.3,-0.3,Matches,UCL,19-20
1cb49278,112,Andreas Christensen,DEN,DF,Chelsea,23,1996,4.0,0,1,0,0.0,0.25,0.0,0.0,,10.4,0,0,0,0.1,0.1,0.06,-0.1,-0.1,Matches,UCL,19-20
04ac8285,113,Jasper Cillessen,NED,GK,Valencia,30,1989,6.0,0,0,0,,0.0,0.0,,,,0,0,0,0.0,0.0,,0.0,0.0,Matches,UCL,19-20
042e8a49,114,Kingsley Coman,FRA,FW,Bayern Munich,23,1996,6.1,3,18,6,33.3,2.95,0.98,0.17,0.5,14.7,0,0,0,3.3,3.3,0.19,-0.3,-0.3,Matches,UCL,19-20
0331786b,115,Dion Cools,MAS,MF,Club Brugge,23,1996,0.0,0,0,0,,0.0,0.0,,,,0,0,0,0.0,0.0,,0.0,0.0,Matches,UCL,19-20
a6951bf8,116,Francis Coquelin,FRA,"MF,DF",Valencia,28,1991,4.8,0,0,0,,0.0,0.0,,,,0,0,0,0.0,0.0,,0.0,0.0,Matches,UCL,19-20
6ceef869,117,Vedran Ćorluka,CRO,DF,Loko Moscow,33,1986,5.8,0,1,0,0.0,0.17,0.0,0.0,,8.9,0,0,0,0.1,0.1,0.07,-0.1,-0.1,Matches,UCL,19-20
beb391dd,118,Maxwel Cornet,CIV,"DF,MF",Lyon,22,1996,6.1,1,6,1,16.7,0.99,0.16,0.17,1.0,19.2,0,0,0,0.7,0.7,0.12,0.3,0.3,Matches,UCL,19-20
5c07e176,119,Carlos Coronel,PAR,GK,RB Salzburg,22,1996,2.6,0,0,0,,0.0,0.0,,,,0,0,0,0.0,0.0,,0.0,0.0,Matches,UCL,19-20
01eb744d,120,Ángel Correa,ARG,"MF,FW",Atlético Madrid,24,1995,4.9,0,8,3,37.5,1.62,0.61,0.0,0.0,14.8,0,0,0,1.4,1.4,0.17,-1.4,-1.4,Matches,UCL,19-20
c78b352d,121,Thierry Correia,POR,DF,Valencia,20,1999,0.2,0,0,0,,0.0,0.0,,,,0,0,0,0.0,0.0,,0.0,0.0,Matches,UCL,19-20
a190d597,122,Diego Costa,ESP,FW,Atlético Madrid,30,1988,5.1,0,5,0,0.0,0.99,0.0,0.0,,15.8,0,0,0,1.2,1.2,0.24,-1.2,-1.2,Matches,UCL,19-20
4fa7cb9b,123,Douglas Costa,BRA,MF,Juventus,28,1990,0.2,1,1,1,100.0,4.29,4.29,1.0,1.0,10.9,0,0,0,0.6,0.6,0.56,0.4,0.4,Matches,UCL,19-20
808d48f3,124,Jaume Costa,ESP,DF,Valencia,31,1988,2.7,0,2,0,0.0,0.73,0.0,0.0,,17.3,0,0,0,0.1,0.1,0.05,-0.1,-0.1,Matches,UCL,19-20
c56ee8f7,125,Gaëtan Coucke,BEL,GK,Genk,20,1998,5.0,0,0,0,,0.0,0.0,,,,0,0,0,0.0,0.0,,0.0,0.0,Matches,UCL,19-20
fdf3cb77,126,Vladimír Coufal,CZE,DF,Slavia Prague,26,1992,6.0,0,2,1,50.0,0.33,0.17,0.0,0.0,24.0,0,0,0,0.1,0.1,0.03,-0.1,-0.1,Matches,UCL,19-20
1840e36d,127,Thibaut Courtois,BEL,GK,Real Madrid,27,1992,6.5,0,0,0,,0.0,0.0,,,,0,0,0,0.0,0.0,,0.0,0.0,Matches,UCL,19-20
0ef89a37,128,Philippe Coutinho,BRA,"MF,FW",Bayern Munich,27,1992,5.8,3,34,11,32.4,5.9,1.91,0.09,0.27,22.0,3,0,0,3.0,3.0,0.09,0.0,0.0,Matches,UCL,19-20
0ab1f153,129,Juan Cuadrado,COL,"DF,FW",Juventus,31,1988,5.5,1,2,1,50.0,0.36,0.18,0.5,1.0,18.9,0,0,0,0.1,0.1,0.07,0.9,0.9,Matches,UCL,19-20
574fff8c,130,Carlos Cuesta,COL,"DF,MF",Genk,20,1999,4.0,0,0,0,,0.0,0.0,,,,0,0,0,0.0,0.0,,0.0,0.0,Matches,UCL,19-20
dc62b55d,131,Matheus Cunha,BRA,FW,RB Leipzig,20,1999,0.9,0,7,0,0.0,7.78,0.0,0.0,,14.5,0,0,0,1.9,1.9,0.31,-1.9,-1.9,Matches,UCL,19-20
44eb9093,132,Danilo D'Ambrosio,ITA,"DF,FW",Inter,30,1988,2.0,0,6,2,33.3,2.93,0.98,0.0,0.0,17.7,0,0,0,0.9,0.9,0.15,-0.9,-0.9,Matches,UCL,19-20
9591723b,133,Jacopo Da Riva,ITA,MF,Atalanta,18,2000,0.1,0,0,0,,0.0,0.0,,,,0,0,0,0.0,0.0,,0.0,0.0,Matches,UCL,19-20
29c02c9f,134,Colin Dagba,FRA,DF,Paris S-G,20,1998,1.0,0,1,0,0.0,1.0,0.0,0.0,,6.5,0,0,0,0.3,0.3,0.3,-0.3,-0.3,Matches,UCL,19-20
db4ed67b,135,Mahmoud Dahoud,GER,MF,Dortmund,23,1996,0.3,0,0,0,,0.0,0.0,,,,0,0,0,0.0,0.0,,0.0,0.0,Matches,UCL,19-20
ca45605e,136,Patson Daka,ZAM,FW,RB Salzburg,20,1998,2.7,1,11,4,36.4,4.11,1.49,0.09,0.25,14.2,0,0,0,1.7,1.7,0.16,-0.7,-0.7,Matches,UCL,19-20
94b2001f,137,Danilo,BRA,DF,Juventus,28,1991,5.2,0,2,0,0.0,0.38,0.0,0.0,,20.4,0,0,0,0.1,0.1,0.05,-0.1,-0.1,Matches,UCL,19-20
d781d855,138,Alphonso Davies,CAN,DF,Bayern Munich,18,2000,7.9,0,8,0,0.0,1.01,0.0,0.0,,22.5,0,0,0,0.3,0.3,0.04,-0.3,-0.3,Matches,UCL,19-20
44781702,139,Ben Davies,WAL,DF,Tottenham,26,1993,3.0,0,0,0,,0.0,0.0,,,,0,0,0,0.0,0.0,,0.0,0.0,Matches,UCL,19-20
e46012d4,140,Kevin De Bruyne,BEL,"MF,FW",Manchester City,28,1991,6.3,2,15,5,33.3,2.36,0.79,0.07,0.2,21.9,4,1,1,1.6,0.9,0.06,0.4,0.1,Matches,UCL,19-20
2ef7c612,141,Charles De Ketelaere,BEL,"MF,FW",Club Brugge,18,2001,1.4,0,2,0,0.0,1.42,0.0,0.0,,21.3,0,0,0,0.1,0.1,0.05,-0.1,-0.1,Matches,UCL,19-20
ae4e2852,142,Mattia De Sciglio,ITA,DF,Juventus,26,1992,2.0,0,0,0,,0.0,0.0,,,,0,0,0,0.0,0.0,,0.0,0.0,Matches,UCL,19-20
c8e65157,143,Miloš Degenek,AUS,DF,Red Star,25,1994,6.0,0,1,0,0.0,0.17,0.0,0.0,,10.8,0,0,0,0.1,0.1,0.05,-0.1,-0.1,Matches,UCL,19-20
fe641c1a,144,Thomas Delaney,DEN,MF,Dortmund,27,1991,2.7,0,0,0,,0.0,0.0,,,,0,0,0,0.0,0.0,,0.0,0.0,Matches,UCL,19-20
6b6cbca4,145,Simon Deli,CIV,DF,Club Brugge,27,1991,6.0,0,5,0,0.0,0.83,0.0,0.0,,13.3,0,0,0,0.2,0.2,0.05,-0.2,-0.2,Matches,UCL,19-20
e7986081,146,Moussa Dembélé,FRA,FW,Lyon,23,1996,6.9,2,13,3,23.1,1.87,0.43,0.15,0.67,16.9,0,0,0,1.3,1.3,0.1,0.7,0.7,Matches,UCL,19-20
b19db005,147,Ousmane Dembélé,FRA,FW,Barcelona,22,1997,1.5,0,4,1,25.0,2.65,0.66,0.0,0.0,20.5,0,0,0,0.2,0.2,0.04,-0.2,-0.2,Matches,UCL,19-20
e3cceee6,148,Merih Demiral,TUR,DF,Juventus,21,1998,1.0,0,0,0,,0.0,0.0,,,,0,0,0,0.0,0.0,,0.0,0.0,Matches,UCL,19-20
54b4dc4e,149,Kerem Demirbay,GER,MF,Leverkusen,26,1993,4.1,0,11,1,9.1,2.66,0.24,0.0,0.0,23.5,1,0,0,0.5,0.5,0.04,-0.5,-0.5,Matches,UCL,19-20
dc3fa3b5,150,Diego Demme,GER,MF,RB Leipzig,27,1991,4.1,1,4,1,25.0,0.99,0.25,0.25,1.0,17.5,0,0,0,0.6,0.6,0.15,0.4,0.4,Matches,UCL,19-20
dc3fa3b5,151,Diego Demme,GER,MF,Napoli,27,1991,1.4,0,0,0,,0.0,0.0,,,,0,0,0,0.0,0.0,,0.0,0.0,Matches,UCL,19-20
47af88b8,152,Jason Denayer,BEL,"DF,MF",Lyon,24,1995,8.7,0,2,0,0.0,0.23,0.0,0.0,,8.6,0,0,0,0.1,0.1,0.07,-0.1,-0.1,Matches,UCL,19-20
2c44a35d,153,Emmanuel Dennis,NGA,"FW,MF",Club Brugge,21,1997,5.0,2,16,6,37.5,3.17,1.19,0.13,0.33,16.8,0,0,0,2.6,2.6,0.16,-0.6,-0.6,Matches,UCL,19-20
85686f86,154,Dentinho,BRA,"FW,DF",Shakhtar,30,1989,0.2,0,0,0,,0.0,0.0,,,,0,0,0,0.0,0.0,,0.0,0.0,Matches,UCL,19-20
5976f83e,155,Sergiño Dest,USA,DF,Ajax,18,2000,4.5,0,3,1,33.3,0.67,0.22,0.0,0.0,24.2,0,0,0,0.1,0.1,0.03,-0.1,-0.1,Matches,UCL,19-20
365836c9,156,Sébastien Dewaest,BEL,DF,Genk,28,1991,4.0,0,3,1,33.3,0.75,0.25,0.0,0.0,9.9,0,0,0,0.4,0.4,0.12,-0.4,-0.4,Matches,UCL,19-20
230a2fac,157,Giovanni Di Lorenzo,ITA,"DF,MF",Napoli,25,1993,8.0,0,4,0,0.0,0.5,0.0,0.0,,16.8,0,0,0,0.2,0.2,0.06,-0.2,-0.2,Matches,UCL,19-20
19cda00b,158,Ángel Di María,ARG,"FW,MF",Paris S-G,31,1988,8.3,3,20,10,50.0,2.42,1.21,0.15,0.3,20.2,2,0,0,2.7,2.7,0.14,0.3,0.3,Matches,UCL,19-20
aeed5c06,159,Moussa Diaby,FRA,"MF,FW",Leverkusen,20,1999,2.0,0,6,2,33.3,3.0,1.0,0.0,0.0,23.5,0,0,0,0.2,0.2,0.04,-0.2,-0.2,Matches,UCL,19-20
dda3969e,160,Mbaye Diagne,SEN,FW,Club Brugge,27,1991,0.5,0,1,0,0.0,2.14,0.0,0.0,,38.3,0,0,1,0.8,0.0,0.03,-0.8,0.0,Matches,UCL,19-20
d2110326,161,Mouctar Diakhaby,GUI,DF,Valencia,22,1996,3.4,0,0,0,,0.0,0.0,,,,0,0,0,0.0,0.0,,0.0,0.0,Matches,UCL,19-20
fc62f087,162,Abdou Diallo,SEN,DF,Paris S-G,23,1996,1.2,0,0,0,,0.0,0.0,,,,0,0,0,0.0,0.0,,0.0,0.0,Matches,UCL,19-20
31c69ef1,163,Rúben Dias,POR,DF,Benfica,22,1997,6.0,0,1,0,0.0,0.17,0.0,0.0,,9.2,0,0,0,0.1,0.1,0.07,-0.1,-0.1,Matches,UCL,19-20
8104e41e,164,Krépin Diatta,SEN,"FW,MF",Club Brugge,20,1999,4.8,1,5,1,20.0,1.03,0.21,0.2,1.0,24.3,1,0,0,0.2,0.2,0.04,0.8,0.8,Matches,UCL,19-20
407feb71,165,Brahim Díaz,MAR,FW,Real Madrid,19,1999,0.2,0,0,0,,0.0,0.0,,,,0,0,0,0.0,0.0,,0.0,0.0,Matches,UCL,19-20
ac861941,166,Eric Dier,ENG,"DF,MF",Tottenham,25,1994,3.5,0,1,0,0.0,0.29,0.0,0.0,,4.1,0,0,0,0.6,0.6,0.6,-0.6,-0.6,Matches,UCL,19-20
db3cb6ee,167,Emir Dilaver,AUT,DF,Dinamo Zagreb,28,1991,6.0,0,2,1,50.0,0.33,0.17,0.0,0.0,12.0,0,0,0,0.1,0.1,0.05,-0.1,-0.1,Matches,UCL,19-20
b2336681,168,Tiago Djaló,POR,DF,Lille,19,2000,3.0,0,0,0,,0.0,0.0,,,,0,0,0,0.0,0.0,,0.0,0.0,Matches,UCL,19-20
6eee05f1,169,Berat Djimsiti,ALB,DF,Atalanta,26,1993,5.7,0,6,0,0.0,1.06,0.0,0.0,,9.6,0,0,0,0.4,0.4,0.06,-0.4,-0.4,Matches,UCL,19-20
b5f7d10b,170,Dodô,BRA,DF,Shakhtar,20,1998,3.1,1,2,1,50.0,0.64,0.32,0.5,1.0,20.2,0,0,0,0.5,0.5,0.27,0.5,0.5,Matches,UCL,19-20
c9cb972b,171,Jaume Doménech,ESP,GK,Valencia,28,1990,2.0,0,0,0,,0.0,0.0,,,,0,0,0,0.0,0.0,,0.0,0.0,Matches,UCL,19-20
d072a976,172,Ryan Donk,SUR,DF,Galatasaray,33,1986,4.0,0,1,0,0.0,0.25,0.0,0.0,,13.2,0,0,0,0.0,0.0,0.04,0.0,0.0,Matches,UCL,19-20
6fd8a334,173,Aleksandar Dragović,AUT,DF,Leverkusen,28,1991,1.0,0,0,0,,0.0,0.0,,,,0,0,0,0.0,0.0,,0.0,0.0,Matches,UCL,19-20
1a992676,174,Julian Draxler,GER,"MF,FW",Paris S-G,25,1993,0.8,0,2,0,0.0,2.57,0.0,0.0,,24.6,0,0,0,0.1,0.1,0.04,-0.1,-0.1,Matches,UCL,19-20
60e86875,175,Sebastián Driussi,ARG,MF,Zenit,23,1996,4.0,0,11,1,9.1,2.73,0.25,0.0,0.0,22.5,1,0,0,0.5,0.5,0.04,-0.5,-0.5,Matches,UCL,19-20
ff0ab48c,176,Leo Dubois,FRA,DF,Lyon,24,1994,8.4,0,7,3,42.9,0.83,0.36,0.0,0.0,23.2,0,0,0,0.3,0.3,0.04,-0.3,-0.3,Matches,UCL,19-20
e0921a4f,177,Paulo Dybala,ARG,"FW,MF",Juventus,25,1993,3.5,3,13,5,38.5,3.76,1.45,0.23,0.6,17.3,2,0,0,1.5,1.5,0.11,1.5,1.5,Matches,UCL,19-20
448a3608,178,Artem Dzyuba,RUS,FW,Zenit,30,1988,6.0,2,7,3,42.9,1.17,0.5,0.29,0.67,14.4,0,0,0,0.9,0.9,0.12,1.1,1.1,Matches,UCL,19-20
f0fc9d0e,179,Éder,POR,FW,Loko Moscow,31,1987,3.8,0,3,1,33.3,0.79,0.26,0.0,0.0,23.0,0,0,0,0.1,0.1,0.04,-0.1,-0.1,Matches,UCL,19-20
3bb7b8b4,180,Ederson,BRA,GK,Manchester City,25,1993,7.5,0,0,0,,0.0,0.0,,,,0,0,0,0.0,0.0,,0.0,0.0,Matches,UCL,19-20
73d6a176,181,Jurgen Ekkelenkamp,NED,MF,Ajax,19,2000,0.0,0,0,0,,0.0,0.0,,,,0,0,0,0.0,0.0,,0.0,0.0,Matches,UCL,19-20
4f56170e,182,Omar Elabdellaoui,NOR,DF,Olympiacos,27,1991,5.1,0,3,1,33.3,0.58,0.19,0.0,0.0,18.8,0,0,0,0.1,0.1,0.04,-0.1,-0.1,Matches,UCL,19-20
cf007308,183,Elif Elmas,MKD,MF,Napoli,19,1999,1.2,0,0,0,,0.0,0.0,,,,0,0,0,0.0,0.0,,0.0,0.0,Matches,UCL,19-20
980522ec,184,Christian Eriksen,DEN,MF,Tottenham,27,1992,3.3,1,8,5,62.5,2.42,1.51,0.13,0.2,21.5,2,0,0,0.4,0.4,0.05,0.6,0.6,Matches,UCL,19-20
1c78737d,185,Aleksandr Erokhin,RUS,"MF,FW",Zenit,29,1989,1.8,0,1,0,0.0,0.54,0.0,0.0,,18.0,0,0,0,0.1,0.1,0.05,-0.1,-0.1,Matches,UCL,19-20
7ff93107,186,Sebastiano Esposito,ITA,"MF,FW",Inter,17,2002,0.6,0,0,0,,0.0,0.0,,,,0,0,0,0.0,0.0,,0.0,0.0,Matches,UCL,19-20
7f3b388c,187,Fabinho,BRA,MF,Liverpool,25,1993,5.4,0,6,2,33.3,1.12,0.37,0.0,0.0,24.2,0,0,0,0.2,0.2,0.03,-0.2,-0.2,Matches,UCL,19-20
8263d615,188,Malachi Fagan-Walcott,ENG,DF,Tottenham,17,2002,0.0,0,0,0,,0.0,0.0,,,,0,0,0,0.0,0.0,,0.0,0.0,Matches,UCL,19-20
66116290,189,Radamel Falcao,COL,"FW,MF",Galatasaray,33,1986,2.3,0,4,0,0.0,1.72,0.0,0.0,,16.7,1,0,0,0.2,0.2,0.05,-0.2,-0.2,Matches,UCL,19-20
810e40c1,190,Patrick Farkas,AUT,DF,RB Salzburg,26,1992,0.1,0,1,0,0.0,12.86,0.0,0.0,,23.9,0,0,0,0.0,0.0,0.02,0.0,0.0,Matches,UCL,19-20
0ba976e4,191,Ansu Fati,ESP,FW,Barcelona,16,2002,1.3,1,2,1,50.0,1.57,0.78,0.5,1.0,20.2,0,0,0,0.1,0.1,0.05,0.9,0.9,Matches,UCL,19-20
691f64f5,192,Sofiane Feghouli,ALG,"FW,MF",Galatasaray,29,1989,3.8,0,4,1,25.0,1.05,0.26,0.0,0.0,24.4,0,0,0,0.1,0.1,0.04,-0.1,-0.1,Matches,UCL,19-20
874d7a32,193,Ljubomir Fejsa,SRB,MF,Benfica,30,1988,1.7,0,0,0,,0.0,0.0,,,,0,0,0,0.0,0.0,,0.0,0.0,Matches,UCL,19-20
51a3c4c8,194,Felipe,BRA,DF,Atlético Madrid,30,1989,7.3,1,4,2,50.0,0.54,0.27,0.25,0.5,10.7,0,0,0,0.3,0.3,0.06,0.7,0.7,Matches,UCL,19-20
8aafd64f,195,João Félix,POR,"FW,MF",Atlético Madrid,19,1999,4.7,3,17,7,41.2,3.6,1.48,0.06,0.14,19.4,0,2,2,3.1,1.6,0.09,-0.1,-0.6,Matches,UCL,19-20
e2dde94c,196,Gedson Fernandes,POR,MF,Tottenham,20,1999,0.8,0,2,1,50.0,2.43,1.22,0.0,0.0,20.6,0,0,0,0.1,0.1,0.05,-0.1,-0.1,Matches,UCL,19-20
e2dde94c,197,Gedson Fernandes,POR,"MF,FW",Benfica,20,1999,1.5,0,4,0,0.0,2.67,0.0,0.0,,16.3,0,0,0,0.2,0.2,0.06,-0.2,-0.2,Matches,UCL,19-20
101da2b5,198,Fernandinho,BRA,DF,Manchester City,34,1985,7.3,0,2,0,0.0,0.28,0.0,0.0,,17.8,0,0,0,0.1,0.1,0.04,-0.1,-0.1,Matches,UCL,19-20
4c370d81,199,Roberto Firmino,BRA,"FW,MF",Liverpool,27,1991,7.0,1,14,4,28.6,2.01,0.57,0.07,0.25,12.5,0,0,0,1.8,1.8,0.13,-0.8,-0.8,Matches,UCL,19-20
24f59bb2,200,Junior Firpo,DOM,"DF,FW",Barcelona,22,1996,3.0,0,0,0,,0.0,0.0,,,,0,0,0,0.0,0.0,,0.0,0.0,Matches,UCL,19-20
e288d4b3,201,Alessandro Florenzi,ITA,MF,Valencia,28,1991,0.1,0,0,0,,0.0,0.0,,,,0,0,0,0.0,0.0,,0.0,0.0,Matches,UCL,19-20
ed1e53f3,202,Phil Foden,ENG,"MF,FW",Manchester City,19,2000,2.8,2,7,2,28.6,2.49,0.71,0.29,1.0,20.2,0,0,0,1.2,1.2,0.17,0.8,0.8,Matches,UCL,19-20
90f87966,203,José Fonte,POR,DF,Lille,35,1983,4.0,0,1,0,0.0,0.25,0.0,0.0,,6.1,0,0,0,0.1,0.1,0.05,-0.1,-0.1,Matches,UCL,19-20
9a2e0ccc,204,Emil Forsberg,SWE,"MF,FW",RB Leipzig,27,1991,5.8,4,18,9,50.0,3.1,1.55,0.11,0.22,24.3,0,2,2,2.9,1.3,0.07,1.1,0.7,Matches,UCL,19-20
6c7762c3,205,Juan Foyth,ARG,DF,Tottenham,21,1998,2.2,0,0,0,,0.0,0.0,,,,0,0,0,0.0,0.0,,0.0,0.0,Matches,UCL,19-20
98d2c2c4,206,Remo Freuler,SUI,MF,Atalanta,27,1992,7.4,1,5,2,40.0,0.67,0.27,0.2,0.5,22.6,0,0,0,0.2,0.2,0.04,0.8,0.8,Matches,UCL,19-20
ceb30355,207,Michal Frydrych,CZE,DF,Slavia Prague,29,1990,1.9,0,2,0,0.0,1.04,0.0,0.0,,7.5,0,0,0,0.3,0.3,0.14,-0.3,-0.3,Matches,UCL,19-20
0d10333c,208,Gabriel,BRA,MF,Benfica,25,1993,4.9,0,8,2,25.0,1.64,0.41,0.0,0.0,16.0,0,0,0,0.8,0.8,0.09,-0.8,-0.8,Matches,UCL,19-20
3b387cc7,209,Gianluca Gaetano,ITA,MF,Napoli,19,2000,0.2,0,0,0,,0.0,0.0,,,,0,0,0,0.0,0.0,,0.0,0.0,Matches,UCL,19-20
ce30bfc8,210,Roberto Gagliardini,ITA,MF,Inter,25,1994,2.4,0,0,0,,0.0,0.0,,,,0,0,0,0.0,0.0,,0.0,0.0,Matches,UCL,19-20
42276181,211,Kévin Gameiro,FRA,FW,Valencia,32,1987,3.5,2,9,4,44.4,2.54,1.13,0.22,0.5,13.0,0,0,0,1.6,1.6,0.17,0.4,0.4,Matches,UCL,19-20
72c812f3,212,Idrissa Gana Gueye,SEN,MF,Paris S-G,29,1989,6.3,0,3,0,0.0,0.48,0.0,0.0,,19.9,0,0,0,0.1,0.1,0.04,-0.1,-0.1,Matches,UCL,19-20
ac3fb1be,213,Ezequiel Garay,ARG,DF,Valencia,32,1986,4.0,0,0,0,,0.0,0.0,,,,0,0,0,0.0,0.0,,0.0,0.0,Matches,UCL,19-20
2bed3eab,214,Eric García,ESP,DF,Manchester City,18,2001,2.0,0,0,0,,0.0,0.0,,,,0,0,0,0.0,0.0,,0.0,0.0,Matches,UCL,19-20
62db2015,215,Mateo García,ARG,"FW,MF",Red Star,22,1996,5.4,0,3,1,33.3,0.55,0.18,0.0,0.0,17.7,0,0,0,0.2,0.2,0.06,-0.2,-0.2,Matches,UCL,19-20
aad9c3f3,216,Mario Gavranović,SUI,FW,Dinamo Zagreb,29,1989,0.9,0,1,0,0.0,1.07,0.0,0.0,,8.4,0,0,0,0.1,0.1,0.14,-0.1,-0.1,Matches,UCL,19-20
63d17038,217,Paulo Gazzaniga,ARG,GK,Tottenham,27,1992,4.0,0,0,0,,0.0,0.0,,,,0,0,0,0.0,0.0,,0.0,0.0,Matches,UCL,19-20
16ceb862,218,Olivier Giroud,FRA,FW,Chelsea,32,1986,1.0,0,4,2,50.0,4.09,2.05,0.0,0.0,11.5,0,0,0,0.9,0.9,0.21,-0.9,-0.9,Matches,UCL,19-20
88e357ef,219,Serge Gnabry,GER,FW,Bayern Munich,24,1995,8.5,9,27,16,59.3,3.19,1.89,0.33,0.56,16.5,0,0,0,3.7,3.7,0.14,5.3,5.3,Matches,UCL,19-20
50c1ff86,220,Marko Gobeljić,SRB,DF,Red Star,26,1992,5.5,0,4,1,25.0,0.73,0.18,0.0,0.0,21.4,0,0,0,0.1,0.1,0.04,-0.1,-0.1,Matches,UCL,19-20
fc4f85b1,221,Diego Godín,URU,DF,Inter,33,1986,5.0,0,1,0,0.0,0.2,0.0,0.0,,9.6,0,0,0,0.1,0.1,0.09,-0.1,-0.1,Matches,UCL,19-20
51ffa295,222,Amer Gojak,BIH,MF,Dinamo Zagreb,22,1997,1.9,0,0,0,,0.0,0.0,,,,0,0,0,0.0,0.0,,0.0,0.0,Matches,UCL,19-20
f0f7f62f,223,Pierluigi Gollini,ITA,GK,Atalanta,24,1995,7.0,0,0,0,,0.0,0.0,,,,0,0,0,0.0,0.0,,0.0,0.0,Matches,UCL,19-20
7a11550b,224,Joe Gomez,ENG,DF,Liverpool,22,1997,5.7,0,0,0,,0.0,0.0,,,,0,0,0,0.0,0.0,,0.0,0.0,Matches,UCL,19-20
4c2e9442,225,Maxi Gómez,URU,FW,Valencia,22,1996,4.7,0,6,3,50.0,1.29,0.64,0.0,0.0,13.4,0,0,0,1.2,1.2,0.2,-1.2,-1.2,Matches,UCL,19-20
6e4df551,226,Papu Gómez,ARG,"MF,FW",Atalanta,31,1988,7.9,1,16,7,43.8,2.03,0.89,0.06,0.14,19.6,2,0,0,1.5,1.5,0.09,-0.5,-0.5,Matches,UCL,19-20
cc86b9a3,227,Leon Goretzka,GER,MF,Bayern Munich,24,1995,5.8,1,21,5,23.8,3.63,0.87,0.05,0.2,20.1,0,0,0,1.6,1.6,0.08,-0.6,-0.6,Matches,UCL,19-20
2d970560,228,Robin Gosens,GER,DF,Atalanta,25,1994,7.3,1,8,1,12.5,1.1,0.14,0.13,1.0,11.9,0,0,0,0.8,0.8,0.1,0.2,0.2,Matches,UCL,19-20
9efa1d25,229,Mario Götze,GER,"FW,MF",Dortmund,27,1992,0.8,0,2,1,50.0,2.43,1.22,0.0,0.0,11.1,0,0,0,0.2,0.2,0.1,-0.2,-0.2,Matches,UCL,19-20
aad56ca3,230,Amine Gouiri,ALG,FW,Lyon,19,2000,0.1,0,0,0,,0.0,0.0,,,,0,0,0,0.0,0.0,,0.0,0.0,Matches,UCL,19-20
df69b544,231,Antoine Griezmann,FRA,"FW,MF",Barcelona,28,1991,7.3,2,10,5,50.0,1.38,0.69,0.2,0.4,16.0,0,0,0,1.6,1.6,0.16,0.4,0.4,Matches,UCL,19-20
b1f4086c,232,Álex Grimaldo,ESP,DF,Benfica,23,1995,6.0,0,9,4,44.4,1.5,0.67,0.0,0.0,29.5,3,0,0,0.3,0.3,0.04,-0.3,-0.3,Matches,UCL,19-20
e6bc67d7,233,Gonçalo Guedes,POR,"FW,MF",Valencia,22,1996,2.2,0,4,0,0.0,1.82,0.0,0.0,,18.9,0,0,0,0.4,0.4,0.1,-0.4,-0.4,Matches,UCL,19-20
048a1cbc,234,Raphaël Guerreiro,POR,"DF,MF",Dortmund,25,1993,6.1,0,4,1,25.0,0.65,0.16,0.0,0.0,19.8,0,0,0,0.2,0.2,0.04,-0.2,-0.2,Matches,UCL,19-20
8754c7ca,235,Guilherme,BRA,MF,Olympiacos,28,1991,5.0,1,11,3,27.3,2.2,0.6,0.09,0.33,23.0,0,0,0,0.5,0.5,0.05,0.5,0.5,Matches,UCL,19-20
82518f62,236,Bruno Guimarães,BRA,MF,Lyon,21,1997,3.3,0,2,1,50.0,0.61,0.31,0.0,0.0,31.5,0,0,0,0.1,0.1,0.03,-0.1,-0.1,Matches,UCL,19-20
bcb2ccd8,237,Péter Gulácsi,HUN,GK,RB Leipzig,29,1990,9.7,0,0,0,,0.0,0.0,,,,0,0,0,0.0,0.0,,0.0,0.0,Matches,UCL,19-20
819b3158,238,İlkay Gündoğan,GER,MF,Manchester City,28,1990,9.0,2,15,6,40.0,1.67,0.67,0.13,0.33,17.9,0,0,0,1.5,1.5,0.1,0.5,0.5,Matches,UCL,19-20
1f44ac21,239,Erling Haaland,NOR,FW,RB Salzburg,19,2000,4.1,8,15,9,60.0,3.62,2.17,0.4,0.67,14.0,0,2,2,6.2,4.7,0.31,1.8,1.3,Matches,UCL,19-20
1f44ac21,240,Erling Haaland,NOR,FW,Dortmund,19,2000,2.0,2,4,2,50.0,2.0,1.0,0.5,1.0,12.9,0,0,0,1.0,1.0,0.24,1.0,1.0,Matches,UCL,19-20
0127419a,241,Ianis Hagi,ROU,MF,Genk,20,1998,1.6,0,5,0,0.0,3.15,0.0,0.0,,20.2,1,0,0,0.3,0.3,0.05,-0.3,-0.3,Matches,UCL,19-20
92432bc6,242,Amadou Haidara,MLI,"MF,FW",RB Leipzig,21,1998,3.0,0,2,0,0.0,0.66,0.0,0.0,,22.5,0,0,0,0.1,0.1,0.05,-0.1,-0.1,Matches,UCL,19-20
55537f53,243,Izet Hajrović,BIH,MF,Dinamo Zagreb,27,1991,0.1,0,0,0,,0.0,0.0,,,,0,0,0,0.0,0.0,,0.0,0.0,Matches,UCL,19-20
e42d61c7,244,Achraf Hakimi,MAR,"MF,DF",Dortmund,20,1998,7.9,4,16,5,31.3,2.04,0.64,0.25,0.8,15.4,0,0,0,2.1,2.1,0.13,1.9,1.9,Matches,UCL,19-20
8ff2354e,245,Marcel Halstenberg,GER,DF,RB Leipzig,27,1991,5.7,0,4,1,25.0,0.7,0.17,0.0,0.0,15.9,0,0,0,0.4,0.4,0.1,-0.4,-0.4,Matches,UCL,19-20
74419746,246,Samir Handanović,SVN,GK,Inter,35,1984,6.0,0,0,0,,0.0,0.0,,,,0,0,0,0.0,0.0,,0.0,0.0,Matches,UCL,19-20
47327321,247,Taylor Harwood-Bellis,ENG,DF,Manchester City,17,2002,0.1,0,0,0,,0.0,0.0,,,,0,0,0,0.0,0.0,,0.0,0.0,Matches,UCL,19-20
3b333ac3,248,Hans Hateboer,NED,DF,Atalanta,25,1994,6.6,2,7,3,42.9,1.07,0.46,0.29,0.67,9.8,0,0,0,1.5,1.2,0.17,0.5,0.8,Matches,UCL,19-20
fed7cb61,249,Kai Havertz,GER,"MF,FW",Leverkusen,20,1999,4.8,0,6,1,16.7,1.25,0.21,0.0,0.0,11.0,0,0,0,1.2,1.2,0.21,-1.2,-1.2,Matches,UCL,19-20
a39bb753,250,Eden Hazard,BEL,FW,Real Madrid,28,1991,5.0,0,12,5,41.7,2.38,0.99,0.0,0.0,16.5,0,0,0,1.3,1.3,0.11,-1.3,-1.3,Matches,UCL,19-20
50871bcc,251,Thorgan Hazard,BEL,"FW,MF",Dortmund,26,1993,5.3,0,7,3,42.9,1.33,0.57,0.0,0.0,20.0,0,0,0,0.9,0.9,0.13,-0.9,-0.9,Matches,UCL,19-20
169fd162,252,Hwang Hee-chan,KOR,FW,RB Salzburg,23,1996,6.0,3,14,9,64.3,2.33,1.5,0.21,0.33,16.3,0,0,0,1.9,1.9,0.14,1.1,1.1,Matches,UCL,19-20
935e6b8f,253,Jordan Henderson,ENG,MF,Liverpool,29,1990,5.7,0,6,0,0.0,1.06,0.0,0.0,,25.7,0,0,0,0.2,0.2,0.04,-0.2,-0.2,Matches,UCL,19-20
555f3a0b,254,Mario Hermoso,ESP,DF,Atlético Madrid,24,1995,3.9,0,0,0,,0.0,0.0,,,,0,0,0,0.0,0.0,,0.0,0.0,Matches,UCL,19-20
c3ee18ef,255,Lucas Hernández,FRA,DF,Bayern Munich,23,1996,1.7,0,0,0,,0.0,0.0,,,,0,0,0,0.0,0.0,,0.0,0.0,Matches,UCL,19-20
436a9dd0,256,Ander Herrera,ESP,MF,Paris S-G,29,1989,3.6,0,2,0,0.0,0.56,0.0,0.0,,26.9,0,0,0,0.1,0.1,0.03,-0.1,-0.1,Matches,UCL,19-20
a8542814,257,Héctor Herrera,MEX,MF,Atlético Madrid,29,1990,2.9,1,3,1,33.3,1.02,0.34,0.33,1.0,16.0,0,0,0,0.2,0.2,0.05,0.8,0.8,Matches,UCL,19-20
92e7e919,258,Son Heung-min,KOR,FW,Tottenham,27,1992,4.1,5,18,10,55.6,4.44,2.47,0.28,0.5,14.2,0,0,0,4.2,4.2,0.26,0.8,0.8,Matches,UCL,19-20
360e3062,259,Bryan Heynen,BEL,"MF,FW",Genk,22,1997,2.9,0,4,2,50.0,1.36,0.68,0.0,0.0,15.8,0,0,0,0.2,0.2,0.06,-0.2,-0.2,Matches,UCL,19-20
8a08491a,260,Gonzalo Higuaín,ARG,FW,Juventus,31,1987,5.7,2,16,8,50.0,2.82,1.41,0.13,0.25,16.1,0,0,0,1.6,1.6,0.1,0.4,0.4,Matches,UCL,19-20
d72f8d9e,261,David Hovorka,CZE,DF,Slavia Prague,25,1993,3.0,0,1,0,0.0,0.33,0.0,0.0,,24.6,0,0,0,0.0,0.0,0.03,0.0,0.0,Matches,UCL,19-20
d5c04323,262,Benedikt Höwedes,GER,DF,Loko Moscow,31,1988,6.0,0,0,0,,0.0,0.0,,,,0,0,0,0.0,0.0,,0.0,0.0,Matches,UCL,19-20
ad3389d5,263,Lukáš Hrádecký,FIN,GK,Leverkusen,29,1989,6.0,0,0,0,,0.0,0.0,,,,0,0,0,0.0,0.0,,0.0,0.0,Matches,UCL,19-20
f2d063ec,264,Patrik Hrošovský,SVK,MF,Genk,27,1992,4.6,0,4,1,25.0,0.87,0.22,0.0,0.0,25.9,0,0,0,0.1,0.1,0.03,-0.1,-0.1,Matches,UCL,19-20
15f3ec41,265,Callum Hudson-Odoi,ENG,"FW,MF",Chelsea,18,2000,2.9,0,8,0,0.0,2.74,0.0,0.0,,21.1,0,0,0,0.3,0.3,0.04,-0.3,-0.3,Matches,UCL,19-20
05d548d8,266,Mats Hummels,GER,DF,Dortmund,30,1988,8.0,0,3,0,0.0,0.37,0.0,0.0,,9.7,0,0,0,0.8,0.8,0.26,-0.8,-0.8,Matches,UCL,19-20
5042e5c2,267,Klaas-Jan Huntelaar,NED,FW,Ajax,35,1983,0.4,0,1,0,0.0,2.43,0.0,0.0,,10.3,0,0,0,0.1,0.1,0.07,-0.1,-0.1,Matches,UCL,19-20
3d68d631,268,Josef Hušbauer,CZE,MF,Slavia Prague,29,1990,2.3,0,9,1,11.1,3.88,0.43,0.0,0.0,24.3,0,0,0,0.3,0.3,0.04,-0.3,-0.3,Matches,UCL,19-20
82efe6fa,269,Roger Ibanez,BRA,"DF,FW",Atalanta,20,1998,0.2,0,0,0,,0.0,0.0,,,,0,0,0,0.0,0.0,,0.0,0.0,Matches,UCL,19-20
43b78598,270,Mauro Icardi,ARG,FW,Paris S-G,26,1993,5.3,5,12,7,58.3,2.28,1.33,0.42,0.71,9.3,0,0,0,4.4,4.4,0.37,0.6,0.6,Matches,UCL,19-20
8387afe6,271,Brian Idowu,NGA,DF,Loko Moscow,27,1992,2.7,0,2,0,0.0,0.75,0.0,0.0,,23.8,0,0,0,0.1,0.1,0.05,-0.1,-0.1,Matches,UCL,19-20
5cb1d026,272,Vladislav Ignatyev,RUS,"DF,MF",Loko Moscow,32,1987,4.9,0,0,0,,0.0,0.0,,,,0,0,0,0.0,0.0,,0.0,0.0,Matches,UCL,19-20
42eaa028,273,Jonathan Ikone,FRA,"MF,FW",Lille,21,1998,2.7,1,6,4,66.7,2.26,1.51,0.17,0.25,16.2,0,0,0,1.2,1.2,0.2,-0.2,-0.2,Matches,UCL,19-20
68252d6d,274,Josip Iličić,SVN,"FW,MF",Atalanta,31,1988,5.7,5,12,6,50.0,2.1,1.05,0.25,0.5,22.4,0,2,3,3.6,1.2,0.1,1.4,1.8,Matches,UCL,19-20
54f2d108,275,Selçuk İnan,TUR,"MF,FW",Galatasaray,34,1985,0.7,0,0,0,,0.0,0.0,,,,0,0,0,0.0,0.0,,0.0,0.0,Matches,UCL,19-20
2f557579,276,Lorenzo Insigne,ITA,"MF,FW",Napoli,28,1991,3.9,2,17,4,23.5,4.38,1.03,0.06,0.25,17.9,0,1,1,2.4,1.6,0.09,-0.4,-0.6,Matches,UCL,19-20
a0b4bb3e,277,Isco,ESP,"MF,FW",Real Madrid,27,1992,3.0,1,8,4,50.0,2.67,1.33,0.13,0.25,12.6,0,0,0,1.4,1.4,0.18,-0.4,-0.4,Matches,UCL,19-20
cf182add,278,Ismaily,BRA,DF,Shakhtar,29,1990,6.0,0,3,0,0.0,0.5,0.0,0.0,,15.5,0,0,0,0.2,0.2,0.08,-0.2,-0.2,Matches,UCL,19-20
dbd3a428,279,Junya Ito,JPN,"MF,FW",Genk,26,1993,4.9,0,5,1,20.0,1.03,0.21,0.0,0.0,20.6,0,0,0,0.2,0.2,0.05,-0.2,-0.2,Matches,UCL,19-20
4c82730b,280,Mirko Ivanić,MNE,MF,Red Star,25,1993,1.2,0,2,1,50.0,1.71,0.86,0.0,0.0,32.4,0,0,0,0.1,0.1,0.04,-0.1,-0.1,Matches,UCL,19-20
85f8571a,281,Branislav Ivanović,SRB,DF,Zenit,35,1984,5.8,0,3,1,33.3,0.52,0.17,0.0,0.0,12.2,0,0,0,0.2,0.2,0.06,-0.2,-0.2,Matches,UCL,19-20
29fbdc88,282,Luka Ivanušec,CRO,"MF,DF",Dinamo Zagreb,20,1998,1.1,1,1,1,100.0,0.89,0.89,1.0,1.0,14.7,0,0,0,0.1,0.1,0.1,0.9,0.9,Matches,UCL,19-20
1265a93a,283,Reece James,ENG,DF,Chelsea,19,1999,4.2,1,6,2,33.3,1.41,0.47,0.17,0.5,22.5,0,0,0,0.5,0.5,0.08,0.5,0.5,Matches,UCL,19-20
ce9e8024,284,Jardel,BRA,DF,Benfica,33,1986,1.8,0,0,0,,0.0,0.0,,,,0,0,0,0.0,0.0,,0.0,0.0,Matches,UCL,19-20
f5dfc256,285,Léo Jardim,BRA,GK,Lille,24,1995,0.2,0,0,0,,0.0,0.0,,,,0,0,0,0.0,0.0,,0.0,0.0,Matches,UCL,19-20
b66315ae,286,Gabriel Jesus,BRA,"FW,MF",Manchester City,22,1997,6.5,6,24,10,41.7,3.67,1.53,0.25,0.6,13.2,0,0,1,6.1,5.3,0.22,-0.1,0.7,Matches,UCL,19-20
1bacc518,287,Frenkie de Jong,NED,MF,Barcelona,22,1997,8.3,0,1,1,100.0,0.12,0.12,0.0,0.0,11.4,0,0,0,0.1,0.1,0.06,-0.1,-0.1,Matches,UCL,19-20
cf2a6ace,288,Siem de Jong,NED,MF,Ajax,30,1989,0.1,0,0,0,,0.0,0.0,,,,0,0,0,0.0,0.0,,0.0,0.0,Matches,UCL,19-20
45db685d,289,Jorginho,ITA,MF,Chelsea,27,1991,6.8,2,4,0,0.0,0.59,0.0,0.0,,25.7,0,2,2,1.8,0.2,0.05,0.2,-0.2,Matches,UCL,19-20
8c5f1522,290,Jota,POR,FW,Benfica,20,1999,0.7,0,0,0,,0.0,0.0,,,,0,0,0,0.0,0.0,,0.0,0.0,Matches,UCL,19-20
4dbdf7f7,291,Dušan Jovančić,SRB,MF,Red Star,28,1990,2.0,0,3,1,33.3,1.53,0.51,0.0,0.0,17.3,0,0,0,0.2,0.2,0.06,-0.2,-0.2,Matches,UCL,19-20
4d8cd038,292,Luka Jović,SRB,FW,Real Madrid,21,1997,1.3,0,2,1,50.0,1.49,0.74,0.0,0.0,11.5,0,0,0,0.4,0.4,0.19,-0.4,-0.4,Matches,UCL,19-20
7111d552,293,Vinicius Júnior,BRA,FW,Real Madrid,19,2000,2.2,1,3,2,66.7,1.39,0.93,0.33,0.5,13.5,0,0,0,0.6,0.6,0.2,0.4,0.4,Matches,UCL,19-20
dba67bc4,294,Zlatko Junuzović,AUT,MF,RB Salzburg,31,1987,5.6,0,1,0,0.0,0.18,0.0,0.0,,21.2,0,0,0,0.1,0.1,0.05,-0.1,-0.1,Matches,UCL,19-20
bb6c6331,295,Damian Kądzior,POL,"MF,FW",Dinamo Zagreb,27,1992,0.7,0,0,0,,0.0,0.0,,,,0,0,0,0.0,0.0,,0.0,0.0,Matches,UCL,19-20
b825a650,296,Kevin Kampl,SVN,MF,RB Leipzig,28,1990,3.2,0,1,0,0.0,0.31,0.0,0.0,,29.6,0,0,0,0.0,0.0,0.03,0.0,0.0,Matches,UCL,19-20
21a66f6a,297,Harry Kane,ENG,FW,Tottenham,26,1993,5.0,6,21,7,33.3,4.2,1.4,0.19,0.57,15.2,2,2,2,4.7,3.1,0.15,1.3,0.9,Matches,UCL,19-20
8455ad90,298,Lee Kang-in,KOR,"MF,FW",Valencia,18,2001,1.4,0,3,1,33.3,2.13,0.71,0.0,0.0,22.5,0,0,0,0.1,0.1,0.03,-0.1,-0.1,Matches,UCL,19-20
b9fbae28,299,N'Golo Kanté,FRA,MF,Chelsea,28,1991,4.0,0,4,0,0.0,1.0,0.0,0.0,,20.1,0,0,0,0.2,0.2,0.05,-0.2,-0.2,Matches,UCL,19-20
b0b902c8,300,Vyacheslav Karavayev,RUS,DF,Zenit,24,1995,4.6,0,2,0,0.0,0.43,0.0,0.0,,21.9,0,0,0,0.1,0.1,0.05,-0.1,-0.1,Matches,UCL,19-20
51dbeea9,301,Thilo Kehrer,GER,DF,Paris S-G,22,1996,4.2,0,1,0,0.0,0.24,0.0,0.0,,27.6,0,0,0,0.0,0.0,0.03,0.0,0.0,Matches,UCL,19-20
f25c8e3a,302,Naby Keïta,GUI,"MF,FW",Liverpool,24,1995,2.8,1,9,3,33.3,3.24,1.08,0.11,0.33,16.3,0,0,0,1.3,1.3,0.15,-0.3,-0.3,Matches,UCL,19-20
2fabebc0,303,Mikhail Kerzhakov,RUS,GK,Zenit,32,1987,4.0,0,0,0,,0.0,0.0,,,,0,0,0,0.0,0.0,,0.0,0.0,Matches,UCL,19-20
38ac43d3,304,Sami Khedira,GER,MF,Juventus,32,1987,2.9,0,0,0,,0.0,0.0,,,,0,0,0,0.0,0.0,,0.0,0.0,Matches,UCL,19-20
49296448,305,Joshua Kimmich,GER,"DF,MF",Bayern Munich,24,1995,10.0,2,6,4,66.7,0.6,0.4,0.33,0.5,16.7,0,0,0,1.0,1.0,0.17,1.0,1.0,Matches,UCL,19-20
aef6e670,306,Presnel Kimpembe,FRA,DF,Paris S-G,23,1995,10.0,0,0,0,,0.0,0.0,,,,0,0,0,0.0,0.0,,0.0,0.0,Matches,UCL,19-20
8b8a56ce,307,Simon Kjær,DEN,DF,Atalanta,30,1989,1.0,0,1,0,0.0,1.0,0.0,0.0,,8.4,0,0,0,0.1,0.1,0.05,-0.1,-0.1,Matches,UCL,19-20
ca8033cb,308,Lukas Klostermann,GER,DF,RB Leipzig,23,1996,9.0,0,5,1,20.0,0.56,0.11,0.0,0.0,17.3,0,0,0,0.5,0.5,0.09,-0.5,-0.5,Matches,UCL,19-20
4e034598,309,Anton Kochenkov,KGZ,GK,Loko Moscow,32,1987,1.0,0,0,0,,0.0,0.0,,,,0,0,0,0.0,0.0,,0.0,0.0,Matches,UCL,19-20
6747869d,310,Sekou Koita,MLI,MF,RB Salzburg,19,1999,0.0,0,0,0,,0.0,0.0,,,,0,0,0,0.0,0.0,,0.0,0.0,Matches,UCL,19-20
55126f3b,311,Koke,ESP,MF,Atlético Madrid,27,1992,8.8,0,1,1,100.0,0.11,0.11,0.0,0.0,30.1,0,0,0,0.0,0.0,0.03,0.0,0.0,Matches,UCL,19-20
179d2851,312,Ondřej Kolář,CZE,GK,Slavia Prague,24,1994,6.0,0,0,0,,0.0,0.0,,,,0,0,0,0.0,0.0,,0.0,0.0,Matches,UCL,19-20
cc96d422,313,Aleksandr Kolomeytsev,RUS,MF,Loko Moscow,30,1989,0.2,0,0,0,,0.0,0.0,,,,0,0,0,0.0,0.0,,0.0,0.0,Matches,UCL,19-20
5ed9b537,314,Ibrahima Konaté,FRA,DF,RB Leipzig,20,1999,1.2,0,0,0,,0.0,0.0,,,,0,0,0,0.0,0.0,,0.0,0.0,Matches,UCL,19-20
cce181df,315,Geoffrey Kondogbia,CTA,"MF,DF",Valencia,26,1993,4.5,1,6,1,16.7,1.33,0.22,0.17,1.0,18.3,0,0,0,0.3,0.3,0.06,0.7,0.7,Matches,UCL,19-20
e6eadfb8,316,Youssouf Koné,MLI,DF,Lyon,24,1995,4.4,0,6,1,16.7,1.37,0.23,0.0,0.0,28.9,0,0,0,0.2,0.2,0.03,-0.2,-0.2,Matches,UCL,19-20
d9a5d930,317,Yevhen Konoplyanka,UKR,"FW,MF",Shakhtar,29,1989,2.0,1,3,2,66.7,1.51,1.01,0.33,0.5,14.0,0,0,0,0.5,0.5,0.17,0.5,0.5,Matches,UCL,19-20
1f3afdcb,318,Odilon Kossonou,CIV,DF,Club Brugge,18,2001,2.0,0,0,0,,0.0,0.0,,,,0,0,0,0.0,0.0,,0.0,0.0,Matches,UCL,19-20
da974c7b,319,Kalidou Koulibaly,SEN,DF,Napoli,28,1991,7.0,0,7,0,0.0,1.0,0.0,0.0,,12.1,0,0,0,0.4,0.4,0.06,-0.4,-0.4,Matches,UCL,19-20
79c0821a,320,Mateo Kovačić,CRO,MF,Chelsea,25,1994,6.8,1,6,3,50.0,0.89,0.44,0.17,0.33,21.4,0,0,0,0.5,0.5,0.09,0.5,0.5,Matches,UCL,19-20
9d60028d,321,Viktor Kovalenko,UKR,MF,Shakhtar,23,1996,3.7,0,3,1,33.3,0.8,0.27,0.0,0.0,20.1,1,0,0,0.2,0.2,0.06,-0.2,-0.2,Matches,UCL,19-20
39769cff,322,Rasmus Kristensen,DEN,DF,RB Salzburg,22,1997,5.9,0,1,0,0.0,0.17,0.0,0.0,,21.4,0,0,0,0.0,0.0,0.04,0.0,0.0,Matches,UCL,19-20
6ce1f46f,323,Toni Kroos,GER,MF,Real Madrid,29,1990,6.0,1,14,5,35.7,2.33,0.83,0.07,0.2,24.6,0,0,0,0.9,0.9,0.06,0.1,0.1,Matches,UCL,19-20
580d52dd,324,Grzegorz Krychowiak,POL,MF,Loko Moscow,29,1990,5.9,1,13,9,69.2,2.2,1.52,0.08,0.11,18.9,0,0,0,1.9,1.9,0.16,-0.9,-0.9,Matches,UCL,19-20
292a652a,325,Serhiy Kryvtsov,UKR,DF,Shakhtar,28,1991,6.0,0,0,0,,0.0,0.0,,,,0,0,0,0.0,0.0,,0.0,0.0,Matches,UCL,19-20
9d40ca9c,326,Ondřej Kúdela,CZE,DF,Slavia Prague,32,1987,6.0,0,4,0,0.0,0.67,0.0,0.0,,16.8,0,0,0,0.9,0.9,0.22,-0.9,-0.9,Matches,UCL,19-20
c01f247a,327,Daniil Kulikov,RUS,MF,Loko Moscow,21,1998,0.3,0,1,1,100.0,3.46,3.46,0.0,0.0,8.2,0,0,0,0.0,0.0,0.05,0.0,0.0,Matches,UCL,19-20
41e7ef1c,328,Layvin Kurzawa,FRA,DF,Paris S-G,26,1992,2.3,0,1,0,0.0,0.44,0.0,0.0,,7.0,0,0,0,0.1,0.1,0.11,-0.1,-0.1,Matches,UCL,19-20
d4e93bab,329,Daler Kuzyaev,RUS,MF,Zenit,26,1993,1.5,0,2,0,0.0,1.3,0.0,0.0,,15.3,0,0,0,0.1,0.1,0.05,-0.1,-0.1,Matches,UCL,19-20
19e4dca5,330,Saba Kvirkvelia,GEO,DF,Loko Moscow,27,1992,1.0,0,0,0,,0.0,0.0,,,,0,0,0,0.0,0.0,,0.0,0.0,Matches,UCL,19-20
1931bde9,331,Rajiv van La Parra,NED,FW,Red Star,28,1991,3.9,0,5,3,60.0,1.27,0.76,0.0,0.0,15.5,0,0,0,0.3,0.3,0.05,-0.3,-0.3,Matches,UCL,19-20
ebc56869,332,Zakaria Labyad,MAR,FW,Ajax,26,1993,0.5,0,0,0,,0.0,0.0,,,,0,0,0,0.0,0.0,,0.0,0.0,Matches,UCL,19-20
c1b7847c,333,Konrad Laimer,AUT,"MF,DF",RB Leipzig,22,1997,7.9,1,8,3,37.5,1.01,0.38,0.13,0.33,18.6,0,0,0,1.3,1.3,0.16,-0.3,-0.3,Matches,UCL,19-20
abe66106,334,Érik Lamela,ARG,"MF,FW",Tottenham,27,1992,2.6,1,9,4,44.4,3.49,1.55,0.11,0.25,17.9,1,0,0,1.5,1.5,0.17,-0.5,-0.5,Matches,UCL,19-20
8e034340,335,Noa Lang,NED,FW,Ajax,20,1999,1.4,0,2,0,0.0,1.4,0.0,0.0,,9.6,0,0,0,0.2,0.2,0.1,-0.2,-0.2,Matches,UCL,19-20
119b9a8e,336,Aymeric Laporte,ESP,DF,Manchester City,25,1994,2.4,0,0,0,,0.0,0.0,,,,0,0,0,0.0,0.0,,0.0,0.0,Matches,UCL,19-20
016ff750,337,Valentino Lazaro,AUT,"DF,FW",Inter,23,1996,1.2,0,0,0,,0.0,0.0,,,,0,0,0,0.0,0.0,,0.0,0.0,Matches,UCL,19-20
4dbd0916,338,Thomas Lemar,FRA,MF,Atlético Madrid,23,1995,2.6,0,6,3,50.0,2.34,1.17,0.0,0.0,24.8,1,0,0,0.3,0.3,0.04,-0.3,-0.3,Matches,UCL,19-20
2b471f99,339,Mario Lemina,GAB,MF,Galatasaray,25,1993,3.7,0,7,1,14.3,1.91,0.27,0.0,0.0,22.8,0,0,0,0.6,0.6,0.09,-0.6,-0.6,Matches,UCL,19-20
4f28a6ff,340,Clément Lenglet,FRA,DF,Barcelona,24,1995,8.0,1,3,1,33.3,0.37,0.12,0.33,1.0,10.6,0,0,0,0.4,0.4,0.15,0.6,0.6,Matches,UCL,19-20
2ba38347,341,Marin Leovac,CRO,"DF,MF",Dinamo Zagreb,30,1988,5.0,1,5,2,40.0,1.0,0.4,0.2,0.5,18.4,0,0,0,1.0,1.0,0.2,0.0,0.0,Matches,UCL,19-20
8d78e732,342,Robert Lewandowski,POL,FW,Bayern Munich,30,1988,9.8,15,50,29,58.0,5.08,2.95,0.26,0.45,13.4,2,2,2,14.5,12.9,0.26,0.5,0.1,Matches,UCL,19-20
d6e53a3a,343,Matthijs de Ligt,NED,DF,Juventus,19,1999,6.0,0,2,0,0.0,0.33,0.0,0.0,,18.5,0,0,0,0.1,0.1,0.05,-0.1,-0.1,Matches,UCL,19-20
58f077c0,344,Dominik Livaković,CRO,GK,Dinamo Zagreb,24,1995,6.0,0,0,0,,0.0,0.0,,,,0,0,0,0.0,0.0,,0.0,0.0,Matches,UCL,19-20
82dbf623,345,Fernando Llorente,ESP,FW,Napoli,34,1985,1.0,1,3,1,33.3,2.93,0.98,0.33,1.0,10.4,0,0,0,0.6,0.6,0.21,0.4,0.4,Matches,UCL,19-20
02c15616,346,Marcos Llorente,ESP,"MF,FW",Atlético Madrid,24,1995,2.3,2,3,2,66.7,1.29,0.86,0.67,1.0,24.7,0,0,0,0.2,0.2,0.05,1.8,1.8,Matches,UCL,19-20
8f62b6ee,347,Hugo Lloris,FRA,GK,Tottenham,32,1986,4.0,0,0,0,,0.0,0.0,,,,0,0,0,0.0,0.0,,0.0,0.0,Matches,UCL,19-20
d7553721,348,Giovani Lo Celso,ARG,"MF,FW",Tottenham,23,1996,3.7,1,8,4,50.0,2.18,1.09,0.13,0.25,21.0,2,0,0,0.5,0.5,0.07,0.5,0.5,Matches,UCL,19-20
e1cbb531,349,Stanislav Lobotka,SVK,MF,Napoli,24,1994,0.5,0,0,0,,0.0,0.0,,,,0,0,0,0.0,0.0,,0.0,0.0,Matches,UCL,19-20
ed9f7cfe,350,Renan Lodi,BRA,DF,Atlético Madrid,21,1998,8.4,0,7,4,57.1,0.83,0.47,0.0,0.0,17.8,0,0,0,0.5,0.5,0.07,-0.5,-0.5,Matches,UCL,19-20
7c104bb7,351,Ademola Lookman,NGA,FW,RB Leipzig,21,1997,0.8,0,0,0,,0.0,0.0,,,,0,0,0,0.0,0.0,,0.0,0.0,Matches,UCL,19-20
f00de885,352,Anthony Lopes,POR,GK,Lyon,28,1990,10.0,0,0,0,,0.0,0.0,,,,0,0,0,0.0,0.0,,0.0,0.0,Matches,UCL,19-20
c27ae377,353,Maximiliano Lovera,ARG,"FW,MF",Olympiacos,20,1999,1.1,0,2,0,0.0,1.76,0.0,0.0,,27.3,0,0,0,0.1,0.1,0.04,-0.1,-0.1,Matches,UCL,19-20
1a2935f6,354,Dejan Lovren,CRO,DF,Liverpool,30,1989,2.6,1,2,1,50.0,0.78,0.39,0.5,1.0,11.7,0,0,0,0.1,0.1,0.05,0.9,0.9,Matches,UCL,19-20
a69e4806,355,Hirving Lozano,MEX,"FW,MF",Napoli,24,1995,4.6,1,12,3,25.0,2.62,0.66,0.08,0.33,18.0,0,0,0,0.8,0.8,0.07,0.2,0.2,Matches,UCL,19-20
ca5828af,356,Caio Lucas Fernandes,BRA,"MF,FW",Benfica,25,1994,0.4,0,2,1,50.0,5.29,2.65,0.0,0.0,21.3,0,0,0,0.1,0.1,0.04,-0.1,-0.1,Matches,UCL,19-20
a99138af,357,Jean Lucas,BRA,MF,Lyon,21,1998,0.0,0,1,0,0.0,22.5,0.0,0.0,,14.2,0,0,0,0.5,0.5,0.47,-0.5,-0.5,Matches,UCL,19-20
80490d7f,358,Jhon Lucumí,COL,DF,Genk,21,1998,6.0,1,2,1,50.0,0.33,0.17,0.5,1.0,11.9,0,0,0,0.1,0.1,0.06,0.9,0.9,Matches,UCL,19-20
881cd6be,359,Florentino Luís,POR,MF,Benfica,19,1999,2.0,0,0,0,,0.0,0.0,,,,0,0,0,0.0,0.0,,0.0,0.0,Matches,UCL,19-20
b05e2dbd,360,José Luis Gayà,ESP,DF,Valencia,24,1995,6.0,0,7,2,28.6,1.17,0.33,0.0,0.0,12.0,0,0,0,0.9,0.9,0.13,-0.9,-0.9,Matches,UCL,19-20
921f6058,361,José Luis Palomino,ARG,DF,Atalanta,29,1990,6.3,0,1,1,100.0,0.16,0.16,0.0,0.0,9.6,0,0,0,0.1,0.1,0.07,-0.1,-0.1,Matches,UCL,19-20
5eae500a,362,Romelu Lukaku,BEL,FW,Inter,26,1993,4.5,2,9,4,44.4,2.01,0.89,0.22,0.5,11.3,0,0,0,2.6,2.6,0.29,-0.6,-0.6,Matches,UCL,19-20
8a6ab963,363,Andrey Lunyov,RUS,GK,Zenit,27,1991,2.0,0,0,0,,0.0,0.0,,,,0,0,0,0.0,0.0,,0.0,0.0,Matches,UCL,19-20
997fff07,364,Sebastiano Luperto,ITA,DF,Napoli,22,1996,1.5,0,0,0,,0.0,0.0,,,,0,0,0,0.0,0.0,,0.0,0.0,Matches,UCL,19-20
d8feae4a,365,Christian Luyindama,COD,DF,Galatasaray,25,1994,4.0,0,1,0,0.0,0.25,0.0,0.0,,10.7,0,0,0,0.1,0.1,0.06,-0.1,-0.1,Matches,UCL,19-20
67ac5bb8,366,Gabriel Magalhães,BRA,DF,Lille,21,1997,6.0,0,3,1,33.3,0.5,0.17,0.0,0.0,21.5,0,0,0,0.1,0.1,0.05,-0.1,-0.1,Matches,UCL,19-20
b088363d,367,Stanislav Magkeev,RUS,DF,Loko Moscow,20,1999,0.2,0,0,0,,0.0,0.0,,,,0,0,0,0.0,0.0,,0.0,0.0,Matches,UCL,19-20
892d5bb1,368,Riyad Mahrez,ALG,"FW,MF",Manchester City,28,1991,6.4,1,13,8,61.5,2.05,1.26,0.08,0.13,15.8,1,0,0,2.3,2.3,0.18,-1.3,-1.3,Matches,UCL,19-20
91e58f66,369,Thiago Maia,BRA,FW,Lille,22,1997,0.7,0,1,0,0.0,1.38,0.0,0.0,,18.4,0,0,0,0.0,0.0,0.04,0.0,0.0,Matches,UCL,19-20
fcb38f57,370,Mike Maignan,FRA,GK,Lille,24,1995,5.8,0,0,0,,0.0,0.0,,,,0,0,0,0.0,0.0,,0.0,0.0,Matches,UCL,19-20
fc46aab1,371,Lovro Majer,CRO,MF,Dinamo Zagreb,21,1998,0.1,0,0,0,,0.0,0.0,,,,0,0,0,0.0,0.0,,0.0,0.0,Matches,UCL,19-20
73fc8cc3,372,Róbert Mak,SVK,MF,Zenit,28,1991,0.1,0,2,1,50.0,18.0,9.0,0.0,0.0,14.0,0,0,0,0.1,0.1,0.06,-0.1,-0.1,Matches,UCL,19-20
16b9d5cf,373,Nikola Maksimović,SRB,DF,Napoli,27,1991,3.0,0,3,0,0.0,1.0,0.0,0.0,,12.6,0,0,0,0.1,0.1,0.04,-0.1,-0.1,Matches,UCL,19-20
d6a889ea,374,Kévin Malcuit,MAR,DF,Napoli,28,1991,1.6,0,1,0,0.0,0.61,0.0,0.0,,28.3,0,0,0,0.0,0.0,0.03,0.0,0.0,Matches,UCL,19-20
48d5bd33,375,Ruslan Malinovskyi,UKR,MF,Atalanta,26,1993,2.9,1,5,2,40.0,1.72,0.69,0.0,0.0,31.5,1,1,1,1.0,0.2,0.04,0.0,-0.2,Matches,UCL,19-20
c20bdcd7,376,Reinildo Mandava,MOZ,DF,Lille,25,1994,2.0,0,0,0,,0.0,0.0,,,,0,0,0,0.0,0.0,,0.0,0.0,Matches,UCL,19-20
c691bfe2,377,Sadio Mané,SEN,FW,Liverpool,27,1992,7.0,2,18,8,44.4,2.57,1.14,0.11,0.25,13.8,0,0,0,3.1,3.1,0.17,-1.1,-1.1,Matches,UCL,19-20
f520049f,378,Eliaquim Mangala,FRA,DF,Valencia,28,1991,1.0,0,0,0,,0.0,0.0,,,,0,0,0,0.0,0.0,,0.0,0.0,Matches,UCL,19-20
c707411f,379,Kostas Manolas,GRE,DF,Napoli,28,1991,6.0,0,4,0,0.0,0.67,0.0,0.0,,12.0,0,0,0,0.3,0.3,0.06,-0.3,-0.3,Matches,UCL,19-20
9ae9eaea,380,Fernando Marçal,BRA,DF,Lyon,30,1989,5.6,0,4,2,50.0,0.71,0.36,0.0,0.0,28.5,0,0,0,0.1,0.1,0.02,-0.1,-0.1,Matches,UCL,19-20
133faa84,381,Marcão,BRA,DF,Galatasaray,23,1996,6.0,0,0,0,,0.0,0.0,,,,0,0,0,0.0,0.0,,0.0,0.0,Matches,UCL,19-20
603116a7,382,Marcelo,BRA,DF,Real Madrid,31,1988,3.0,0,8,3,37.5,2.71,1.02,0.0,0.0,22.1,0,0,0,0.3,0.3,0.04,-0.3,-0.3,Matches,UCL,19-20
e3d0b0c4,383,Marcelo,BRA,DF,Lyon,32,1987,8.1,0,6,2,33.3,0.74,0.25,0.0,0.0,10.4,0,0,0,0.3,0.3,0.05,-0.3,-0.3,Matches,UCL,19-20
f0da930c,384,José María Giménez,URU,DF,Atlético Madrid,24,1995,3.3,0,7,1,14.3,2.11,0.3,0.0,0.0,10.3,0,0,0,0.7,0.7,0.1,-0.7,-0.7,Matches,UCL,19-20
e26f559f,385,Mariano,BRA,DF,Galatasaray,33,1986,6.0,0,1,0,0.0,0.17,0.0,0.0,,27.5,0,0,0,0.0,0.0,0.03,0.0,0.0,Matches,UCL,19-20
a022e78c,386,Marko Marin,GER,"MF,FW",Red Star,30,1989,6.0,0,9,2,22.2,1.5,0.33,0.0,0.0,22.6,2,0,0,0.5,0.5,0.05,-0.5,-0.5,Matches,UCL,19-20
a3b0ed18,387,Guilherme Marinato,RUS,GK,Loko Moscow,33,1985,5.0,0,0,0,,0.0,0.0,,,,0,0,0,0.0,0.0,,0.0,0.0,Matches,UCL,19-20
f0021247,388,João Mário,POR,"MF,FW",Loko Moscow,26,1993,3.9,0,7,2,28.6,1.78,0.51,0.0,0.0,21.8,1,0,0,0.6,0.6,0.09,-0.6,-0.6,Matches,UCL,19-20
9139bb12,389,Marlos,UKR,"FW,MF",Shakhtar,31,1988,4.1,0,5,2,40.0,1.22,0.49,0.0,0.0,27.2,2,0,0,0.2,0.2,0.04,-0.2,-0.2,Matches,UCL,19-20
d5f2f82b,390,Marquinhos,BRA,"MF,DF",Paris S-G,25,1994,10.8,2,7,3,42.9,0.65,0.28,0.29,0.67,13.8,0,0,0,1.6,1.6,0.24,0.4,0.4,Matches,UCL,19-20
7f97771d,391,Javi Martínez,ESP,"DF,MF",Bayern Munich,30,1988,3.8,0,4,0,0.0,1.05,0.0,0.0,,9.1,0,0,0,0.3,0.3,0.08,-0.3,-0.3,Matches,UCL,19-20
f7036e1c,392,Lautaro Martínez,ARG,FW,Inter,21,1997,5.8,5,24,12,50.0,4.15,2.08,0.21,0.42,16.4,0,0,1,3.6,2.8,0.12,1.4,2.2,Matches,UCL,19-20
bac46a10,393,Lisandro Martínez,ARG,"MF,DF",Ajax,21,1998,6.0,0,7,3,42.9,1.17,0.5,0.0,0.0,24.4,0,0,0,0.3,0.3,0.04,-0.3,-0.3,Matches,UCL,19-20
e0314d87,394,Andrea Masiello,ITA,DF,Atalanta,33,1986,2.4,0,0,0,,0.0,0.0,,,,0,0,0,0.0,0.0,,0.0,0.0,Matches,UCL,19-20
4adc7b42,395,Lukáš Masopust,CZE,FW,Slavia Prague,26,1993,5.2,0,10,7,70.0,1.91,1.34,0.0,0.0,18.2,0,0,0,1.2,1.2,0.12,-1.2,-1.2,Matches,UCL,19-20
9d689a5b,396,Giorgos Masouras,GRE,"FW,MF",Olympiacos,25,1994,4.7,0,10,2,20.0,2.13,0.43,0.0,0.0,15.6,0,0,0,0.9,0.9,0.09,-0.9,-0.9,Matches,UCL,19-20
55abe554,397,Clinton Mata,ANG,DF,Club Brugge,26,1992,4.0,0,0,0,,0.0,0.0,,,,0,0,0,0.0,0.0,,0.0,0.0,Matches,UCL,19-20
b217ef29,398,Joël Matip,CMR,DF,Liverpool,27,1991,1.0,0,0,0,,0.0,0.0,,,,0,0,0,0.0,0.0,,0.0,0.0,Matches,UCL,19-20
c0cddebe,399,Blaise Matuidi,FRA,MF,Juventus,32,1987,3.8,1,5,1,20.0,1.32,0.26,0.2,1.0,17.4,0,0,0,0.7,0.7,0.14,0.3,0.3,Matches,UCL,19-20
1adcf39e,400,Mykola Matviyenko,UKR,DF,Shakhtar,23,1996,5.9,0,2,2,100.0,0.34,0.34,0.0,0.0,17.8,0,0,0,0.6,0.6,0.29,-0.6,-0.6,Matches,UCL,19-20
0e6bc38c,401,Eric Maxim Choupo-Moting,CMR,FW,Paris S-G,30,1989,1.4,1,5,1,20.0,3.46,0.69,0.2,1.0,14.6,0,0,0,0.9,0.9,0.18,0.1,0.1,Matches,UCL,19-20
b74277a0,402,Noussair Mazraoui,MAR,"DF,MF",Ajax,21,1997,2.5,0,2,1,50.0,0.8,0.4,0.0,0.0,20.7,0,0,0,0.1,0.1,0.04,-0.1,-0.1,Matches,UCL,19-20
42fd9c7f,403,Kylian Mbappé,FRA,FW,Paris S-G,20,1998,7.3,5,30,18,60.0,4.13,2.48,0.17,0.28,11.9,1,0,0,8.2,8.2,0.27,-3.2,-3.2,Matches,UCL,19-20
0a6dbbf7,404,Brandon Mechele,BEL,DF,Club Brugge,26,1993,5.0,0,2,0,0.0,0.4,0.0,0.0,,8.1,0,0,0,0.1,0.1,0.07,-0.1,-0.1,Matches,UCL,19-20
48b3dd60,405,Arthur Melo,BRA,MF,Barcelona,22,1996,3.3,0,2,0,0.0,0.6,0.0,0.0,,20.2,0,0,0,0.1,0.1,0.07,-0.1,-0.1,Matches,UCL,19-20
8f696594,406,Memphis,NED,"FW,MF",Lyon,25,1994,6.6,6,19,10,52.6,2.9,1.53,0.21,0.4,21.0,2,2,2,4.6,3.0,0.16,1.4,1.0,Matches,UCL,19-20
c6e5d20f,407,Thiago Mendes,BRA,MF,Lyon,27,1992,5.1,0,5,1,20.0,0.97,0.19,0.0,0.0,28.8,0,0,0,0.1,0.1,0.03,-0.1,-0.1,Matches,UCL,19-20
5271c8f1,408,Benjamin Mendy,FRA,DF,Manchester City,25,1994,4.9,0,3,0,0.0,0.62,0.0,0.0,,24.3,0,0,0,0.1,0.1,0.03,-0.1,-0.1,Matches,UCL,19-20
3cefcaef,409,Ferland Mendy,FRA,DF,Real Madrid,24,1995,4.5,0,1,0,0.0,0.22,0.0,0.0,,10.8,0,0,0,0.1,0.1,0.07,-0.1,-0.1,Matches,UCL,19-20
9413b19f,410,Alex Meret,ITA,GK,Napoli,22,1997,6.0,0,0,0,,0.0,0.0,,,,0,0,0,0.0,0.0,,0.0,0.0,Matches,UCL,19-20
3640af28,411,Yassine Meriah,TUN,DF,Olympiacos,26,1993,6.0,0,3,1,33.3,0.5,0.17,0.0,0.0,27.4,0,0,0,0.5,0.5,0.16,-0.5,-0.5,Matches,UCL,19-20
89b2c8a9,412,Dries Mertens,BEL,FW,Napoli,32,1987,6.5,6,19,9,47.4,2.93,1.39,0.21,0.44,20.6,0,2,2,3.7,2.2,0.11,2.3,1.8,Matches,UCL,19-20
d70ce98e,413,Lionel Messi,ARG,FW,Barcelona,32,1987,7.4,3,31,15,48.4,4.21,2.04,0.1,0.2,17.7,7,0,0,4.6,4.6,0.15,-1.6,-1.6,Matches,UCL,19-20
e162b013,414,Thomas Meunier,BEL,DF,Paris S-G,27,1991,5.0,1,4,1,25.0,0.8,0.2,0.25,1.0,21.6,0,0,0,0.7,0.7,0.17,0.3,0.3,Matches,UCL,19-20
d436eb94,415,Simon Mignolet,BEL,GK,Club Brugge,31,1988,6.0,0,0,0,,0.0,0.0,,,,0,0,0,0.0,0.0,,0.0,0.0,Matches,UCL,19-20
85613cf0,416,Arkadiusz Milik,POL,FW,Napoli,25,1994,2.4,3,11,2,18.2,4.6,0.84,0.18,1.0,10.0,0,1,1,4.1,3.3,0.35,-1.1,-1.3,Matches,UCL,19-20
2784f898,417,Éder Militão,BRA,DF,Real Madrid,21,1998,3.0,0,1,0,0.0,0.33,0.0,0.0,,10.9,0,0,0,0.1,0.1,0.05,-0.1,-0.1,Matches,UCL,19-20
2f90f6b8,418,James Milner,ENG,"MF,DF",Liverpool,33,1986,4.6,0,4,2,50.0,0.86,0.43,0.0,0.0,21.7,0,0,0,0.2,0.2,0.05,-0.2,-0.2,Matches,UCL,19-20
746b64a7,419,Nemanja Milunović,SRB,DF,Red Star,30,1989,6.0,1,3,1,33.3,0.5,0.17,0.33,1.0,11.6,0,0,0,0.4,0.4,0.13,0.6,0.6,Matches,UCL,19-20
f833a830,420,Takumi Minamino,JPN,MF,RB Salzburg,24,1995,5.6,2,17,5,29.4,3.01,0.89,0.12,0.4,15.7,0,0,0,1.3,1.3,0.08,0.7,0.7,Matches,UCL,19-20
f833a830,421,Takumi Minamino,JPN,MF,Liverpool,24,1995,0.1,0,0,0,,0.0,0.0,,,,0,0,0,0.0,0.0,,0.0,0.0,Matches,UCL,19-20
a9aa0d1d,422,Aleksei Miranchuk,RUS,"FW,MF",Loko Moscow,23,1995,4.0,2,8,5,62.5,2.0,1.25,0.25,0.4,13.2,0,0,0,1.9,1.9,0.26,0.1,0.1,Matches,UCL,19-20
807e869a,423,Anton Miranchuk,RUS,MF,Loko Moscow,23,1995,1.0,0,4,1,25.0,4.0,1.0,0.0,0.0,13.7,0,0,0,0.6,0.6,0.16,-0.6,-0.6,Matches,UCL,19-20
a8741470,424,Matej Mitrović,CRO,DF,Club Brugge,25,1993,1.0,0,1,0,0.0,1.0,0.0,0.0,,7.7,0,0,0,0.1,0.1,0.11,-0.1,-0.1,Matches,UCL,19-20
6025fab1,425,Luka Modrić,CRO,MF,Real Madrid,33,1985,4.3,1,6,1,16.7,1.38,0.23,0.17,1.0,18.5,0,0,0,0.3,0.3,0.06,0.7,0.7,Matches,UCL,19-20
8ac501f5,426,Monchu,ESP,MF,Barcelona,19,1999,0.1,0,0,0,,0.0,0.0,,,,0,0,0,0.0,0.0,,0.0,0.0,Matches,UCL,19-20
0c3f7197,427,Emre Mor,TUR,"FW,MF",Galatasaray,22,1997,1.2,0,1,0,0.0,0.82,0.0,0.0,,14.0,0,0,0,0.1,0.1,0.09,-0.1,-0.1,Matches,UCL,19-20
c43e5e7e,428,Júnior Moraes,UKR,FW,Shakhtar,32,1987,5.8,2,14,6,42.9,2.4,1.03,0.14,0.33,14.1,0,0,0,2.4,2.4,0.17,-0.4,-0.4,Matches,UCL,19-20
129af0db,429,Álvaro Morata,ESP,FW,Atlético Madrid,26,1992,5.4,3,13,7,53.8,2.4,1.29,0.23,0.43,12.2,0,0,0,2.8,2.8,0.22,0.2,0.2,Matches,UCL,19-20
ff579c7e,430,Nikola Moro,CRO,MF,Dinamo Zagreb,21,1998,4.6,0,3,2,66.7,0.65,0.43,0.0,0.0,27.5,0,0,0,0.1,0.1,0.03,-0.1,-0.1,Matches,UCL,19-20
6ca88b2a,431,François Moubandje,SUI,DF,Dinamo Zagreb,29,1990,1.0,0,0,0,,0.0,0.0,,,,0,0,0,0.0,0.0,,0.0,0.0,Matches,UCL,19-20
9674002f,432,Mason Mount,ENG,MF,Chelsea,20,1999,5.0,0,12,4,33.3,2.4,0.8,0.0,0.0,17.2,0,0,0,0.9,0.9,0.08,-0.9,-0.9,Matches,UCL,19-20
2b622f01,433,Lucas Moura,BRA,"FW,MF",Tottenham,26,1992,4.4,1,7,2,28.6,1.58,0.45,0.14,0.5,15.4,0,0,0,0.8,0.8,0.11,0.2,0.2,Matches,UCL,19-20
ac73ec79,434,Nordi Mukiele,FRA,DF,RB Leipzig,21,1997,7.8,0,10,1,10.0,1.29,0.13,0.0,0.0,20.6,0,0,0,0.4,0.4,0.04,-0.4,-0.4,Matches,UCL,19-20
3c6089ab,435,Thomas Müller,GER,"MF,FW",Bayern Munich,29,1989,7.9,4,20,9,45.0,2.53,1.14,0.2,0.44,15.1,0,0,0,3.2,3.2,0.16,0.8,0.8,Matches,UCL,19-20
04989945,436,Simone Muratore,ITA,MF,Juventus,21,1998,0.0,0,0,0,,0.0,0.0,,,,0,0,0,0.0,0.0,,0.0,0.0,Matches,UCL,19-20
eb2fe5b6,437,Luis Muriel,COL,FW,Atalanta,28,1991,2.4,1,13,6,46.2,5.32,2.45,0.0,0.0,24.4,3,1,1,1.4,0.6,0.05,-0.4,-0.6,Matches,UCL,19-20
a2abe631,438,Fernando Muslera,URU,GK,Galatasaray,33,1986,6.0,0,0,0,,0.0,0.0,,,,0,0,0,0.0,0.0,,0.0,0.0,Matches,UCL,19-20
dc29b608,439,Yvon Mvogo,SUI,GK,RB Leipzig,25,1994,0.3,0,0,0,,0.0,0.0,,,,0,0,0,0.0,0.0,,0.0,0.0,Matches,UCL,19-20
1d5cab82,440,Enock Mwepu,ZAM,MF,RB Salzburg,21,1998,4.5,0,5,2,40.0,1.12,0.45,0.0,0.0,28.2,0,0,0,0.2,0.2,0.03,-0.2,-0.2,Matches,UCL,19-20
c459a650,441,Joakim Mæhle,DEN,DF,Genk,22,1997,6.0,0,3,0,0.0,0.5,0.0,0.0,,25.9,0,0,0,0.1,0.1,0.04,-0.1,-0.1,Matches,UCL,19-20
2946f9a1,442,Nacho,ESP,DF,Real Madrid,29,1990,0.5,0,0,0,,0.0,0.0,,,,0,0,0,0.0,0.0,,0.0,0.0,Matches,UCL,19-20
4b6960d2,443,Yuto Nagatomo,JPN,DF,Galatasaray,32,1986,5.8,0,2,0,0.0,0.34,0.0,0.0,,29.9,0,0,0,0.1,0.1,0.03,-0.1,-0.1,Matches,UCL,19-20
ecada4fc,444,Keylor Navas,CRC,GK,Paris S-G,32,1986,8.9,0,0,0,,0.0,0.0,,,,0,0,0,0.0,0.0,,0.0,0.0,Matches,UCL,19-20
5cdddffa,445,Tanguy Ndombele,FRA,MF,Tottenham,22,1996,3.8,0,4,3,75.0,1.06,0.8,0.0,0.0,23.5,0,0,0,0.2,0.2,0.04,-0.2,-0.2,Matches,UCL,19-20
199cd404,446,Dieumerci Ndongala,COD,"MF,FW",Genk,28,1991,1.3,0,2,0,0.0,1.51,0.0,0.0,,21.6,0,0,0,0.1,0.1,0.04,-0.1,-0.1,Matches,UCL,19-20
4f1e6a0b,447,David Neres,BRA,FW,Ajax,22,1997,2.0,0,2,1,50.0,1.0,0.5,0.0,0.0,13.0,0,0,0,0.2,0.2,0.08,-0.2,-0.2,Matches,UCL,19-20
a9dc785c,448,Neto,BRA,GK,Barcelona,30,1989,1.0,0,0,0,,0.0,0.0,,,,0,0,0,0.0,0.0,,0.0,0.0,Matches,UCL,19-20
8778c910,449,Manuel Neuer,GER,GK,Bayern Munich,33,1986,11.0,0,0,0,,0.0,0.0,,,,0,0,0,0.0,0.0,,0.0,0.0,Matches,UCL,19-20
69384e5d,450,Neymar,BRA,"MF,FW",Paris S-G,27,1992,6.5,3,24,7,29.2,3.69,1.08,0.13,0.43,17.8,5,0,0,4.3,4.3,0.18,-1.3,-1.3,Matches,UCL,19-20
5853ac44,451,Tanguy Nianzou,FRA,MF,Paris S-G,17,2002,0.8,0,0,0,,0.0,0.0,,,,0,0,0,0.0,0.0,,0.0,0.0,Matches,UCL,19-20
c14bc029,452,Saúl Ñíguez,ESP,"MF,DF",Atlético Madrid,24,1994,9.3,1,16,5,31.3,1.71,0.54,0.06,0.2,22.9,0,0,0,1.3,1.3,0.08,-0.3,-0.3,Matches,UCL,19-20
7c56da38,453,Christopher Nkunku,FRA,"FW,MF",RB Leipzig,21,1997,5.7,0,9,3,33.3,1.59,0.53,0.0,0.0,17.1,1,0,0,0.8,0.8,0.08,-0.8,-0.8,Matches,UCL,19-20
b3e4a674,454,Casper de Norre,BEL,DF,Genk,22,1997,2.8,0,1,0,0.0,0.35,0.0,0.0,,13.2,0,0,0,0.0,0.0,0.04,0.0,0.0,Matches,UCL,19-20
c7526c18,455,Steven Nzonzi,FRA,"MF,DF",Galatasaray,30,1988,4.3,0,3,0,0.0,0.7,0.0,0.0,,12.4,0,0,0,0.2,0.2,0.06,-0.2,-0.2,Matches,UCL,19-20
ee8508c0,456,Jan Oblak,SVN,GK,Atlético Madrid,26,1993,9.3,0,0,0,,0.0,0.0,,,,0,0,0,0.0,0.0,,0.0,0.0,Matches,UCL,19-20
6a479195,457,Stephen Odey,NGA,FW,Genk,21,1998,0.1,1,1,1,100.0,9.0,9.0,1.0,1.0,8.8,0,0,0,0.5,0.5,0.49,0.5,0.5,Matches,UCL,19-20
1d1691ad,458,Álvaro Odriozola,ESP,DF,Bayern Munich,23,1995,0.2,0,0,0,,0.0,0.0,,,,0,0,0,0.0,0.0,,0.0,0.0,Matches,UCL,19-20
1d1691ad,459,Álvaro Odriozola,ESP,DF,Real Madrid,23,1995,1.0,0,0,0,,0.0,0.0,,,,0,0,0,0.0,0.0,,0.0,0.0,Matches,UCL,19-20
d125f22f,460,David Okereke,NGA,FW,Club Brugge,21,1997,1.9,0,11,2,18.2,5.72,1.04,0.0,0.0,13.1,0,0,0,1.4,1.4,0.12,-1.4,-1.4,Matches,UCL,19-20
63b9cc6d,461,Masaya Okugawa,JPN,"MF,FW",RB Salzburg,23,1996,0.8,0,1,1,100.0,1.18,1.18,0.0,0.0,22.4,0,0,0,0.0,0.0,0.04,0.0,0.0,Matches,UCL,19-20
beec76cc,462,Peter Olayinka,NGA,"FW,MF",Slavia Prague,23,1995,5.9,1,7,5,71.4,1.18,0.84,0.14,0.2,13.1,0,0,0,1.1,1.1,0.15,-0.1,-0.1,Matches,UCL,19-20
f5ba8903,463,Marco Olivieri,ITA,FW,Juventus,20,1999,0.1,0,0,0,,0.0,0.0,,,,0,0,0,0.0,0.0,,0.0,0.0,Matches,UCL,19-20
ae44e8e2,464,Dani Olmo,ESP,MF,RB Leipzig,21,1998,1.4,1,2,1,50.0,1.42,0.71,0.5,1.0,18.5,0,0,0,0.3,0.3,0.14,0.7,0.7,Matches,UCL,19-20
ae44e8e2,465,Dani Olmo,ESP,"MF,FW",Dinamo Zagreb,21,1998,6.0,2,13,3,23.1,2.17,0.5,0.15,0.67,17.2,0,0,0,1.3,1.3,0.1,0.7,0.7,Matches,UCL,19-20
e9c0c1b2,466,André Onana,CMR,GK,Ajax,23,1996,6.0,0,0,0,,0.0,0.0,,,,0,0,0,0.0,0.0,,0.0,0.0,Matches,UCL,19-20
e81f0356,467,Jérôme Onguéné,CMR,DF,RB Salzburg,21,1997,4.0,0,3,1,33.3,0.75,0.25,0.0,0.0,13.6,0,0,0,0.4,0.4,0.12,-0.4,-0.4,Matches,UCL,19-20
c06d1086,468,Paul Onuachu,NGA,FW,Genk,25,1994,2.4,0,8,3,37.5,3.36,1.26,0.0,0.0,11.7,0,0,0,2.3,2.3,0.28,-2.3,-2.3,Matches,UCL,19-20
8652a85c,469,Loïs Openda,BEL,FW,Club Brugge,19,2000,1.5,0,2,1,50.0,1.3,0.65,0.0,0.0,11.0,0,0,0,0.2,0.2,0.09,-0.2,-0.2,Matches,UCL,19-20
20030c06,470,Willi Orban,HUN,DF,RB Leipzig,26,1992,3.1,0,1,0,0.0,0.32,0.0,0.0,,9.6,0,0,0,0.1,0.1,0.06,-0.1,-0.1,Matches,UCL,19-20
43a166b4,471,Divock Origi,BEL,FW,Liverpool,24,1995,2.1,0,5,1,20.0,2.37,0.47,0.0,0.0,20.6,0,0,0,0.4,0.4,0.09,-0.4,-0.4,Matches,UCL,19-20
ee950928,472,Mislav Oršić,CRO,"FW,MF",Dinamo Zagreb,26,1992,5.2,4,16,5,31.3,3.06,0.96,0.19,0.6,19.6,3,1,1,3.0,2.2,0.14,1.0,0.8,Matches,UCL,19-20
8c90fd7a,473,Victor Osimhen,NGA,FW,Lille,20,1998,5.0,2,15,3,20.0,3.0,0.6,0.13,0.67,12.9,0,0,0,2.6,2.6,0.17,-0.6,-0.6,Matches,UCL,19-20
4d17df3e,474,Yordan Osorio,VEN,DF,Zenit,25,1994,3.6,0,3,1,33.3,0.83,0.28,0.0,0.0,12.6,0,0,0,0.6,0.6,0.18,-0.6,-0.6,Matches,UCL,19-20
82b1198a,475,David Ospina,COL,GK,Napoli,30,1988,2.0,0,0,0,,0.0,0.0,,,,0,0,0,0.0,0.0,,0.0,0.0,Matches,UCL,19-20
0d267745,476,Nicolás Otamendi,ARG,DF,Manchester City,31,1988,6.2,0,5,1,20.0,0.81,0.16,0.0,0.0,16.2,0,0,0,0.4,0.4,0.07,-0.4,-0.4,Matches,UCL,19-20
38c7feef,477,Alex Oxlade-Chamberlain,ENG,"MF,FW",Liverpool,25,1993,3.1,3,13,6,46.2,4.16,1.92,0.23,0.5,21.4,0,0,0,0.6,0.6,0.05,2.4,2.4,Matches,UCL,19-20
952e0df2,478,Şener Özbayraklı,TUR,"MF,DF",Galatasaray,29,1990,0.2,0,0,0,,0.0,0.0,,,,0,0,0,0.0,0.0,,0.0,0.0,Matches,UCL,19-20
3ef0af0d,479,Magomed Ozdoyev,RUS,MF,Zenit,26,1992,5.1,1,4,3,75.0,0.78,0.58,0.25,0.33,16.4,0,0,0,0.4,0.4,0.1,0.6,0.6,Matches,UCL,19-20
88062e83,480,Joseph Paintsil,GHA,"MF,FW",Genk,21,1998,1.7,0,4,1,25.0,2.31,0.58,0.0,0.0,21.9,0,0,0,0.4,0.4,0.09,-0.4,-0.4,Matches,UCL,19-20
e0bc6fdc,481,Emerson Palmieri,ITA,DF,Chelsea,24,1994,2.2,0,3,3,100.0,1.36,1.36,0.0,0.0,18.8,0,0,0,0.2,0.2,0.05,-0.2,-0.2,Matches,UCL,19-20
1e8dbb59,482,Radovan Pankov,SRB,DF,Red Star,23,1995,0.2,0,0,0,,0.0,0.0,,,,0,0,0,0.0,0.0,,0.0,0.0,Matches,UCL,19-20
dff153a4,483,Leandro Paredes,ARG,MF,Paris S-G,25,1994,4.1,0,2,2,100.0,0.49,0.49,0.0,0.0,32.2,0,0,0,0.1,0.1,0.03,-0.1,-0.1,Matches,UCL,19-20
7460ca0d,484,Daniel Parejo,ESP,MF,Valencia,30,1989,8.0,1,7,3,42.9,0.87,0.37,0.0,0.0,28.8,3,1,3,2.7,0.4,0.05,-1.7,-0.4,Matches,UCL,19-20
529f49ab,485,Thomas Partey,GHA,MF,Atlético Madrid,26,1993,8.2,1,15,2,13.3,1.84,0.24,0.07,0.5,30.0,1,0,0,1.3,1.3,0.08,-0.3,-0.3,Matches,UCL,19-20
e599253a,486,Mario Pašalić,CRO,"MF,FW",Atalanta,24,1995,7.7,3,16,5,31.3,2.09,0.65,0.19,0.6,10.6,0,0,0,3.4,3.4,0.21,-0.4,-0.4,Matches,UCL,19-20
00672021,487,Alan Patrick,BRA,MF,Shakhtar,28,1991,5.5,1,7,3,42.9,1.28,0.55,0.14,0.33,22.1,0,0,0,0.8,0.8,0.11,0.2,0.2,Matches,UCL,19-20
53070b63,488,Paulinho,BRA,"FW,MF",Leverkusen,19,2000,0.4,0,2,0,0.0,4.74,0.0,0.0,,19.4,0,0,0,0.2,0.2,0.1,-0.2,-0.2,Matches,UCL,19-20
b7ca5c51,489,Gabriel Paulista,BRA,DF,Valencia,28,1990,6.0,0,4,0,0.0,0.67,0.0,0.0,,13.8,0,0,0,0.2,0.2,0.04,-0.2,-0.2,Matches,UCL,19-20
45a03961,490,Benjamin Pavard,FRA,DF,Bayern Munich,23,1996,7.1,0,7,1,14.3,0.99,0.14,0.0,0.0,18.4,0,0,0,0.4,0.4,0.05,-0.4,-0.4,Matches,UCL,19-20
eed332df,491,Milan Pavkov,SRB,FW,Red Star,25,1994,2.1,0,4,2,50.0,1.91,0.96,0.0,0.0,20.9,0,0,0,0.5,0.5,0.12,-0.5,-0.5,Matches,UCL,19-20
3ca7254a,492,Pedro,ESP,"MF,DF",Chelsea,32,1987,1.1,0,3,0,0.0,2.73,0.0,0.0,,23.1,0,0,0,0.1,0.1,0.03,-0.1,-0.1,Matches,UCL,19-20
a8f21b9f,493,Carles Pérez,ESP,FW,Barcelona,21,1998,0.9,1,4,2,50.0,4.29,2.14,0.25,0.5,15.9,0,0,0,0.6,0.6,0.16,0.4,0.4,Matches,UCL,19-20
121101a4,494,Dino Perić,CRO,DF,Dinamo Zagreb,25,1994,5.0,0,0,0,,0.0,0.0,,,,0,0,0,0.0,0.0,,0.0,0.0,Matches,UCL,19-20
6fe90922,495,Ivan Perišić,CRO,FW,Bayern Munich,30,1989,4.7,3,17,7,41.2,3.62,1.49,0.18,0.43,15.0,0,0,0,2.4,2.4,0.14,0.6,0.6,Matches,UCL,19-20
24228180,496,Bruno Petković,CRO,FW,Dinamo Zagreb,24,1994,5.1,1,4,3,75.0,0.78,0.58,0.25,0.33,12.4,0,0,0,1.0,1.0,0.26,0.0,0.0,Matches,UCL,19-20
0cb29e91,497,Njegoš Petrović,SRB,MF,Red Star,20,1999,3.4,0,1,0,0.0,0.3,0.0,0.0,,34.1,0,0,0,0.0,0.0,0.02,0.0,0.0,Matches,UCL,19-20
a634b9d2,498,Jérémy Pied,FRA,DF,Lille,30,1989,1.0,0,1,0,0.0,1.0,0.0,0.0,,34.0,0,0,0,0.0,0.0,0.02,0.0,0.0,Matches,UCL,19-20
adfc9123,499,Gerard Piqué,ESP,DF,Barcelona,32,1987,7.0,0,3,2,66.7,0.43,0.29,0.0,0.0,7.5,0,0,0,0.2,0.2,0.08,-0.2,-0.2,Matches,UCL,19-20
fe2db476,500,Łukasz Piszczek,POL,DF,Dortmund,34,1985,4.0,0,0,0,,0.0,0.0,,,,0,0,0,0.0,0.0,,0.0,0.0,Matches,UCL,19-20
96094cbc,501,Pizzi,POR,"MF,FW",Benfica,29,1989,4.5,3,9,5,55.6,2.01,1.12,0.22,0.4,24.9,1,1,1,1.2,0.4,0.05,1.8,1.6,Matches,UCL,19-20
ad6df2d5,502,Miralem Pjanić,BIH,MF,Juventus,29,1990,7.3,0,9,1,11.1,1.23,0.14,0.0,0.0,26.7,2,0,0,0.4,0.4,0.04,-0.4,-0.4,Matches,UCL,19-20
7fcc71d8,503,Daniel Podence,POR,"FW,MF",Olympiacos,23,1995,5.1,1,11,7,63.6,2.17,1.38,0.09,0.14,14.5,0,0,0,1.2,1.2,0.11,-0.2,-0.2,Matches,UCL,19-20
5e861944,504,Matteo Politano,ITA,"FW,MF",Napoli,25,1993,0.4,0,2,0,0.0,4.74,0.0,0.0,,17.8,0,0,0,0.1,0.1,0.05,-0.1,-0.1,Matches,UCL,19-20
5e861944,505,Matteo Politano,ITA,"FW,DF",Inter,25,1993,0.7,0,3,0,0.0,4.15,0.0,0.0,,19.1,0,0,0,0.2,0.2,0.06,-0.2,-0.2,Matches,UCL,19-20
2a6cd437,506,Marin Pongračić,CRO,DF,RB Salzburg,21,1997,0.5,0,0,0,,0.0,0.0,,,,0,0,0,0.0,0.0,,0.0,0.0,Matches,UCL,19-20
d2416c2e,507,Yussuf Poulsen,DEN,"FW,MF",RB Leipzig,25,1994,6.4,0,10,0,0.0,1.56,0.0,0.0,,16.8,0,0,0,0.9,0.9,0.09,-0.9,-0.9,Matches,UCL,19-20
b182a240,508,Quincy Promes,NED,"FW,MF",Ajax,27,1992,4.7,4,14,6,42.9,2.98,1.28,0.29,0.67,14.9,2,0,0,2.7,2.7,0.19,1.3,1.3,Matches,UCL,19-20
8f21b7bd,509,Lukáš Provod,CZE,"FW,MF",Slavia Prague,22,1996,0.2,0,0,0,,0.0,0.0,,,,0,0,0,0.0,0.0,,0.0,0.0,Matches,UCL,19-20
1bf33a9a,510,Christian Pulisic,USA,"FW,MF",Chelsea,20,1998,3.0,1,7,2,28.6,2.37,0.68,0.14,0.5,16.4,0,0,0,1.0,1.0,0.14,0.0,0.0,Matches,UCL,19-20
34c3b935,511,Andriy Pyatov,UKR,GK,Shakhtar,35,1984,6.0,0,0,0,,0.0,0.0,,,,0,0,0,0.0,0.0,,0.0,0.0,Matches,UCL,19-20
8794e251,512,Adrien Rabiot,FRA,MF,Juventus,24,1995,4.1,0,2,1,50.0,0.49,0.25,0.0,0.0,17.8,0,0,0,0.1,0.1,0.04,-0.1,-0.1,Matches,UCL,19-20
9a1f2e1c,513,Rafael,BRA,DF,Lyon,29,1990,0.8,0,0,0,,0.0,0.0,,,,0,0,0,0.0,0.0,,0.0,0.0,Matches,UCL,19-20
89f951b5,514,Ivan Rakitić,CRO,MF,Barcelona,31,1988,3.8,0,9,0,0.0,2.35,0.0,0.0,,24.6,0,0,0,0.4,0.4,0.05,-0.4,-0.4,Matches,UCL,19-20
47fd5136,515,Yaroslav Rakitskiy,UKR,DF,Zenit,29,1989,5.0,1,2,1,50.0,0.4,0.2,0.5,1.0,26.2,0,0,0,0.1,0.1,0.03,0.9,0.9,Matches,UCL,19-20
7483d9f9,516,André Ramalho,BRA,DF,RB Salzburg,27,1992,2.0,0,2,1,50.0,1.0,0.5,0.0,0.0,14.3,0,0,0,0.1,0.1,0.04,-0.1,-0.1,Matches,UCL,19-20
08511d65,517,Sergio Ramos,ESP,DF,Real Madrid,33,1986,4.9,2,6,2,33.3,1.21,0.4,0.17,0.5,12.2,0,1,1,1.6,0.8,0.14,0.4,0.2,Matches,UCL,19-20
ef619b0b,518,Aaron Ramsey,WAL,MF,Juventus,28,1990,2.2,1,3,1,33.3,1.34,0.45,0.33,1.0,11.9,0,0,0,1.1,1.1,0.36,-0.1,-0.1,Matches,UCL,19-20
1dbfae2d,519,Lazar Ranđelović,SRB,FW,Olympiacos,21,1997,1.0,0,1,0,0.0,1.02,0.0,0.0,,13.3,0,0,0,0.1,0.1,0.07,-0.1,-0.1,Matches,UCL,19-20
d504b3e1,520,Jeff Reine-Adélaïde,FRA,"MF,FW",Lyon,21,1998,3.6,0,5,0,0.0,1.37,0.0,0.0,,21.9,0,0,0,0.2,0.2,0.05,-0.2,-0.2,Matches,UCL,19-20
4b3c863f,521,Francisco Reis Ferreira,POR,DF,Benfica,22,1997,4.2,0,1,0,0.0,0.24,0.0,0.0,,11.7,0,0,0,0.0,0.0,0.04,0.0,0.0,Matches,UCL,19-20
5c2da10f,522,Loïc Rémy,FRA,FW,Lille,32,1987,2.3,1,9,3,33.3,3.88,1.29,0.11,0.33,19.3,1,0,0,0.9,0.9,0.1,0.1,0.1,Matches,UCL,19-20
4bd00a50,523,Panagiotis Retsos,GRE,DF,Leverkusen,20,1998,1.1,0,0,0,,0.0,0.0,,,,0,0,0,0.0,0.0,,0.0,0.0,Matches,UCL,19-20
36a3ff67,524,Marco Reus,GER,"FW,MF",Dortmund,30,1989,4.0,0,9,5,55.6,2.25,1.25,0.0,0.0,14.3,0,0,1,3.4,2.6,0.33,-3.4,-2.6,Matches,UCL,19-20
7fa4e703,525,Gio Reyna,USA,"FW,MF",Dortmund,16,2002,0.5,0,1,0,0.0,2.09,0.0,0.0,,23.8,0,0,0,0.0,0.0,0.03,0.0,0.0,Matches,UCL,19-20
44865466,526,Jander Ribeiro Santana,BRA,DF,Red Star,31,1988,1.6,0,2,0,0.0,1.25,0.0,0.0,,23.5,0,0,0,0.1,0.1,0.04,-0.1,-0.1,Matches,UCL,19-20
54f5ce34,527,Federico Ricca,URU,"DF,FW",Club Brugge,24,1994,3.0,0,1,0,0.0,0.33,0.0,0.0,,16.3,0,0,0,0.1,0.1,0.09,-0.1,-0.1,Matches,UCL,19-20
5f0241b2,528,Sergio Rico,ESP,GK,Paris S-G,25,1993,2.1,0,0,0,,0.0,0.0,,,,0,0,0,0.0,0.0,,0.0,0.0,Matches,UCL,19-20
733e7ad8,529,Mats Rits,BEL,MF,Club Brugge,26,1993,4.4,0,3,0,0.0,0.68,0.0,0.0,,22.0,0,0,0,0.1,0.1,0.05,-0.1,-0.1,Matches,UCL,19-20
335fa267,530,Sergi Roberto,ESP,"DF,MF",Barcelona,27,1992,4.6,0,1,1,100.0,0.22,0.22,0.0,0.0,10.1,0,0,0,0.5,0.5,0.49,-0.5,-0.5,Matches,UCL,19-20
2e4f5f03,531,Andrew Robertson,SCO,DF,Liverpool,25,1994,7.2,1,9,2,22.2,1.25,0.28,0.11,0.5,17.2,0,0,0,1.6,1.6,0.18,-0.6,-0.6,Matches,UCL,19-20
4dedd469,532,Milan Rodić,SRB,DF,Red Star,28,1991,4.9,0,2,0,0.0,0.41,0.0,0.0,,13.9,0,0,0,0.1,0.1,0.05,-0.1,-0.1,Matches,UCL,19-20
6434f10d,533,Rodri,ESP,MF,Manchester City,23,1996,6.9,0,8,3,37.5,1.16,0.44,0.0,0.0,18.5,0,0,0,0.6,0.6,0.08,-0.6,-0.6,Matches,UCL,19-20
1fb1c435,534,Rodrigo,ESP,FW,Valencia,28,1991,5.8,2,22,6,27.3,3.76,1.03,0.09,0.33,20.2,0,0,0,3.8,3.8,0.18,-1.8,-1.8,Matches,UCL,19-20
715bf047,535,James Rodríguez,COL,MF,Real Madrid,28,1991,0.9,0,1,0,0.0,1.11,0.0,0.0,,21.1,0,0,0,0.1,0.1,0.05,-0.1,-0.1,Matches,UCL,19-20
8f5e92a6,536,Rodrygo,BRA,FW,Real Madrid,18,2001,3.7,4,8,5,62.5,2.18,1.36,0.5,0.8,12.7,0,0,0,1.4,1.4,0.18,2.6,2.6,Matches,UCL,19-20
dea698d9,537,Cristiano Ronaldo,POR,FW,Juventus,34,1985,7.9,4,39,14,35.9,4.94,1.77,0.08,0.21,20.4,9,1,1,4.4,3.6,0.09,-0.4,-0.6,Matches,UCL,19-20
2a1beb34,538,Marten de Roon,NED,"MF,DF",Atalanta,28,1991,8.5,0,6,0,0.0,0.71,0.0,0.0,,24.7,0,0,0,0.2,0.2,0.04,-0.2,-0.2,Matches,UCL,19-20
89d10e53,539,Danny Rose,ENG,DF,Tottenham,29,1990,4.0,0,0,0,,0.0,0.0,,,,0,0,0,0.0,0.0,,0.0,0.0,Matches,UCL,19-20
18b896d6,540,Antonio Rüdiger,GER,DF,Chelsea,26,1993,2.0,0,0,0,,0.0,0.0,,,,0,0,0,0.0,0.0,,0.0,0.0,Matches,UCL,19-20
14b8fcdf,541,Daniele Rugani,ITA,DF,Juventus,25,1994,2.0,0,0,0,,0.0,0.0,,,,0,0,0,0.0,0.0,,0.0,0.0,Matches,UCL,19-20
0b5a292a,542,Mário Rui,POR,DF,Napoli,28,1991,5.9,0,2,0,0.0,0.34,0.0,0.0,,58.6,0,0,0,0.0,0.0,0.01,0.0,0.0,Matches,UCL,19-20
c0c7ff58,543,Fabián Ruiz Peña,ESP,MF,Napoli,23,1996,7.9,0,10,3,30.0,1.27,0.38,0.0,0.0,23.7,0,0,0,0.5,0.5,0.05,-0.5,-0.5,Matches,UCL,19-20
86dd16a8,544,Maciej Rybus,POL,DF,Loko Moscow,29,1989,5.0,0,2,1,50.0,0.4,0.2,0.0,0.0,32.8,0,0,0,0.0,0.0,0.02,0.0,0.0,Matches,UCL,19-20
903b6e8b,545,José Sá,POR,GK,Olympiacos,26,1993,6.0,0,0,0,,0.0,0.0,,,,0,0,0,0.0,0.0,,0.0,0.0,Matches,UCL,19-20
e280527c,546,Marcel Sabitzer,AUT,"MF,FW",RB Leipzig,25,1994,8.9,4,22,9,40.9,2.46,1.01,0.18,0.44,22.0,2,0,0,1.5,1.5,0.07,2.5,2.5,Matches,UCL,19-20
e342ad68,547,Mohamed Salah,EGY,FW,Liverpool,27,1992,8.1,4,36,11,30.6,4.44,1.36,0.11,0.36,16.1,2,0,0,5.2,5.2,0.14,-1.2,-1.2,Matches,UCL,19-20
5af687a1,548,Andreas Samaris,GRE,MF,Benfica,30,1989,0.1,0,1,0,0.0,9.0,0.0,0.0,,22.6,1,0,0,0.1,0.1,0.09,-0.1,-0.1,Matches,UCL,19-20
dae8623e,549,Mbwana Samatta,TAN,FW,Genk,26,1992,5.7,3,11,5,45.5,1.93,0.88,0.27,0.6,16.4,0,0,0,1.8,1.8,0.16,1.2,1.2,Matches,UCL,19-20
032f894e,550,Renato Sanches,POR,"MF,FW",Lille,21,1997,1.4,0,0,0,,0.0,0.0,,,,0,0,0,0.0,0.0,,0.0,0.0,Matches,UCL,19-20
2c0f8e9e,551,Alexis Sánchez,CHI,FW,Inter,30,1988,0.7,0,1,0,0.0,1.38,0.0,0.0,,9.2,0,0,0,0.3,0.3,0.33,-0.3,-0.3,Matches,UCL,19-20
da7b447d,552,Davinson Sánchez,COL,DF,Tottenham,23,1996,5.0,0,1,0,0.0,0.2,0.0,0.0,,9.0,0,0,0,0.3,0.3,0.33,-0.3,-0.3,Matches,UCL,19-20
dbf053da,553,Jadon Sancho,ENG,"FW,MF",Dortmund,19,2000,7.2,2,18,9,50.0,2.52,1.26,0.11,0.22,17.4,1,0,0,1.6,1.6,0.09,0.4,0.4,Matches,UCL,19-20
0d82903c,554,Alex Sandro,BRA,DF,Juventus,28,1991,6.0,0,6,1,16.7,1.0,0.17,0.0,0.0,21.2,0,0,0,0.2,0.2,0.04,-0.2,-0.2,Matches,UCL,19-20
c50e5bba,555,Douglas Santos,BRA,"DF,MF",Zenit,25,1994,5.6,0,3,2,66.7,0.53,0.36,0.0,0.0,22.1,0,0,0,0.1,0.1,0.03,-0.1,-0.1,Matches,UCL,19-20
9744ff80,556,Pablo Sarabia,ESP,"FW,MF",Paris S-G,27,1992,4.5,2,9,6,66.7,2.0,1.33,0.22,0.33,18.2,0,0,0,0.8,0.8,0.09,1.2,1.2,Matches,UCL,19-20
1c96ad85,557,Marcelo Saracchi,URU,DF,RB Leipzig,21,1998,1.8,0,0,0,,0.0,0.0,,,,0,0,0,0.0,0.0,,0.0,0.0,Matches,UCL,19-20
f6ac68c1,558,Stefan Savić,MNE,DF,Atlético Madrid,28,1991,4.3,1,4,2,50.0,0.92,0.46,0.25,0.5,10.3,0,0,0,1.0,1.0,0.26,0.0,0.0,Matches,UCL,19-20
5d4f7d61,559,Patrik Schick,CZE,FW,RB Leipzig,23,1996,2.7,0,11,2,18.2,4.12,0.75,0.0,0.0,14.1,0,0,0,1.7,1.7,0.15,-1.7,-1.7,Matches,UCL,19-20
89565ac5,560,Marcel Schmelzer,GER,FW,Dortmund,31,1988,0.0,0,0,0,,0.0,0.0,,,,0,0,0,0.0,0.0,,0.0,0.0,Matches,UCL,19-20
746fec7d,561,Siebe Schrijvers,BEL,"MF,FW",Club Brugge,23,1996,0.9,0,2,0,0.0,2.25,0.0,0.0,,15.4,0,0,0,0.3,0.3,0.15,-0.3,-0.3,Matches,UCL,19-20
fa274d97,562,Nico Schulz,GER,"MF,DF",Dortmund,26,1993,2.5,0,4,1,25.0,1.6,0.4,0.0,0.0,9.0,0,0,0,1.2,1.2,0.32,-1.2,-1.2,Matches,UCL,19-20
e613313c,563,Perr Schuurs,NED,DF,Ajax,19,1999,1.2,0,0,0,,0.0,0.0,,,,0,0,0,0.0,0.0,,0.0,0.0,Matches,UCL,19-20
a45eac1f,564,Haris Seferović,SUI,"FW,MF",Benfica,27,1992,2.3,2,8,4,50.0,3.46,1.73,0.25,0.5,16.0,0,0,0,1.1,1.1,0.14,0.9,0.9,Matches,UCL,19-20
d04b94db,565,Nélson Semedo,POR,DF,Barcelona,25,1993,7.0,0,4,1,25.0,0.57,0.14,0.0,0.0,18.4,0,0,0,0.4,0.4,0.09,-0.4,-0.4,Matches,UCL,19-20
c904f3d5,566,Rúben Semedo,POR,DF,Olympiacos,25,1994,6.0,2,5,2,40.0,0.83,0.33,0.4,1.0,7.8,0,0,0,1.1,1.1,0.21,0.9,0.9,Matches,UCL,19-20
b70bde8f,567,Stefano Sensi,ITA,MF,Inter,23,1995,2.1,0,5,1,20.0,2.36,0.47,0.0,0.0,22.0,1,0,0,0.3,0.3,0.05,-0.3,-0.3,Matches,UCL,19-20
10efd0e1,568,Jean Seri,CIV,MF,Galatasaray,28,1991,5.3,0,2,1,50.0,0.38,0.19,0.0,0.0,22.6,1,0,0,0.1,0.1,0.05,-0.1,-0.1,Matches,UCL,19-20
6aa3e78b,569,Ryan Sessegnon,ENG,"FW,DF",Tottenham,19,2000,2.2,1,3,2,66.7,1.38,0.92,0.33,0.5,20.5,0,0,0,0.3,0.3,0.1,0.7,0.7,Matches,UCL,19-20
d4232ba9,570,Petr Ševčík,CZE,MF,Slavia Prague,25,1994,5.0,0,6,1,16.7,1.2,0.2,0.0,0.0,26.8,0,0,0,0.2,0.2,0.04,-0.2,-0.2,Matches,UCL,19-20
6421ec64,571,Xherdan Shaqiri,SUI,MF,Liverpool,27,1991,0.0,0,0,0,,0.0,0.0,,,,0,0,0,0.0,0.0,,0.0,0.0,Matches,UCL,19-20
8ce063f9,572,Oleg Shatov,RUS,MF,Zenit,29,1990,2.6,0,1,0,0.0,0.39,0.0,0.0,,17.9,0,0,0,0.0,0.0,0.04,0.0,0.0,Matches,UCL,19-20
03998238,573,Danylo Sikan,UKR,FW,Shakhtar,18,2001,0.0,0,0,0,,0.0,0.0,,,,0,0,0,0.0,0.0,,0.0,0.0,Matches,UCL,19-20
3eb22ec9,574,Bernardo Silva,POR,"FW,MF",Manchester City,24,1994,4.8,0,5,1,20.0,1.03,0.21,0.0,0.0,14.7,0,0,0,0.3,0.3,0.07,-0.3,-0.3,Matches,UCL,19-20
e2716bd0,575,David Silva,ESP,MF,Manchester City,33,1986,1.4,0,4,0,0.0,2.83,0.0,0.0,,15.9,1,0,0,0.7,0.7,0.18,-0.7,-0.7,Matches,UCL,19-20
70cf63ca,576,Rafa Silva,POR,"FW,MF",Benfica,26,1993,1.4,1,3,1,33.3,2.18,0.73,0.33,1.0,20.9,0,0,0,0.4,0.4,0.13,0.6,0.6,Matches,UCL,19-20
86e7deaf,577,Thiago Silva,BRA,DF,Paris S-G,34,1984,9.0,0,3,0,0.0,0.33,0.0,0.0,,13.2,0,0,0,0.2,0.2,0.06,-0.2,-0.2,Matches,UCL,19-20
73000a79,578,Daley Sinkgraven,NED,"DF,MF",Leverkusen,24,1995,1.1,0,0,0,,0.0,0.0,,,,0,0,0,0.0,0.0,,0.0,0.0,Matches,UCL,19-20
2acd49b9,579,Moussa Sissoko,FRA,"MF,FW",Tottenham,29,1989,4.7,0,2,0,0.0,0.43,0.0,0.0,,24.1,0,0,0,0.1,0.1,0.04,-0.1,-0.1,Matches,UCL,19-20
0638becf,580,Mario Šitum,CRO,MF,Dinamo Zagreb,27,1992,0.0,0,0,0,,0.0,0.0,,,,0,0,0,0.0,0.0,,0.0,0.0,Matches,UCL,19-20
6250083a,581,Oliver Skipp,ENG,MF,Tottenham,18,2000,0.3,0,0,0,,0.0,0.0,,,,0,0,0,0.0,0.0,,0.0,0.0,Matches,UCL,19-20
65adf2db,582,Milan Škoda,CZE,"FW,MF",Slavia Prague,33,1986,0.8,0,1,1,100.0,1.25,1.25,0.0,0.0,11.1,0,0,0,0.3,0.3,0.3,-0.3,-0.3,Matches,UCL,19-20
30f5ffa9,583,Milan Škriniar,SVK,DF,Inter,24,1995,6.0,0,1,1,100.0,0.17,0.17,0.0,0.0,28.4,0,0,0,0.0,0.0,0.03,0.0,0.0,Matches,UCL,19-20
76d5857d,584,Igor Smolnikov,RUS,DF,Zenit,30,1988,1.5,0,0,0,,0.0,0.0,,,,0,0,0,0.0,0.0,,0.0,0.0,Matches,UCL,19-20
cbbfa2e7,585,Fyodor Smolov,RUS,FW,Loko Moscow,29,1990,2.2,0,3,0,0.0,1.34,0.0,0.0,,19.6,0,0,0,0.2,0.2,0.08,-0.2,-0.2,Matches,UCL,19-20
2ccd89a3,586,Eduard Sobol,UKR,FW,Club Brugge,24,1995,2.9,0,0,0,,0.0,0.0,,,,0,0,0,0.0,0.0,,0.0,0.0,Matches,UCL,19-20
fed17f5a,587,Carlos Soler,ESP,MF,Valencia,22,1997,4.4,1,6,2,33.3,1.38,0.46,0.17,0.5,13.7,0,0,0,1.0,1.0,0.17,0.0,0.0,Matches,UCL,19-20
886f9aac,588,Manor Solomon,ISR,"MF,FW",Shakhtar,20,1999,1.5,2,3,2,66.7,1.96,1.3,0.67,1.0,10.7,0,0,0,1.1,1.1,0.37,0.9,0.9,Matches,UCL,19-20
6613c819,589,Tomáš Souček,CZE,MF,Slavia Prague,24,1995,6.0,2,13,5,38.5,2.17,0.83,0.08,0.2,14.9,0,1,1,2.4,1.6,0.12,-0.4,-0.6,Matches,UCL,19-20
7b075c75,590,Adama Soumaoro,FRA,DF,Lille,27,1992,1.0,0,0,0,,0.0,0.0,,,,0,0,0,0.0,0.0,,0.0,0.0,Matches,UCL,19-20
ae59b359,591,Boubakary Soumaré,FRA,MF,Lille,20,1999,5.8,0,2,1,50.0,0.34,0.17,0.0,0.0,17.8,0,0,0,0.1,0.1,0.04,-0.1,-0.1,Matches,UCL,19-20
ac4003af,592,Marco Sportiello,ITA,GK,Atalanta,27,1992,2.0,0,0,0,,0.0,0.0,,,,0,0,0,0.0,0.0,,0.0,0.0,Matches,UCL,19-20
e07c2923,593,Nicolae Stanciu,ROU,MF,Slavia Prague,26,1993,5.1,0,21,8,38.1,4.14,1.58,0.0,0.0,26.2,7,0,0,0.9,0.9,0.04,-0.9,-0.9,Matches,UCL,19-20
27d902c8,594,Cican Stankovic,AUT,GK,RB Salzburg,26,1992,3.4,0,0,0,,0.0,0.0,,,,0,0,0,0.0,0.0,,0.0,0.0,Matches,UCL,19-20
ee3519f5,595,Taras Stepanenko,UKR,MF,Shakhtar,29,1989,6.0,0,4,1,25.0,0.67,0.17,0.0,0.0,13.3,0,0,0,0.2,0.2,0.05,-0.2,-0.2,Matches,UCL,19-20
b400bde0,596,Raheem Sterling,ENG,"FW,MF",Manchester City,24,1994,6.7,6,24,13,54.2,3.59,1.95,0.25,0.46,12.8,1,0,0,6.7,6.7,0.28,-0.7,-0.7,Matches,UCL,19-20
13b44b02,597,Petar Stojanović,SVN,"DF,MF",Dinamo Zagreb,23,1995,5.6,0,1,0,0.0,0.18,0.0,0.0,,9.8,0,0,0,0.1,0.1,0.07,-0.1,-0.1,Matches,UCL,19-20
5eecec3d,598,John Stones,ENG,DF,Manchester City,25,1994,0.6,0,1,0,0.0,1.8,0.0,0.0,,10.0,0,0,0,0.1,0.1,0.06,-0.1,-0.1,Matches,UCL,19-20
a6154613,599,Luis Suárez,URU,FW,Barcelona,32,1987,6.3,5,21,12,57.1,3.33,1.9,0.19,0.33,16.7,1,1,1,4.2,3.4,0.16,0.8,0.6,Matches,UCL,19-20
e33c06cf,600,Niklas Süle,GER,DF,Bayern Munich,23,1995,3.7,0,1,1,100.0,0.27,0.27,0.0,0.0,26.1,0,0,0,0.0,0.0,0.02,0.0,0.0,Matches,UCL,19-20
bd20f4eb,601,Aleksei Sutormin,RUS,MF,Zenit,25,1994,0.3,0,0,0,,0.0,0.0,,,,0,0,0,0.0,0.0,,0.0,0.0,Matches,UCL,19-20
01b8a2b2,602,Wojciech Szczęsny,POL,GK,Juventus,29,1990,7.0,0,0,0,,0.0,0.0,,,,0,0,0,0.0,0.0,,0.0,0.0,Matches,UCL,19-20
934e1968,603,Dominik Szoboszlai,HUN,MF,RB Salzburg,18,2000,4.3,1,12,2,16.7,2.78,0.46,0.08,0.5,22.9,1,0,0,1.2,1.2,0.1,-0.2,-0.2,Matches,UCL,19-20
47dc80f5,604,Adel Taarabt,MAR,MF,Benfica,30,1989,4.0,0,8,1,12.5,2.0,0.25,0.0,0.0,23.9,0,0,0,0.5,0.5,0.06,-0.5,-0.5,Matches,UCL,19-20
2475dcc6,605,Dušan Tadić,SRB,FW,Ajax,30,1988,6.0,0,6,1,16.7,1.0,0.17,0.0,0.0,14.8,0,0,0,0.9,0.9,0.14,-0.9,-0.9,Matches,UCL,19-20
f0661424,606,Nicolás Tagliafico,ARG,DF,Ajax,26,1992,6.0,1,3,2,66.7,0.5,0.33,0.33,0.5,15.2,0,0,0,0.2,0.2,0.06,0.8,0.8,Matches,UCL,19-20
bd142efb,607,Jonathan Tah,GER,DF,Leverkusen,23,1996,5.0,0,1,0,0.0,0.2,0.0,0.0,,10.2,0,0,0,0.0,0.0,0.05,0.0,0.0,Matches,UCL,19-20
7272a72a,608,Taison,BRA,"MF,FW",Shakhtar,31,1988,5.0,0,9,2,22.2,1.8,0.4,0.0,0.0,23.0,0,0,0,0.4,0.4,0.04,-0.4,-0.4,Matches,UCL,19-20
b698cfc6,609,Laco Takács,CZE,DF,Slavia Prague,23,1996,1.0,0,1,0,0.0,1.01,0.0,0.0,,7.7,0,0,0,0.4,0.4,0.36,-0.4,-0.4,Matches,UCL,19-20
8da74c05,610,Adrien Tameze,CMR,MF,Atalanta,25,1994,0.1,0,0,0,,0.0,0.0,,,,0,0,0,0.0,0.0,,0.0,0.0,Matches,UCL,19-20
e9971f2d,611,Japhet Tanganga,ENG,DF,Tottenham,20,1999,1.0,0,0,0,,0.0,0.0,,,,0,0,0,0.0,0.0,,0.0,0.0,Matches,UCL,19-20
4d0eb7d2,612,Percy Tau,RSA,FW,Club Brugge,25,1994,2.6,0,2,2,100.0,0.76,0.76,0.0,0.0,7.5,0,0,0,0.7,0.7,0.37,-0.7,-0.7,Matches,UCL,19-20
70bc68ef,613,David Tavares,CPV,MF,Benfica,20,1999,0.3,0,0,0,,0.0,0.0,,,,0,0,0,0.0,0.0,,0.0,0.0,Matches,UCL,19-20
0dce3356,614,Tomás Tavares,POR,DF,Benfica,18,2001,5.0,0,1,0,0.0,0.2,0.0,0.0,,16.8,0,0,0,0.0,0.0,0.04,0.0,0.0,Matches,UCL,19-20
e8ed3abc,615,Stanislav Tecl,CZE,FW,Slavia Prague,28,1990,1.5,0,2,0,0.0,1.31,0.0,0.0,,12.6,0,0,0,0.5,0.5,0.23,-0.5,-0.5,Matches,UCL,19-20
6f51e382,616,Marc-André ter Stegen,GER,GK,Barcelona,27,1992,8.0,0,0,0,,0.0,0.0,,,,0,0,0,0.0,0.0,,0.0,0.0,Matches,UCL,19-20
5148dcc5,617,Martin Terrier,FRA,"FW,MF",Lyon,22,1997,2.7,1,3,1,33.3,1.13,0.37,0.33,1.0,12.8,0,0,0,0.5,0.5,0.16,0.5,0.5,Matches,UCL,19-20
7120a04d,618,Tetê,BRA,MF,Shakhtar,19,2000,1.7,1,4,0,0.0,2.32,0.0,0.0,,20.6,0,1,1,1.2,0.4,0.09,-0.2,-0.4,Matches,UCL,19-20
77d7c96f,619,Kenny Tete,NED,"DF,MF",Lyon,23,1995,1.6,0,1,0,0.0,0.62,0.0,0.0,,29.0,0,0,0,0.0,0.0,0.03,0.0,0.0,Matches,UCL,19-20
6b994195,620,Kévin Théophile-Catherine,FRA,DF,Dinamo Zagreb,29,1989,4.8,0,0,0,,0.0,0.0,,,,0,0,0,0.0,0.0,,0.0,0.0,Matches,UCL,19-20
88f130ed,621,Jean-Clair Todibo,FRA,DF,Barcelona,19,1999,1.0,0,1,0,0.0,1.0,0.0,0.0,,27.4,0,0,0,0.0,0.0,0.03,0.0,0.0,Matches,UCL,19-20
5ceba7fc,622,Karl Toko Ekambi,CMR,FW,Lyon,26,1992,3.1,0,8,1,12.5,2.54,0.32,0.0,0.0,14.5,0,0,0,1.2,1.2,0.16,-1.2,-1.2,Matches,UCL,19-20
652d4c37,623,Corentin Tolisso,FRA,MF,Bayern Munich,24,1994,3.8,3,14,6,42.9,3.64,1.56,0.21,0.5,20.0,0,0,0,1.8,1.8,0.13,1.2,1.2,Matches,UCL,19-20
c56dc39e,624,Rafael Tolói,ITA,DF,Atalanta,28,1990,7.0,0,4,1,25.0,0.57,0.14,0.0,0.0,9.7,0,0,0,0.3,0.3,0.06,-0.3,-0.3,Matches,UCL,19-20
c2604e3c,625,Tomané,POR,FW,Red Star,26,1992,2.3,0,2,1,50.0,0.87,0.43,0.0,0.0,19.8,0,0,1,0.9,0.1,0.03,-0.9,-0.1,Matches,UCL,19-20
02ef8778,626,Raúl de Tomás,ESP,"FW,MF",Benfica,24,1994,1.4,1,10,5,50.0,7.38,3.69,0.1,0.2,22.1,1,0,0,0.5,0.5,0.05,0.5,0.5,Matches,UCL,19-20
7edfbb8a,627,Fikayo Tomori,ENG,DF,Chelsea,21,1997,4.0,0,4,0,0.0,1.0,0.0,0.0,,9.3,0,0,0,0.3,0.3,0.07,-0.3,-0.3,Matches,UCL,19-20
8ea2c099,628,Vasilis Torosidis,GRE,DF,Olympiacos,34,1985,1.0,0,0,0,,0.0,0.0,,,,0,0,0,0.0,0.0,,0.0,0.0,Matches,UCL,19-20
9e1035f8,629,Ferrán Torres,ESP,MF,Valencia,19,2000,5.3,2,10,6,60.0,1.88,1.13,0.2,0.33,14.9,1,0,0,1.4,1.4,0.14,0.6,0.6,Matches,UCL,19-20
71ec39ef,630,Lucas Tousart,FRA,MF,Lyon,22,1997,6.7,1,10,2,20.0,1.49,0.3,0.1,0.5,22.6,0,0,0,1.0,1.0,0.1,0.0,0.0,Matches,UCL,19-20
c47541e0,631,Bertrand Traoré,BFA,"FW,MF",Lyon,23,1995,2.6,1,9,5,55.6,3.51,1.95,0.11,0.2,19.5,0,0,0,0.5,0.5,0.05,0.5,0.5,Matches,UCL,19-20
4c5e78da,632,Ibrahim Traoré,CIV,"MF,FW",Slavia Prague,30,1988,1.9,0,1,0,0.0,0.54,0.0,0.0,,26.5,0,0,0,0.0,0.0,0.02,0.0,0.0,Matches,UCL,19-20
21512407,633,Kieran Trippier,ENG,DF,Atlético Madrid,28,1990,6.0,0,1,0,0.0,0.17,0.0,0.0,,38.2,0,0,1,0.8,0.0,0.03,-0.8,0.0,Matches,UCL,19-20
f315ca93,634,Kostas Tsimikas,GRE,DF,Olympiacos,23,1996,6.0,0,2,0,0.0,0.33,0.0,0.0,,26.8,0,0,0,0.1,0.1,0.03,-0.1,-0.1,Matches,UCL,19-20
1a799243,635,Andreas Ulmer,AUT,DF,RB Salzburg,33,1985,6.0,1,5,1,20.0,0.83,0.17,0.2,1.0,22.9,0,0,0,0.4,0.4,0.08,0.6,0.6,Matches,UCL,19-20
3eed9821,636,Samuel Umtiti,FRA,DF,Barcelona,25,1993,3.0,0,1,0,0.0,0.33,0.0,0.0,,2.7,0,0,0,0.8,0.8,0.81,-0.8,-0.8,Matches,UCL,19-20
d248cd8f,637,Dayot Upamecano,FRA,DF,RB Leipzig,20,1998,7.3,0,8,3,37.5,1.09,0.41,0.0,0.0,16.0,0,0,0,0.4,0.4,0.05,-0.4,-0.4,Matches,UCL,19-20
d75f3980,638,Jere Uronen,FIN,DF,Genk,25,1994,3.0,0,4,2,50.0,1.33,0.67,0.0,0.0,23.8,0,0,0,0.2,0.2,0.05,-0.2,-0.2,Matches,UCL,19-20
7a4cea18,639,Mathieu Valbuena,FRA,MF,Olympiacos,34,1984,1.2,1,1,0,0.0,0.86,0.0,0.0,,41.1,0,1,1,0.8,0.0,0.03,0.2,0.0,Matches,UCL,19-20
0e21fc3c,640,Borja Valero,ESP,MF,Inter,34,1985,1.7,0,2,1,50.0,1.18,0.59,0.0,0.0,18.4,0,0,0,0.1,0.1,0.05,-0.1,-0.1,Matches,UCL,19-20
9778d8dd,641,Albert Vallci,AUT,DF,RB Salzburg,24,1995,0.0,0,0,0,,0.0,0.0,,,,0,0,0,0.0,0.0,,0.0,0.0,Matches,UCL,19-20
0bc4e720,642,Manu Vallejo,ESP,"FW,MF",Valencia,22,1997,0.8,0,2,0,0.0,2.43,0.0,0.0,,9.5,0,0,0,0.1,0.1,0.06,-0.1,-0.1,Matches,UCL,19-20
0959c2a2,643,Federico Valverde,URU,MF,Real Madrid,21,1998,3.9,0,3,1,33.3,0.78,0.26,0.0,0.0,23.6,0,0,0,0.1,0.1,0.03,-0.1,-0.1,Matches,UCL,19-20
e06683ca,644,Virgil van Dijk,NED,DF,Liverpool,28,1991,8.3,0,9,1,11.1,1.08,0.12,0.0,0.0,20.2,0,0,0,0.4,0.4,0.04,-0.4,-0.4,Matches,UCL,19-20
392a7aea,645,Hans Vanaken,BEL,MF,Club Brugge,26,1992,6.0,1,5,3,60.0,0.83,0.5,0.2,0.33,17.9,2,0,0,0.3,0.3,0.06,0.7,0.7,Matches,UCL,19-20
f9e0c603,646,Maarten Vandevoordt,BEL,GK,Genk,17,2002,1.0,0,0,0,,0.0,0.0,,,,0,0,0,0.0,0.0,,0.0,0.0,Matches,UCL,19-20
9f8e9423,647,Raphaël Varane,FRA,DF,Real Madrid,26,1993,8.0,0,8,1,12.5,1.0,0.12,0.0,0.0,11.8,0,0,0,0.9,0.9,0.11,-0.9,-0.9,Matches,UCL,19-20
fd51b456,648,Lucas Vázquez,ESP,"FW,MF",Real Madrid,28,1991,1.1,0,4,0,0.0,3.53,0.0,0.0,,21.9,0,0,0,0.1,0.1,0.04,-0.1,-0.1,Matches,UCL,19-20
44ac04e9,649,Matías Vecino,URU,MF,Inter,27,1991,2.6,1,5,3,60.0,1.91,1.14,0.2,0.33,22.7,0,0,0,0.4,0.4,0.08,0.6,0.6,Matches,UCL,19-20
dad4b285,650,Joël Veltman,NED,DF,Ajax,27,1992,4.7,0,1,0,0.0,0.21,0.0,0.0,,30.5,0,0,0,0.0,0.0,0.03,0.0,0.0,Matches,UCL,19-20
1467af0d,651,Marco Verratti,ITA,MF,Paris S-G,26,1992,6.5,0,1,1,100.0,0.15,0.15,0.0,0.0,30.4,0,0,0,0.0,0.0,0.03,0.0,0.0,Matches,UCL,19-20
ba23a904,652,Jan Vertonghen,BEL,DF,Tottenham,32,1987,2.8,0,0,0,,0.0,0.0,,,,0,0,0,0.0,0.0,,0.0,0.0,Matches,UCL,19-20
67cdbc0e,653,Arturo Vidal,CHI,"MF,FW",Barcelona,32,1987,4.7,0,2,0,0.0,0.43,0.0,0.0,,21.1,0,0,0,0.1,0.1,0.05,-0.1,-0.1,Matches,UCL,19-20
8b529245,654,Carlos Vinícius,BRA,FW,Benfica,24,1995,3.6,1,5,2,40.0,1.4,0.56,0.2,0.5,14.0,0,0,0,1.0,1.0,0.2,0.0,0.0,Matches,UCL,19-20
db750822,655,Vitolo,ESP,"FW,MF",Atlético Madrid,29,1989,1.3,0,4,2,50.0,3.03,1.51,0.0,0.0,13.9,0,0,0,0.3,0.3,0.07,-0.3,-0.3,Matches,UCL,19-20
03df04ff,656,Odisseas Vlachodimos,GRE,GK,Benfica,25,1994,6.0,0,0,0,,0.0,0.0,,,,0,0,0,0.0,0.0,,0.0,0.0,Matches,UCL,19-20
5064d4c1,657,Thibault Vlietinck,BEL,FW,Club Brugge,21,1997,0.8,0,0,0,,0.0,0.0,,,,0,0,0,0.0,0.0,,0.0,0.0,Matches,UCL,19-20
64f69877,658,Kevin Volland,GER,FW,Leverkusen,27,1992,5.1,1,11,3,27.3,2.16,0.59,0.09,0.33,15.4,1,0,0,1.3,1.3,0.12,-0.3,-0.3,Matches,UCL,19-20
c24544c7,659,Ruud Vormer,NED,MF,Club Brugge,31,1988,2.9,0,1,0,0.0,0.34,0.0,0.0,,27.6,0,0,0,0.0,0.0,0.03,0.0,0.0,Matches,UCL,19-20
d0d8dd44,660,Stefan de Vrij,NED,DF,Inter,27,1992,6.0,0,1,0,0.0,0.17,0.0,0.0,,9.3,0,0,0,0.3,0.3,0.31,-0.3,-0.3,Matches,UCL,19-20
46a8347f,661,Šime Vrsaljko,CRO,DF,Atlético Madrid,27,1992,1.3,0,0,0,,0.0,0.0,,,,0,0,0,0.0,0.0,,0.0,0.0,Matches,UCL,19-20
82a8d4cc,662,Aleksa Vukanović,SRB,"MF,FW",Red Star,27,1992,1.9,0,2,0,0.0,1.05,0.0,0.0,,17.7,0,0,0,0.2,0.2,0.1,-0.2,-0.2,Matches,UCL,19-20
5944af8f,663,Miloš Vulić,SRB,MF,Red Star,22,1996,2.1,1,5,2,40.0,2.43,0.97,0.2,0.5,24.2,0,0,0,0.2,0.2,0.04,0.8,0.8,Matches,UCL,19-20
808df563,664,Moussa Wagué,SEN,FW,Barcelona,20,1998,1.0,0,2,0,0.0,1.98,0.0,0.0,,25.1,0,0,0,0.1,0.1,0.04,-0.1,-0.1,Matches,UCL,19-20
86dd77d1,665,Kyle Walker,ENG,DF,Manchester City,29,1990,4.9,0,4,2,50.0,0.81,0.41,0.0,0.0,23.2,0,0,0,0.2,0.2,0.04,-0.2,-0.2,Matches,UCL,19-20
984a5a64,666,Kyle Walker-Peters,ENG,DF,Tottenham,22,1997,1.0,0,0,0,,0.0,0.0,,,,0,0,0,0.0,0.0,,0.0,0.0,Matches,UCL,19-20
e0900238,667,Victor Wanyama,KEN,MF,Tottenham,28,1991,0.1,0,0,0,,0.0,0.0,,,,0,0,0,0.0,0.0,,0.0,0.0,Matches,UCL,19-20
d83bbc54,668,Daniel Wass,DEN,"DF,MF",Valencia,30,1989,8.0,1,6,2,33.3,0.75,0.25,0.17,0.5,29.2,1,0,0,0.2,0.2,0.03,0.8,0.8,Matches,UCL,19-20
346d51d9,669,Julian Weigl,GER,"MF,DF",Dortmund,23,1995,3.8,0,1,1,100.0,0.26,0.26,0.0,0.0,27.9,0,0,0,0.0,0.0,0.03,0.0,0.0,Matches,UCL,19-20
30c220c3,670,Mitchell Weiser,GER,DF,Leverkusen,25,1994,3.0,0,3,1,33.3,1.0,0.33,0.0,0.0,23.1,0,0,0,0.1,0.1,0.03,-0.1,-0.1,Matches,UCL,19-20
f9acca3a,671,Wendell,BRA,DF,Leverkusen,26,1993,3.9,0,4,0,0.0,1.03,0.0,0.0,,26.3,0,0,0,0.1,0.1,0.03,-0.1,-0.1,Matches,UCL,19-20
49fe9070,672,Timo Werner,GER,"FW,MF",RB Leipzig,23,1996,6.4,4,27,9,33.3,4.2,1.4,0.07,0.22,16.2,0,2,2,4.8,3.2,0.12,-0.8,-1.2,Matches,UCL,19-20
eb58eef0,673,Georginio Wijnaldum,NED,MF,Liverpool,28,1990,6.1,2,9,4,44.4,1.47,0.65,0.22,0.5,15.6,0,0,0,1.0,1.0,0.11,1.0,1.0,Matches,UCL,19-20
8b9ebd03,674,Willian,BRA,"FW,MF",Chelsea,30,1988,5.9,1,10,4,40.0,1.7,0.68,0.1,0.25,18.6,1,0,0,1.3,1.3,0.13,-0.3,-0.3,Matches,UCL,19-20
2f7acede,675,Harry Winks,ENG,MF,Tottenham,23,1996,4.9,0,1,1,100.0,0.2,0.2,0.0,0.0,31.9,0,0,0,0.0,0.0,0.03,0.0,0.0,Matches,UCL,19-20
5dfc6ad5,676,Axel Witsel,BEL,MF,Dortmund,30,1989,6.8,0,5,0,0.0,0.74,0.0,0.0,,23.1,0,0,0,0.2,0.2,0.04,-0.2,-0.2,Matches,UCL,19-20
4b803b3c,677,Maximilian Wöber,AUT,DF,RB Salzburg,21,1998,6.0,0,5,0,0.0,0.83,0.0,0.0,,19.3,0,0,0,0.2,0.2,0.05,-0.2,-0.2,Matches,UCL,19-20
f3600c02,678,Xeka,POR,MF,Lille,24,1994,1.3,0,1,0,0.0,0.75,0.0,0.0,,26.9,0,0,0,0.0,0.0,0.03,0.0,0.0,Matches,UCL,19-20
b7481dc0,679,Erencan Yardimci,TUR,MF,Galatasaray,17,2002,0.0,0,0,0,,0.0,0.0,,,,0,0,0,0.0,0.0,,0.0,0.0,Matches,UCL,19-20
f5c8b425,680,Yusuf Yazıcı,TUR,"FW,MF",Lille,22,1997,4.1,0,17,5,29.4,4.12,1.21,0.0,0.0,20.8,0,0,0,1.6,1.6,0.09,-1.6,-1.6,Matches,UCL,19-20
228f73ae,681,Amin Younes,GER,FW,Napoli,25,1993,0.1,0,0,0,,0.0,0.0,,,,0,0,0,0.0,0.0,,0.0,0.0,Matches,UCL,19-20
3318193b,682,Abdulla Yusuf Helal,BHR,FW,Slavia Prague,26,1993,0.4,0,2,1,50.0,4.74,2.37,0.0,0.0,9.2,0,0,0,0.2,0.2,0.09,-0.2,-0.2,Matches,UCL,19-20
a4effc55,683,Dan-Axel Zagadou,FRA,DF,Dortmund,20,1999,3.2,0,2,0,0.0,0.63,0.0,0.0,,22.9,0,0,0,0.1,0.1,0.03,-0.1,-0.1,Matches,UCL,19-20
d3de9af0,684,Duván Zapata,COL,FW,Atalanta,28,1991,3.6,1,9,4,44.4,2.51,1.11,0.11,0.25,12.2,0,0,0,2.3,2.3,0.25,-1.3,-1.3,Matches,UCL,19-20
bc647827,685,Jaroslav Zelený,CZE,"MF,FW",Slavia Prague,26,1992,1.2,0,2,2,100.0,1.61,1.61,0.0,0.0,12.1,0,0,0,0.5,0.5,0.26,-0.5,-0.5,Matches,UCL,19-20
ed87a229,686,Rifat Zhemaletdinov,RUS,"MF,FW",Loko Moscow,22,1996,4.0,0,5,0,0.0,1.26,0.0,0.0,,19.1,0,0,0,0.3,0.3,0.05,-0.3,-0.3,Matches,UCL,19-20
ed2b33cb,687,Yuri Zhirkov,RUS,"DF,MF",Zenit,35,1983,0.8,0,2,0,0.0,2.47,0.0,0.0,,23.6,0,0,0,0.1,0.1,0.03,-0.1,-0.1,Matches,UCL,19-20
a5296e55,688,Piotr Zieliński,POL,MF,Napoli,25,1994,5.8,0,3,0,0.0,0.52,0.0,0.0,,24.9,0,0,0,0.3,0.3,0.1,-0.3,-0.3,Matches,UCL,19-20
51cf8561,689,Oleksandr Zinchenko,UKR,"DF,MF",Manchester City,22,1996,1.3,0,0,0,,0.0,0.0,,,,0,0,0,0.0,0.0,,0.0,0.0,Matches,UCL,19-20
028e70b9,690,Joshua Zirkzee,NED,FW,Bayern Munich,18,2001,0.1,0,0,0,,0.0,0.0,,,,0,0,0,0.0,0.0,,0.0,0.0,Matches,UCL,19-20
6622454d,691,Hakim Ziyech,MAR,"FW,MF",Ajax,26,1993,5.5,2,19,4,21.1,3.45,0.73,0.11,0.5,22.1,1,0,0,1.1,1.1,0.06,0.9,0.9,Matches,UCL,19-20
ce4246f5,692,Kurt Zouma,FRA,DF,Chelsea,24,1994,6.8,0,3,0,0.0,0.44,0.0,0.0,,15.1,0,0,0,0.2,0.2,0.05,-0.2,-0.2,Matches,UCL,19-20
aca5a6f7,693,Marko Đira,CRO,"MF,FW",Dinamo Zagreb,20,1999,0.7,0,1,0,0.0,1.45,0.0,0.0,,24.7,0,0,0,0.0,0.0,0.04,0.0,0.0,Matches,UCL,19-20
