id,Unnamed: 0_level_0,Unnamed: 1_level_0,Unnamed: 2_level_0,Unnamed: 3_level_0,Unnamed: 4_level_0,Unnamed: 5_level_0,Unnamed: 6_level_0,Unnamed: 7_level_0,Unnamed: 8_level_0,Pass Types,Pass Types,Pass Types,Pass Types,Pass Types,Pass Types,Pass Types,Pass Types,Corner Kicks,Corner Kicks,Corner Kicks,Outcomes,Outcomes,Outcomes,Unnamed: 23_level_0,Unnamed: league,Unnamed: season
,Rk,Player,Nation,Pos,Squad,Age,Born,90s,Att,Live,Dead,FK,TB,Sw,Crs,TI,CK,In,Out,Str,Cmp,Off,Blocks,Matches,league,season
a7e4760c,1,Ismael Aaneba,FRA,DF,Strasbourg,21,1999,0.1,1,1,0,0,0,0,0,0,0,0,0,0,1,0,0,Matches,FRA-L1,20-21
32c2d95f,2,Yunis Abdelhamid,MAR,DF,Reims,32,1987,32.1,1762,1697,60,60,0,11,0,0,0,0,0,0,1506,5,10,Matches,FRA-L1,20-21
a4c3f7af,3,Mehdi Abeid,ALG,MF,Nantes,27,1992,14.7,718,662,52,33,0,9,40,5,14,7,7,0,605,4,7,Matches,FRA-L1,20-21
31626657,4,Laurent Abergel,FRA,MF,Lorient,27,1993,32.9,1564,1521,38,31,1,11,26,7,0,0,0,0,1288,5,34,Matches,FRA-L1,20-21
469d3d84,5,Charles Abi,FRA,"FW,MF",Saint-Étienne,20,2000,10.1,202,192,10,0,0,1,3,0,0,0,0,0,128,0,10,Matches,FRA-L1,20-21
0e46fa2f,6,Matthis Abline,FRA,FW,Rennes,17,2003,0.0,1,1,0,0,0,0,0,0,0,0,0,0,0,0,0,Matches,FRA-L1,20-21
8bc373ea,7,Pape Abou Cissé,SEN,DF,Saint-Étienne,24,1995,14.0,681,653,27,25,0,18,1,2,0,0,0,0,521,1,2,Matches,FRA-L1,20-21
26777636,8,Yacine Adli,FRA,MF,Bordeaux,20,2000,26.9,1631,1559,65,40,6,25,53,6,18,7,8,0,1327,7,22,Matches,FRA-L1,20-21
288e1e13,9,Nayef Aguerd,MAR,DF,Rennes,24,1996,35.0,2712,2631,80,79,0,30,1,1,0,0,0,0,2449,1,7,Matches,FRA-L1,20-21
3dd738a1,10,Ruben Aguilar,FRA,"DF,MF",Monaco,27,1993,24.7,1568,1341,221,32,1,14,118,167,22,8,11,0,1265,6,24,Matches,FRA-L1,20-21
5ea9ebd4,11,Matteo Ahlinvi,BEN,MF,Nîmes,21,1999,10.0,322,316,5,5,0,0,6,0,0,0,0,0,258,1,10,Matches,FRA-L1,20-21
48b28bfd,12,Jean-Eudes Aholou,CIV,MF,Strasbourg,26,1994,23.8,851,835,15,13,1,6,8,1,1,0,1,0,701,1,10,Matches,FRA-L1,20-21
48b28bfd,13,Jean-Eudes Aholou,CIV,MF,Monaco,26,1994,0.4,10,10,0,0,0,0,0,0,0,0,0,0,7,0,0,Matches,FRA-L1,20-21
9b398aea,14,Rayan Aït-Nouri,ALG,DF,Angers,19,2001,2.1,147,126,21,1,0,1,4,20,0,0,0,0,132,0,1,Matches,FRA-L1,20-21
462475ed,15,Ludovic Ajorque,FRA,FW,Strasbourg,26,1994,33.0,927,875,52,0,0,25,27,4,0,0,0,0,620,0,30,Matches,FRA-L1,20-21
414e1f69,16,Marley Aké,FRA,FW,Marseille,19,2001,1.6,31,28,2,0,0,0,2,0,0,0,0,0,22,1,1,Matches,FRA-L1,20-21
5314e067,17,Sofiane Alakouch,MAR,DF,Nîmes,22,1998,16.7,913,719,191,14,0,3,19,176,0,0,0,0,718,3,26,Matches,FRA-L1,20-21
f8405304,18,Mohamed Ali Cho,FRA,"FW,MF",Angers,16,2004,3.9,111,106,3,0,0,0,11,2,0,0,0,0,67,2,6,Matches,FRA-L1,20-21
bdedd861,19,Rachid Alioui,MAR,FW,Angers,28,1992,0.2,8,8,0,0,0,0,0,0,0,0,0,0,8,0,0,Matches,FRA-L1,20-21
b052b8bf,20,Saturnin Allagbé,BEN,GK,Dijon,26,1993,12.0,403,265,137,32,0,1,0,0,0,0,0,0,269,1,1,Matches,FRA-L1,20-21
9260926b,21,Ibrahim Amadou,FRA,MF,Angers,27,1993,16.7,691,677,13,11,0,5,4,2,0,0,0,0,582,1,11,Matches,FRA-L1,20-21
d7bf3d19,22,Romain Amalfitano,FRA,"FW,DF",Dijon,30,1989,1.3,57,52,4,0,0,0,5,4,0,0,0,0,44,1,1,Matches,FRA-L1,20-21
22721b88,23,Jordan Amavi,FRA,DF,Marseille,26,1994,9.0,442,362,79,6,0,3,10,73,0,0,0,0,343,1,14,Matches,FRA-L1,20-21
2945f4b7,24,Thierry Ambrose,GLP,FW,Metz,23,1997,8.4,243,229,13,1,1,2,19,2,3,3,0,0,164,1,15,Matches,FRA-L1,20-21
e34fc66d,25,Joachim Andersen,DEN,DF,Lyon,24,1996,2.1,117,110,7,6,0,2,0,1,0,0,0,0,105,0,1,Matches,FRA-L1,20-21
ef9c1c95,26,Benjamin André,FRA,MF,Lille,29,1990,32.1,2040,2005,30,28,0,16,14,2,0,0,0,0,1703,5,35,Matches,FRA-L1,20-21
d8992b84,27,Victorien Angban,CIV,MF,Metz,23,1996,18.6,890,871,18,15,0,9,9,3,0,0,0,0,780,1,11,Matches,FRA-L1,20-21
a5db0bec,28,Houssem Aouar,ALG,"MF,FW",Lyon,22,1998,19.8,991,945,41,14,2,5,19,7,8,2,1,0,833,5,23,Matches,FRA-L1,20-21
b94b8be1,29,Adil Aouchiche,FRA,"MF,FW",Saint-Étienne,18,2002,19.2,818,680,136,45,4,14,130,5,77,26,38,3,571,2,22,Matches,FRA-L1,20-21
feb5d3ab,30,Dennis Appiah,FRA,DF,Nantes,28,1992,17.3,868,676,189,13,0,2,47,176,0,0,0,0,628,3,18,Matches,FRA-L1,20-21
fa18c72e,31,Luiz Araújo,BRA,MF,Lille,24,1996,16.6,606,588,16,4,1,11,27,8,4,3,0,0,455,2,17,Matches,FRA-L1,20-21
08534272,32,Karim Aribi,ALG,FW,Nîmes,26,1994,3.3,68,59,9,0,0,0,2,0,0,0,0,0,38,0,3,Matches,FRA-L1,20-21
5d5219b1,33,Roger Assalé,CIV,"FW,MF",Dijon,26,1993,9.2,181,171,9,1,0,2,6,2,0,0,0,0,118,1,5,Matches,FRA-L1,20-21
6a827d8e,34,Youcef Atal,ALG,"DF,FW",Nice,24,1996,10.6,630,533,97,11,1,5,51,86,0,0,0,0,496,0,14,Matches,FRA-L1,20-21
97bfa797,35,Jean-Kévin Augustin,FRA,FW,Nantes,23,1997,0.4,4,3,1,0,0,0,0,0,0,0,0,0,4,0,0,Matches,FRA-L1,20-21
d3ce9f1f,36,Ludovic Baal,GUF,"DF,MF",Brest,34,1986,3.3,253,233,20,6,0,3,2,14,0,0,0,0,212,0,1,Matches,FRA-L1,20-21
114bbdee,37,Loïc Bade,FRA,DF,Lens,20,2000,29.0,1961,1925,33,29,1,15,5,1,0,0,0,0,1672,3,11,Matches,FRA-L1,20-21
06df8256,38,Benoît Badiashile,FRA,DF,Monaco,19,2001,31.9,2450,2400,46,41,1,28,3,5,0,0,0,0,2124,4,7,Matches,FRA-L1,20-21
5046b7d4,39,Stéphane Bahoken,CMR,FW,Angers,28,1992,18.0,333,303,28,0,1,0,20,1,0,0,0,0,234,2,19,Matches,FRA-L1,20-21
be13e5a8,40,Stefan Bajic,FRA,GK,Saint-Étienne,18,2001,1.0,37,28,9,2,0,0,0,0,0,0,0,0,23,0,0,Matches,FRA-L1,20-21
a8567629,41,Mitchel Bakker,NED,DF,Paris S-G,20,2000,18.8,1334,1203,131,17,0,2,51,114,0,0,0,0,1177,0,13,Matches,FRA-L1,20-21
2b5a35e5,42,Dilane Bakwa,FRA,"FW,MF",Bordeaux,17,2002,0.6,40,40,0,0,0,0,0,0,0,0,0,0,34,0,1,Matches,FRA-L1,20-21
7c3ed041,43,Leonardo Balerdi,ARG,DF,Marseille,21,1999,18.2,1064,1006,58,40,0,13,1,18,0,0,0,0,921,0,10,Matches,FRA-L1,20-21
f449640d,44,Fodé Ballo-Touré,SEN,DF,Monaco,23,1997,7.4,432,353,78,7,0,0,39,71,0,0,0,0,349,1,9,Matches,FRA-L1,20-21
7fecbcdb,45,Abdoulaye Bamba,CIV,DF,Angers,30,1990,15.0,875,680,194,16,1,2,48,178,0,0,0,0,650,1,23,Matches,FRA-L1,20-21
b2bd0f6c,46,Jonathan Bamba,CIV,MF,Lille,24,1996,33.2,1680,1483,184,53,4,8,146,55,75,35,37,1,1305,13,42,Matches,FRA-L1,20-21
d4fa7d01,47,Robson Bambu,BRA,DF,Nice,22,1997,11.6,827,787,40,27,0,6,1,13,0,0,0,0,720,0,13,Matches,FRA-L1,20-21
be47b750,48,Simon Banza,COD,FW,Lens,23,1996,15.2,321,305,14,1,0,1,11,0,0,0,0,0,228,2,10,Matches,FRA-L1,20-21
0557ff4f,49,Danilo Barbosa,BRA,DF,Nice,24,1996,2.8,203,198,4,4,0,0,0,0,0,0,0,0,178,1,1,Matches,FRA-L1,20-21
1ddbc7ca,50,Melvin Bard,FRA,DF,Lyon,19,2000,4.8,385,323,62,4,0,0,22,58,0,0,0,0,309,0,6,Matches,FRA-L1,20-21
80556f08,51,Toma Bašić,CRO,MF,Bordeaux,23,1996,28.9,1289,1227,57,33,1,12,64,2,22,11,8,0,1048,5,15,Matches,FRA-L1,20-21
0f9b8301,52,Cristian Battocchio,ITA,MF,Brest,28,1992,3.9,209,190,18,5,0,4,17,0,13,8,2,0,171,1,0,Matches,FRA-L1,20-21
2515040a,53,Paul Baysse,FRA,DF,Bordeaux,32,1988,29.0,1715,1651,60,55,0,18,2,5,0,0,0,0,1502,4,11,Matches,FRA-L1,20-21
7615f332,54,Erwan Belhadji,FRA,MF,Dijon,19,2001,0.3,8,8,0,0,0,0,0,0,0,0,0,0,7,0,0,Matches,FRA-L1,20-21
2b1bed19,55,Haris Belkebla,ALG,MF,Brest,26,1994,30.3,1421,1381,40,31,0,6,11,7,0,0,0,0,1237,0,22,Matches,FRA-L1,20-21
10f0fdd3,56,Jean-Ricner Bellegarde,FRA,"MF,FW",Strasbourg,22,1998,23.2,806,763,39,9,0,13,68,3,27,15,5,0,618,4,30,Matches,FRA-L1,20-21
c05d65d1,57,Sami Ben Amar,MAR,MF,Nîmes,22,1998,0.1,4,4,0,0,0,0,0,0,0,0,0,0,2,0,0,Matches,FRA-L1,20-21
74dc806c,58,Hatem Ben Arfa,FRA,"MF,FW",Bordeaux,33,1987,18.9,894,757,136,43,4,17,80,19,46,21,15,0,719,1,15,Matches,FRA-L1,20-21
1f6298f2,59,Salim Ben Seghir,FRA,DF,Nice,17,2003,0.1,7,7,0,0,0,0,0,0,0,0,0,0,7,0,0,Matches,FRA-L1,20-21
942b4f90,60,Wissam Ben Yedder,FRA,FW,Monaco,29,1990,29.0,893,813,76,5,7,4,17,8,0,0,0,0,651,4,21,Matches,FRA-L1,20-21
90c99c5c,61,Samy Benchamma,FRA,"DF,MF",Montpellier,20,2000,0.5,23,23,0,0,0,1,0,0,0,0,0,0,20,0,0,Matches,FRA-L1,20-21
bef0a7ac,62,Darío Benedetto,ARG,FW,Marseille,30,1990,17.5,360,341,19,0,0,7,11,0,0,0,0,0,240,0,11,Matches,FRA-L1,20-21
8a2248b4,63,Walter Benítez,ARG,GK,Nice,27,1993,38.0,1222,857,362,62,0,0,0,0,0,0,0,0,994,3,0,Matches,FRA-L1,20-21
f5b6fb78,64,Loris Benito,SUI,DF,Bordeaux,28,1992,29.5,1799,1514,283,45,0,2,40,237,1,0,0,0,1515,2,23,Matches,FRA-L1,20-21
b6047994,65,Bilal Benkhedim,FRA,FW,Saint-Étienne,19,2001,0.8,48,38,10,4,0,0,11,0,6,3,2,0,32,0,2,Matches,FRA-L1,20-21
2ab14aaa,66,Djamel Benlamri,ALG,DF,Lyon,30,1989,1.7,81,78,3,2,0,2,0,1,0,0,0,0,72,0,1,Matches,FRA-L1,20-21
fbf76716,67,Yassine Benrahou,FRA,MF,Nîmes,21,1999,13.8,604,508,94,40,2,8,93,2,50,22,19,3,442,2,12,Matches,FRA-L1,20-21
6fbde63a,68,Yassine Benzia,ALG,"MF,FW",Dijon,25,1994,4.5,201,168,32,15,0,1,22,0,10,4,6,0,155,1,2,Matches,FRA-L1,20-21
d5575935,69,Valon Berisha,KVX,MF,Reims,27,1993,18.3,1014,920,93,43,0,20,62,7,43,11,26,0,827,1,8,Matches,FRA-L1,20-21
28dabd43,70,Paul Bernardoni,FRA,GK,Angers,23,1997,38.0,985,595,386,117,0,4,0,0,0,0,0,0,640,4,0,Matches,FRA-L1,20-21
433dc9a2,71,Juan Bernat,ESP,DF,Paris S-G,27,1993,2.2,125,108,16,2,0,0,1,14,0,0,0,0,114,1,2,Matches,FRA-L1,20-21
380a15e2,72,Dimitry Bertaud,COD,GK,Montpellier,22,1998,8.3,312,194,118,36,0,3,0,0,0,0,0,0,217,0,1,Matches,FRA-L1,20-21
4e9957ff,73,Loïc Bessile,TOG,DF,Bordeaux,21,1999,1.0,44,43,1,1,0,2,0,0,0,0,0,0,38,0,0,Matches,FRA-L1,20-21
de40e38c,74,Giulian Biancone,FRA,"DF,MF",Monaco,20,2000,1.0,90,81,9,1,0,1,8,8,0,0,0,0,66,0,2,Matches,FRA-L1,20-21
47c609d5,75,El Bilal Touré,MLI,FW,Reims,18,2001,13.8,288,254,33,0,0,0,1,1,0,0,0,0,205,1,7,Matches,FRA-L1,20-21
6191093d,76,Ludovic Blas,FRA,"MF,FW",Nantes,22,1997,31.0,968,907,53,14,5,21,23,4,6,4,0,0,764,8,19,Matches,FRA-L1,20-21
7d937aa1,77,Antonin Bobichon,FRA,"MF,FW",Angers,24,1995,10.1,548,498,50,21,2,12,43,3,25,7,15,1,441,0,10,Matches,FRA-L1,20-21
6c8ddd52,78,Sacha Boey,FRA,DF,Dijon,19,2000,20.7,1054,800,250,9,0,2,51,238,3,0,3,0,801,4,16,Matches,FRA-L1,20-21
6c8ddd52,79,Sacha Boey,FRA,DF,Rennes,19,2000,1.4,88,71,17,0,0,0,3,17,0,0,0,0,75,0,1,Matches,FRA-L1,20-21
f6496133,80,Quentin Boisgard,FRA,"MF,FW",Lorient,23,1997,14.6,555,459,94,21,0,1,126,3,70,28,36,0,360,2,30,Matches,FRA-L1,20-21
ccce7025,81,Sven Botman,NED,DF,Lille,20,2000,36.8,2605,2542,57,50,2,21,1,7,0,0,0,0,2249,6,9,Matches,FRA-L1,20-21
0b0cbe5b,82,Denis Bouanga,GAB,"MF,FW",Saint-Étienne,25,1994,30.2,794,731,61,10,0,15,64,22,7,4,2,0,506,2,22,Matches,FRA-L1,20-21
f9d5908e,83,Hicham Boudaoui,ALG,MF,Nice,20,1999,19.3,853,841,11,9,0,5,16,2,0,0,0,0,692,1,31,Matches,FRA-L1,20-21
1001ae82,84,Ryad Boudebouz,ALG,"MF,FW",Saint-Étienne,30,1990,7.2,467,407,55,24,2,6,51,2,25,17,5,0,344,5,8,Matches,FRA-L1,20-21
b0c71810,85,Sofiane Boufal,MAR,"FW,MF",Angers,26,1993,8.1,287,280,7,1,4,2,20,1,5,3,2,0,206,0,12,Matches,FRA-L1,20-21
a0791826,86,Farid Boulaya,ALG,"MF,FW",Metz,27,1993,31.3,1581,1304,264,81,10,33,185,18,119,39,48,3,1080,13,43,Matches,FRA-L1,20-21
62e02107,87,Ismaëlben Boura,COM,DF,Lens,19,2000,9.1,484,383,100,6,0,6,47,88,6,4,2,0,372,1,15,Matches,FRA-L1,20-21
20e73fac,88,Benjamin Bourigeaud,FRA,"MF,FW",Rennes,26,1994,28.4,1908,1669,233,81,2,34,226,15,132,57,65,0,1442,6,45,Matches,FRA-L1,20-21
861227d2,89,John Boye,GHA,DF,Metz,33,1987,33.8,1249,1207,40,29,0,17,0,11,0,0,0,0,1033,2,9,Matches,FRA-L1,20-21
6e2c94ad,90,Umut Bozok,TUR,"MF,FW",Lorient,23,1996,0.7,27,27,0,0,0,0,0,0,0,0,0,0,17,0,1,Matches,FRA-L1,20-21
8bbe2df5,91,Domagoj Bradarić,CRO,DF,Lille,20,1999,14.0,911,773,134,19,0,0,53,112,3,1,2,0,722,4,15,Matches,FRA-L1,20-21
5b146df3,92,Lilian Brassier,FRA,DF,Brest,20,1999,10.7,692,665,27,13,1,3,8,14,0,0,0,0,569,0,5,Matches,FRA-L1,20-21
16324e1d,93,Anthony Briançon,FRA,DF,Nîmes,25,1994,13.6,850,797,51,44,0,18,2,7,0,0,0,0,722,2,2,Matches,FRA-L1,20-21
f83c8d6c,94,Jimmy Briand,FRA,FW,Bordeaux,34,1985,6.3,164,155,8,1,1,0,0,0,0,0,0,0,124,1,2,Matches,FRA-L1,20-21
edd81e2a,95,Dylan Bronn,TUN,DF,Metz,25,1995,37.9,1806,1720,81,74,1,21,4,6,0,0,0,0,1498,5,11,Matches,FRA-L1,20-21
f9921b7f,96,Lucas Buadés,FRA,MF,Nîmes,22,1997,0.2,5,4,1,0,0,0,1,0,1,0,1,0,2,0,0,Matches,FRA-L1,20-21
8746d5d0,97,Patrick Burner,MTQ,DF,Nice,24,1996,0.0,0,0,0,0,0,0,0,0,0,0,0,0,0,0,0,Matches,FRA-L1,20-21
8746d5d0,98,Patrick Burner,MTQ,DF,Nîmes,24,1996,14.6,683,523,159,7,0,0,26,152,0,0,0,0,522,1,15,Matches,FRA-L1,20-21
db87a2c4,99,Marcin Bułka,POL,GK,Paris S-G,20,1999,1.0,31,27,3,1,0,0,0,0,0,0,0,0,26,1,0,Matches,FRA-L1,20-21
46359159,100,Jimmy Cabot,FRA,"FW,MF",Angers,26,1994,10.5,429,417,12,3,2,2,26,5,4,1,1,0,315,0,15,Matches,FRA-L1,20-21
0118c54c,101,Anthony Caci,FRA,DF,Strasbourg,23,1997,31.1,1921,1559,358,39,2,51,74,319,0,0,0,0,1464,4,45,Matches,FRA-L1,20-21
2a657da0,102,Mathieu Cafaro,FRA,"MF,FW",Reims,23,1997,23.0,840,761,72,36,2,14,110,2,34,17,17,0,515,7,22,Matches,FRA-L1,20-21
677ee102,103,Yannick Cahuzac,FRA,MF,Lens,35,1985,25.0,885,842,42,31,1,2,12,9,1,0,0,0,730,1,13,Matches,FRA-L1,20-21
5ee6e943,104,Marc-Aurèle Caillard,FRA,GK,Metz,26,1994,4.0,102,60,41,11,0,0,0,0,0,0,0,0,67,1,1,Matches,FRA-L1,20-21
94f8d10c,105,Duje Ćaleta-Car,CRO,DF,Marseille,23,1996,31.3,1908,1833,72,61,0,21,0,11,0,0,0,0,1641,3,6,Matches,FRA-L1,20-21
8577e60a,106,Mahdi Camara,FRA,"MF,DF",Saint-Étienne,22,1998,36.6,1669,1589,76,30,1,10,34,44,0,0,0,0,1422,4,34,Matches,FRA-L1,20-21
7b9c2d84,107,Eduardo Camavinga,FRA,MF,Rennes,17,2002,26.7,1604,1571,32,26,3,8,4,6,0,0,0,0,1425,1,18,Matches,FRA-L1,20-21
79b2399c,108,Pierrick Capelle,FRA,"MF,DF",Angers,33,1987,22.8,1168,1092,75,11,2,6,32,55,7,3,2,0,939,1,36,Matches,FRA-L1,20-21
f81ef10d,109,Maxence Caqueret,FRA,MF,Lyon,20,2000,19.6,1077,1053,16,5,3,6,13,3,1,0,0,0,921,8,18,Matches,FRA-L1,20-21
5e080f73,110,Irvin Cardona,FRA,FW,Brest,22,1997,22.5,487,437,48,2,2,4,32,4,0,0,0,0,320,2,15,Matches,FRA-L1,20-21
5b5724d2,111,Lionel Carole,FRA,DF,Strasbourg,29,1991,14.9,931,772,158,24,0,12,40,134,0,0,0,0,710,1,18,Matches,FRA-L1,20-21
f54d2149,112,Moreto Cassamã,GNB,MF,Reims,22,1998,22.6,1398,1332,63,57,1,29,19,0,6,2,4,0,1225,3,8,Matches,FRA-L1,20-21
e0f3a1f6,113,Jean-Charles Castelletto,CMR,DF,Nantes,25,1995,21.6,806,748,57,39,0,3,1,18,0,0,0,0,651,1,3,Matches,FRA-L1,20-21
31a62dc7,114,Zeki Çelik,TUR,DF,Lille,23,1997,26.5,1648,1355,288,17,0,7,61,271,0,0,0,0,1273,5,45,Matches,FRA-L1,20-21
3043d33f,115,Bersant Celina,KVX,"MF,FW",Dijon,23,1996,25.5,1092,952,135,56,5,7,124,9,62,30,29,0,825,5,24,Matches,FRA-L1,20-21
3c6bbbab,116,Fabien Centonze,FRA,DF,Metz,24,1996,35.8,1808,1450,356,24,3,4,114,330,2,1,0,1,1375,2,43,Matches,FRA-L1,20-21
5c61496e,117,Nassim Chadli,FRA,"FW,MF",Nîmes,19,2001,0.3,15,13,2,1,0,0,2,0,1,1,0,0,11,0,0,Matches,FRA-L1,20-21
edd1466a,118,Fouad Chafik,MAR,DF,Dijon,33,1986,18.0,1018,827,187,22,0,1,46,165,0,0,0,0,769,4,17,Matches,FRA-L1,20-21
1787195f,119,Mehdi Chahiri,MAR,"FW,MF",Strasbourg,24,1996,8.9,269,261,7,0,1,2,10,4,1,1,0,0,197,1,8,Matches,FRA-L1,20-21
84c0768a,120,Aníbal Chalá,ECU,DF,Dijon,24,1996,8.3,392,309,83,5,0,1,12,77,0,0,0,0,298,0,9,Matches,FRA-L1,20-21
5515376c,121,Trevoh Chalobah,ENG,"DF,MF",Lorient,21,1999,24.9,1221,1168,51,34,3,9,11,17,0,0,0,0,1026,2,16,Matches,FRA-L1,20-21
18ebca4b,122,Gaëtan Charbonnier,FRA,"MF,FW",Brest,31,1988,17.4,705,640,63,6,4,5,24,14,6,2,0,0,541,2,15,Matches,FRA-L1,20-21
16aa7d4c,123,Brendan Chardonnet,FRA,DF,Brest,25,1994,30.2,1688,1630,48,45,1,23,4,3,0,0,0,0,1383,10,8,Matches,FRA-L1,20-21
279ddf6a,124,Xavier Chavalerin,FRA,MF,Reims,29,1991,28.3,1017,993,21,18,3,11,20,1,2,2,0,0,843,3,17,Matches,FRA-L1,20-21
873ce3a2,125,Pape Cheikh Diop,SEN,MF,Dijon,22,1997,12.1,604,593,10,10,2,4,2,0,0,0,0,0,514,1,12,Matches,FRA-L1,20-21
b34c63a5,126,Rayan Cherki,FRA,"FW,MF",Lyon,16,2003,7.8,348,334,12,4,1,1,9,3,5,2,0,0,281,2,5,Matches,FRA-L1,20-21
68a26d51,127,Pedro Chirivella,ESP,MF,Nantes,23,1997,25.3,1229,1196,29,22,3,10,4,3,0,0,0,0,1023,4,20,Matches,FRA-L1,20-21
7909ffa4,128,Joris Chotard,FRA,MF,Montpellier,18,2001,12.9,366,349,16,9,1,6,9,3,2,1,1,0,267,1,7,Matches,FRA-L1,20-21
45c1c326,129,Mounir Chouiar,FRA,"FW,MF",Dijon,21,1999,14.3,524,467,56,12,2,9,49,8,28,13,14,0,393,1,16,Matches,FRA-L1,20-21
2b9b37b2,130,Sébastien Cibois,FRA,GK,Brest,22,1998,3.0,91,60,31,9,0,1,0,0,0,0,0,0,65,0,0,Matches,FRA-L1,20-21
741418c3,131,Alexis Claude-Maurice,FRA,"MF,FW",Nice,22,1998,21.2,753,696,56,22,1,1,57,4,29,12,17,0,604,1,15,Matches,FRA-L1,20-21
5219ab4a,132,Jonathan Clauss,FRA,DF,Lens,27,1992,28.0,1401,1053,345,43,0,4,216,232,70,31,30,0,988,3,28,Matches,FRA-L1,20-21
3010aefb,133,Marcus Coco,FRA,"MF,FW",Nantes,24,1996,16.4,619,592,21,2,1,1,48,11,8,3,3,0,421,6,33,Matches,FRA-L1,20-21
166a981d,134,Racine Coly,SEN,MF,Nice,24,1995,0.2,21,16,5,0,0,0,0,5,0,0,0,0,19,0,1,Matches,FRA-L1,20-21
3f5b4635,135,Daniel Congré,FRA,DF,Montpellier,35,1985,36.6,1521,1461,59,52,0,12,2,7,0,0,0,0,1314,1,13,Matches,FRA-L1,20-21
0e7ccfc4,136,Sébastien Corchia,FRA,DF,Nantes,29,1990,23.0,986,662,322,53,0,5,136,225,44,16,28,0,648,2,36,Matches,FRA-L1,20-21
beb391dd,137,Maxwel Cornet,CIV,"DF,FW",Lyon,23,1996,27.2,1715,1441,273,25,0,4,82,239,9,0,3,0,1331,1,28,Matches,FRA-L1,20-21
59948ef7,138,David Pereira da Costa,POR,"MF,FW",Lens,19,2001,1.8,46,44,2,0,0,1,5,0,2,0,2,0,36,0,1,Matches,FRA-L1,20-21
aa67d758,139,Charles Costes,FRA,MF,Dijon,17,2002,0.0,0,0,0,0,0,0,0,0,0,0,0,0,0,0,0,Matches,FRA-L1,20-21
2434f24a,140,Benoît Costil,FRA,GK,Bordeaux,33,1987,38.0,1328,895,431,139,0,4,0,0,0,0,0,0,937,2,0,Matches,FRA-L1,20-21
9980269a,141,Kalifa Coulibaly,MLI,FW,Nantes,28,1991,10.9,269,261,7,0,0,1,2,1,0,0,0,0,155,1,6,Matches,FRA-L1,20-21
85a44ecc,142,Lassana Coulibaly,MLI,MF,Angers,24,1996,18.7,671,660,11,8,1,5,12,3,0,0,0,0,547,0,22,Matches,FRA-L1,20-21
67b7357e,143,Senou Coulibaly,MLI,DF,Dijon,25,1994,21.5,1025,988,33,31,0,11,0,2,0,0,0,0,815,4,12,Matches,FRA-L1,20-21
8f325097,144,Nicolas Cozza,FRA,DF,Montpellier,21,1999,15.2,603,520,81,5,0,1,14,76,0,0,0,0,475,2,14,Matches,FRA-L1,20-21
9b40a6ea,145,Andrés Cubas,PAR,MF,Nîmes,24,1996,24.9,1018,972,43,36,1,14,12,1,5,2,2,1,845,3,14,Matches,FRA-L1,20-21
5722eced,146,Mickaël Cuisance,FRA,MF,Marseille,20,1999,11.4,500,488,11,5,1,4,9,3,2,1,1,0,415,1,10,Matches,FRA-L1,20-21
1ec7e1c5,147,Damien Da Silva,FRA,DF,Rennes,32,1988,29.6,2037,1991,45,44,0,24,9,1,0,0,0,0,1784,1,10,Matches,FRA-L1,20-21
29c02c9f,148,Colin Dagba,FRA,DF,Paris S-G,21,1998,15.1,944,833,111,11,0,0,39,100,0,0,0,0,832,0,19,Matches,FRA-L1,20-21
7ef972c3,149,Flavius Daniliuc,AUT,DF,Nice,19,2001,16.4,1117,1058,59,16,0,14,2,43,0,0,0,0,981,0,9,Matches,FRA-L1,20-21
fd2bc67d,150,Dante,BRA,DF,Nice,36,1983,8.6,696,683,12,11,0,7,0,1,0,0,0,0,628,1,1,Matches,FRA-L1,20-21
ce50fd99,151,Jonathan David,CAN,FW,Lille,20,2000,26.2,577,558,18,0,1,0,8,8,0,0,0,0,444,1,15,Matches,FRA-L1,20-21
ae4e2852,152,Mattia De Sciglio,ITA,DF,Lyon,27,1992,16.3,980,854,125,14,0,9,33,109,2,0,1,0,811,1,17,Matches,FRA-L1,20-21
5fdcb075,153,Thibault De Smet,BEL,DF,Reims,22,1998,5.5,364,303,58,0,0,3,11,58,0,0,0,0,279,3,7,Matches,FRA-L1,20-21
44f8c299,154,Lucas Deaux,FRA,"MF,DF",Nîmes,31,1988,19.5,1013,966,43,31,0,26,21,11,1,1,0,0,795,4,16,Matches,FRA-L1,20-21
92232aad,155,Mathieu Debuchy,FRA,DF,Saint-Étienne,35,1985,23.4,1267,940,323,34,0,14,96,289,0,0,0,0,909,4,38,Matches,FRA-L1,20-21
0be95d34,156,Romain Del Castillo,FRA,"MF,FW",Rennes,24,1996,7.2,374,351,23,4,0,3,35,7,11,5,5,0,267,0,12,Matches,FRA-L1,20-21
8332db56,157,Thomas Delaine,FRA,"DF,FW",Metz,28,1992,19.8,830,686,141,7,0,2,85,134,0,0,0,0,601,3,21,Matches,FRA-L1,20-21
79685569,158,Jonathan Delaplace,FRA,DF,Lorient,34,1986,10.1,517,389,126,5,0,1,30,121,0,0,0,0,380,2,11,Matches,FRA-L1,20-21
e4448c8c,159,Sacha Delaye,FRA,MF,Montpellier,18,2002,0.1,3,3,0,0,0,0,0,0,0,0,0,0,2,0,0,Matches,FRA-L1,20-21
d33c706e,160,Andy Delort,ALG,FW,Montpellier,28,1991,27.6,905,826,77,6,3,10,106,8,9,4,2,0,530,2,32,Matches,FRA-L1,20-21
e7986081,161,Moussa Dembélé,FRA,FW,Lyon,24,1996,7.5,138,129,9,1,0,1,1,1,0,0,0,0,96,0,1,Matches,FRA-L1,20-21
47af88b8,162,Jason Denayer,BEL,DF,Lyon,25,1995,29.0,1692,1655,36,34,0,7,2,2,0,0,0,0,1598,1,6,Matches,FRA-L1,20-21
0d3585b5,163,Kévin Denkey,TOG,FW,Nîmes,19,2000,5.8,108,94,13,2,0,2,2,0,0,0,0,0,75,1,3,Matches,FRA-L1,20-21
e53ab10b,164,Clément Depres,FRA,FW,Nîmes,25,1994,0.2,5,5,0,0,0,0,0,0,0,0,0,0,4,0,1,Matches,FRA-L1,20-21
19cda00b,165,Ángel Di María,ARG,"FW,MF",Paris S-G,32,1988,20.6,1220,1072,140,28,16,17,188,31,79,39,24,0,885,8,28,Matches,FRA-L1,20-21
244bc2c8,166,Boulaye Dia,SEN,"FW,MF",Reims,23,1996,32.6,621,577,42,0,1,6,14,1,0,0,0,0,488,2,15,Matches,FRA-L1,20-21
fc62f087,167,Abdou Diallo,SEN,DF,Paris S-G,24,1996,16.6,1187,1116,69,24,0,4,12,45,0,0,0,0,1099,2,6,Matches,FRA-L1,20-21
6605d143,168,Habib Diallo,SEN,FW,Strasbourg,25,1995,25.8,563,547,15,0,1,9,17,2,0,0,0,0,371,1,21,Matches,FRA-L1,20-21
6605d143,169,Habib Diallo,SEN,"FW,MF",Metz,25,1995,1.6,34,31,3,0,0,0,0,0,0,0,0,0,17,0,3,Matches,FRA-L1,20-21
11ff3d56,170,Ibrahima Diallo,FRA,MF,Brest,21,1999,4.9,288,275,12,12,0,4,3,0,0,0,0,0,247,1,4,Matches,FRA-L1,20-21
29939a1d,171,Stéphane Diarra,FRA,"MF,FW",Lorient,21,1998,2.2,84,78,6,0,0,0,14,2,4,0,0,0,57,0,3,Matches,FRA-L1,20-21
8104e41e,172,Krépin Diatta,SEN,"MF,DF",Monaco,21,1999,4.3,161,154,5,0,0,1,12,5,0,0,0,0,114,2,4,Matches,FRA-L1,20-21
40774c6b,173,Bamba Dieng,SEN,"FW,DF",Marseille,20,2000,1.4,19,15,4,0,0,0,1,1,0,0,0,0,14,0,0,Matches,FRA-L1,20-21
95bb6ddc,174,Junior Dina Ebimbe,FRA,"FW,MF",Dijon,19,2000,23.8,800,780,15,8,3,5,27,6,0,0,0,0,634,5,23,Matches,FRA-L1,20-21
92b56413,175,Tristan Dingomé,CMR,MF,Reims,29,1991,0.2,15,15,0,0,0,0,0,0,0,0,0,0,12,0,1,Matches,FRA-L1,20-21
6de23ab0,176,Sinaly Diomande,CIV,DF,Lyon,19,2001,12.6,739,714,25,16,1,2,2,9,0,0,0,0,638,0,5,Matches,FRA-L1,20-21
4be0b467,177,Lois Diony,FRA,FW,Angers,27,1992,19.4,390,356,34,0,2,1,38,1,0,0,0,0,235,0,22,Matches,FRA-L1,20-21
19053e31,178,Sofiane Diop,FRA,"MF,FW",Monaco,20,2000,22.5,985,948,35,15,0,6,39,10,10,1,5,1,770,2,21,Matches,FRA-L1,20-21
9b5237b1,179,Andy Diouf,FRA,FW,Rennes,17,2003,0.1,1,1,0,0,0,0,0,0,0,0,0,0,1,0,0,Matches,FRA-L1,20-21
eedea60b,180,Yehvann Diouf,FRA,GK,Reims,20,1999,1.5,52,39,13,1,0,0,0,0,0,0,0,0,41,0,0,Matches,FRA-L1,20-21
7f622eef,181,Assane Dioussé,SEN,DF,Saint-Étienne,22,1997,0.0,1,1,0,0,0,0,0,0,0,0,0,0,1,0,0,Matches,FRA-L1,20-21
ad82197c,182,Axel Disasi,FRA,DF,Monaco,22,1998,22.3,1558,1491,62,27,0,17,4,35,0,0,0,0,1336,5,6,Matches,FRA-L1,20-21
b2336681,183,Tiago Djaló,POR,DF,Lille,20,2000,9.7,711,630,79,8,0,1,6,71,0,0,0,0,614,2,8,Matches,FRA-L1,20-21
43e7a164,184,Alexander Djiku,GHA,"DF,MF",Strasbourg,25,1994,28.4,1351,1307,42,39,1,12,8,2,1,0,1,0,1134,2,8,Matches,FRA-L1,20-21
a1f3f5a0,185,Mihai Dobre,ROU,FW,Dijon,21,1998,5.9,171,165,6,0,0,1,4,3,0,0,0,0,123,0,11,Matches,FRA-L1,20-21
fffea3e5,186,Jeremy Doku,BEL,"MF,FW",Rennes,18,2002,25.7,969,958,7,3,4,3,57,4,0,0,0,0,773,4,27,Matches,FRA-L1,20-21
cc83b74d,187,Kasper Dolberg,DEN,FW,Nice,22,1997,21.4,313,269,42,0,0,1,3,0,0,0,0,0,251,2,6,Matches,FRA-L1,20-21
ccb1c3af,188,Keagan Dolly,RSA,MF,Montpellier,27,1993,5.0,177,163,13,3,0,0,13,1,8,3,3,0,150,1,4,Matches,FRA-L1,20-21
0f26fd24,189,Anastasios Donis,GRE,MF,Reims,23,1996,1.1,24,24,0,0,0,0,5,0,0,0,0,0,12,0,2,Matches,FRA-L1,20-21
ce4f40c7,190,Cheick Doucouré,MLI,MF,Lens,20,2000,29.2,1453,1432,17,16,1,19,3,0,0,0,0,0,1252,4,21,Matches,FRA-L1,20-21
1bfe34dc,191,Fodé Doucouré,MLI,DF,Reims,19,2001,3.7,198,159,39,4,0,0,8,35,0,0,0,0,152,0,3,Matches,FRA-L1,20-21
9826ea33,192,Mahamadou Doucouré,MLI,"FW,MF",Nîmes,20,2000,0.5,12,11,1,0,0,0,1,0,0,0,0,0,9,0,0,Matches,FRA-L1,20-21
6481421d,193,Moussa Doumbia,MLI,"MF,FW",Reims,25,1994,10.0,397,377,18,7,0,3,34,0,11,6,4,0,317,2,10,Matches,FRA-L1,20-21
9daeac61,194,Souleyman Doumbia,CIV,DF,Angers,23,1996,24.7,1272,1022,249,10,0,4,64,239,0,0,0,0,1009,1,27,Matches,FRA-L1,20-21
309937e7,195,Mouhamadou Drammeh,FRA,MF,Reims,21,1999,1.9,55,52,3,3,0,0,0,0,0,0,0,0,44,0,1,Matches,FRA-L1,20-21
1a992676,196,Julian Draxler,GER,"MF,FW",Paris S-G,26,1993,11.8,639,605,31,6,1,2,29,5,20,11,3,0,549,3,10,Matches,FRA-L1,20-21
fbf83734,197,Matthieu Dreyer,FRA,GK,Lorient,31,1989,15.0,358,211,146,38,0,2,0,0,0,0,0,0,225,1,1,Matches,FRA-L1,20-21
ff0ab48c,198,Leo Dubois,FRA,DF,Lyon,25,1994,32.3,2283,1797,476,70,0,9,212,316,90,1,59,0,1785,10,45,Matches,FRA-L1,20-21
9b6556d2,199,Haris Duljević,BIH,"MF,FW",Nîmes,26,1993,8.6,300,283,15,4,2,4,18,3,2,2,0,0,223,2,5,Matches,FRA-L1,20-21
0cbc8baa,200,Jean-Kevin Duverne,HAI,DF,Brest,23,1997,22.5,1361,1297,61,42,0,14,10,19,0,0,0,0,1135,3,10,Matches,FRA-L1,20-21
9ba7b4fa,201,Enzo Ebosse,CMR,DF,Angers,21,1999,2.9,151,134,16,5,0,0,4,11,0,0,0,0,129,1,3,Matches,FRA-L1,20-21
72a0fb65,202,Bruno Ecuele Manga,GAB,DF,Dijon,32,1988,38.0,1972,1894,75,69,0,10,2,6,0,0,0,0,1666,3,7,Matches,FRA-L1,20-21
5b92d896,203,Hugo Ekitike,FRA,"FW,MF",Reims,18,2002,1.0,30,27,3,0,0,1,0,0,0,0,0,0,25,0,0,Matches,FRA-L1,20-21
0033fb1b,204,Niclas Eliasson,SWE,"MF,FW",Nîmes,24,1995,20.0,530,415,112,41,0,1,142,14,57,27,26,0,307,3,11,Matches,FRA-L1,20-21
5c9ac7f0,205,Renaud Emond,BEL,"FW,MF",Nantes,28,1991,3.9,86,77,9,0,0,0,2,2,0,0,0,0,58,0,1,Matches,FRA-L1,20-21
a59d55b1,206,Yoann Etienne,FRA,DF,Lorient,23,1997,1.0,36,27,9,0,0,0,5,9,0,0,0,0,23,0,1,Matches,FRA-L1,20-21
bc7b4580,207,Fábio,BRA,DF,Nantes,30,1990,16.7,881,688,191,13,1,2,32,177,1,1,0,0,675,2,14,Matches,FRA-L1,20-21
33508c78,208,Cesc Fàbregas,ESP,"MF,FW",Monaco,33,1987,9.7,809,711,96,33,2,7,69,5,56,24,21,2,634,2,15,Matches,FRA-L1,20-21
45bb4303,209,Bandiougou Fadiga,FRA,"FW,MF",Paris S-G,19,2001,0.7,35,34,0,0,0,0,0,0,0,0,0,0,33,1,0,Matches,FRA-L1,20-21
45bb4303,210,Bandiougou Fadiga,FRA,"MF,FW",Brest,19,2001,0.5,29,28,1,1,0,0,1,0,0,0,0,0,24,0,1,Matches,FRA-L1,20-21
9c221d14,211,Wout Faes,BEL,DF,Reims,22,1998,32.2,1608,1577,25,22,0,14,0,3,0,0,0,0,1380,6,5,Matches,FRA-L1,20-21
745ca0a3,212,Romain Faivre,FRA,"MF,FW",Brest,22,1998,32.1,1476,1299,171,58,0,10,138,13,92,55,22,0,1172,6,26,Matches,FRA-L1,20-21
2c127b6f,213,Wuilker Faríñez,VEN,GK,Lens,22,1998,1.2,28,17,11,2,0,0,0,0,0,0,0,0,18,0,0,Matches,FRA-L1,20-21
2693f6bc,214,Noah Fatar,FRA,"FW,MF",Angers,18,2002,0.2,9,9,0,0,0,0,0,0,0,0,0,0,7,0,0,Matches,FRA-L1,20-21
767212e6,215,Julien Faussurier,FRA,DF,Brest,33,1987,10.6,608,483,124,8,0,16,52,110,6,0,2,0,455,1,16,Matches,FRA-L1,20-21
005c0807,216,Zinedine Ferhat,ALG,"FW,MF",Nîmes,27,1993,32.9,1242,1156,80,15,5,11,124,24,39,10,18,1,819,6,31,Matches,FRA-L1,20-21
375622c5,217,Jordan Ferri,FRA,MF,Montpellier,28,1992,28.6,1646,1603,39,33,2,36,27,5,1,0,0,0,1396,4,31,Matches,FRA-L1,20-21
caef7840,218,Alexis Flips,FRA,"MF,FW",Reims,20,2000,0.5,17,15,2,1,0,1,5,0,1,1,0,0,9,0,0,Matches,FRA-L1,20-21
e288d4b3,219,Alessandro Florenzi,ITA,DF,Paris S-G,29,1991,17.1,1009,902,105,9,0,10,80,93,3,2,1,0,815,2,12,Matches,FRA-L1,20-21
4c4ffacc,220,Mamadou Fofana,MLI,"MF,DF",Metz,22,1998,11.9,452,439,13,13,0,0,0,0,0,0,0,0,376,0,3,Matches,FRA-L1,20-21
5313ed43,221,Seko Fofana,CIV,MF,Lens,25,1995,25.7,1218,1201,14,5,0,12,19,2,0,0,0,0,1049,3,21,Matches,FRA-L1,20-21
132a82f1,222,Wesley Fofana,FRA,DF,Saint-Étienne,19,2000,3.5,184,171,10,5,1,1,0,5,0,0,0,0,149,3,1,Matches,FRA-L1,20-21
822d51d7,223,Youssouf Fofana,FRA,MF,Monaco,21,1999,31.9,1703,1643,54,36,3,20,37,2,16,5,10,0,1435,6,14,Matches,FRA-L1,20-21
90eb507d,224,Thomas Foket,BEL,DF,Reims,25,1994,36.9,1923,1523,395,29,0,18,59,364,0,0,0,0,1506,5,43,Matches,FRA-L1,20-21
2145368f,225,Lamine Fomba,FRA,MF,Nîmes,22,1998,24.2,699,689,10,9,0,4,2,1,0,0,0,0,564,0,10,Matches,FRA-L1,20-21
9f90c06b,226,Thomas Fontaine,MAD,DF,Lorient,29,1991,3.6,102,93,9,9,0,0,0,0,0,0,0,0,89,0,1,Matches,FRA-L1,20-21
90f87966,227,José Fonte,POR,DF,Lille,36,1983,35.4,2386,2307,76,70,0,33,12,5,1,0,0,0,2146,3,12,Matches,FRA-L1,20-21
574aa9ec,228,Steven Fortes,CPV,DF,Lens,28,1992,15.9,937,904,33,32,0,13,1,1,0,0,0,0,814,0,6,Matches,FRA-L1,20-21
ddcc9e22,229,Yassin Fortune,FRA,FW,Angers,21,1999,0.2,4,3,1,0,0,0,0,0,0,0,0,0,3,0,0,Matches,FRA-L1,20-21
4b96c347,230,Angelo Fulgini,FRA,MF,Angers,23,1996,30.3,1620,1485,129,45,9,8,100,5,57,17,30,0,1289,6,31,Matches,FRA-L1,20-21
bc224243,231,Baptiste Gabard,FRA,MF,Saint-Étienne,20,2000,1.5,57,56,1,1,0,0,0,0,0,0,0,0,44,0,3,Matches,FRA-L1,20-21
72c812f3,232,Idrissa Gana Gueye,SEN,MF,Paris S-G,30,1989,17.6,1700,1662,36,28,1,4,7,8,0,0,0,0,1569,2,13,Matches,FRA-L1,20-21
23c63b7f,233,Ignatius Ganago,CMR,FW,Lens,21,1999,14.5,280,259,21,0,1,1,15,2,0,0,0,0,193,0,7,Matches,FRA-L1,20-21
6be41a31,234,Yann Gboho,FRA,"MF,FW",Rennes,19,2001,3.4,117,115,1,1,2,1,3,0,0,0,0,0,89,1,6,Matches,FRA-L1,20-21
ea0ff634,235,Valère Germain,FRA,"FW,MF",Marseille,30,1990,9.5,285,266,16,1,0,2,8,3,0,0,0,0,192,3,9,Matches,FRA-L1,20-21
9836e892,236,Willem Geubbels,FRA,"MF,FW",Monaco,18,2001,3.3,126,120,6,1,1,1,6,1,0,0,0,0,88,0,3,Matches,FRA-L1,20-21
3befc2b6,237,Andrei Girotto,BRA,"DF,MF",Nantes,28,1992,29.6,1482,1422,57,56,0,13,9,1,0,0,0,0,1180,3,11,Matches,FRA-L1,20-21
3708e9fa,238,Aleksandr Golovin,RUS,"MF,FW",Monaco,24,1996,11.9,585,487,91,26,4,0,102,4,60,35,21,0,396,7,18,Matches,FRA-L1,20-21
cecbce23,239,Alfred Gomis,SEN,GK,Dijon,26,1993,5.0,188,101,86,21,0,1,0,0,0,0,0,0,124,1,0,Matches,FRA-L1,20-21
cecbce23,240,Alfred Gomis,SEN,GK,Rennes,26,1993,22.0,663,488,174,43,0,2,0,1,0,0,0,0,524,1,0,Matches,FRA-L1,20-21
743fd71f,241,Vagner Gonçalves,CPV,"FW,MF",Metz,24,1996,10.7,252,229,20,11,3,1,18,4,2,2,0,0,186,3,7,Matches,FRA-L1,20-21
42dcf26d,242,Álvaro González,ESP,DF,Marseille,30,1990,31.5,1946,1871,73,67,1,17,0,6,0,0,0,0,1708,2,7,Matches,FRA-L1,20-21
aad56ca3,243,Amine Gouiri,ALG,"FW,MF",Nice,20,2000,30.5,1161,1014,143,27,5,8,88,19,64,33,12,0,871,4,33,Matches,FRA-L1,20-21
3cd7820a,244,Lucas Gourna-Douath,FRA,MF,Saint-Étienne,16,2003,14.7,611,599,12,11,1,5,3,1,0,0,0,0,532,0,9,Matches,FRA-L1,20-21
06c48679,245,Jonathan Gradit,FRA,DF,Lens,27,1992,31.4,1740,1668,71,56,2,32,4,15,0,0,0,0,1509,1,12,Matches,FRA-L1,20-21
49136c42,246,Andrew Gravillon,GLP,DF,Lorient,22,1998,25.2,1216,1166,45,43,1,15,9,2,0,0,0,0,906,5,16,Matches,FRA-L1,20-21
4a987ffa,247,Adrian Grbić,AUT,FW,Lorient,23,1996,10.7,211,191,19,0,0,1,5,0,0,0,0,0,126,1,14,Matches,FRA-L1,20-21
667b65da,248,Etienne Green,ENG,GK,Saint-Étienne,20,2000,8.0,219,129,89,20,0,0,0,0,0,0,0,0,135,1,0,Matches,FRA-L1,20-21
8b298f56,249,Clément Grenier,FRA,"MF,FW",Rennes,29,1991,12.0,905,831,73,35,2,12,56,2,33,13,17,0,717,1,16,Matches,FRA-L1,20-21
b73f17f8,250,Evann Guessand,CIV,FW,Nice,19,2001,0.3,4,4,0,0,0,0,0,0,0,0,0,0,2,0,0,Matches,FRA-L1,20-21
fe296c72,251,Kelyan Guessoum,FRA,DF,Nîmes,21,1999,12.5,573,552,19,18,0,7,0,1,0,0,0,0,505,2,4,Matches,FRA-L1,20-21
9d5dcc23,252,Lamine Gueye,SEN,"FW,MF",Metz,22,1998,16.2,499,466,33,5,0,1,69,10,18,5,9,0,341,0,19,Matches,FRA-L1,20-21
7155e3e1,253,Pape Gueye,SEN,MF,Marseille,21,1999,22.9,1389,1356,29,25,0,10,9,4,0,0,0,0,1159,4,22,Matches,FRA-L1,20-21
5d8d7454,254,Frederic Guilbert,FRA,DF,Strasbourg,25,1994,12.4,657,496,158,27,0,7,67,123,8,3,5,0,444,3,19,Matches,FRA-L1,20-21
82518f62,255,Bruno Guimarães,BRA,MF,Lyon,22,1997,19.5,1460,1410,44,33,6,12,18,8,3,1,0,0,1303,6,12,Matches,FRA-L1,20-21
923f4dda,256,Serhou Guirassy,GUI,FW,Rennes,24,1996,19.6,492,466,25,2,0,8,4,1,0,0,0,0,371,1,12,Matches,FRA-L1,20-21
d56b9520,257,Malo Gusto,FRA,"DF,MF",Lyon,17,2003,0.0,1,0,1,0,0,0,0,1,0,0,0,0,1,0,0,Matches,FRA-L1,20-21
5167c97e,258,Massadio Haïdara,MLI,DF,Lens,27,1992,23.7,1239,1040,197,36,0,14,44,160,1,0,0,0,1006,2,28,Matches,FRA-L1,20-21
a99da9ec,259,Pierre-Yves Hamel,FRA,FW,Lorient,26,1994,9.4,193,171,22,0,0,1,3,0,0,0,0,0,121,0,7,Matches,FRA-L1,20-21
0b4d8274,260,Romain Hamouma,FRA,"FW,MF",Saint-Étienne,33,1987,19.7,640,535,102,18,1,4,96,7,41,12,28,0,429,3,24,Matches,FRA-L1,20-21
f45f9427,261,Dalbert Henrique,BRA,DF,Rennes,26,1993,4.1,279,237,42,5,0,1,12,37,0,0,0,0,237,0,4,Matches,FRA-L1,20-21
f36d5624,262,Luis Henrique,BRA,"FW,DF",Marseille,18,2001,7.5,289,267,21,2,1,0,27,18,0,0,0,0,222,1,6,Matches,FRA-L1,20-21
3681cfff,263,Christophe Hérelle,MTQ,DF,Brest,27,1992,15.3,904,870,34,25,0,1,2,9,0,0,0,0,789,0,2,Matches,FRA-L1,20-21
a84f9a4b,264,Jérôme Hergault,FRA,"DF,MF",Lorient,34,1986,18.1,896,712,183,11,0,1,39,172,0,0,0,0,687,1,13,Matches,FRA-L1,20-21
436a9dd0,265,Ander Herrera,ESP,MF,Paris S-G,30,1989,20.6,1750,1702,40,23,8,3,13,11,5,1,1,0,1580,8,9,Matches,FRA-L1,20-21
c4bbea9f,266,Vitorino Hilton,BRA,DF,Montpellier,42,1977,23.5,1069,1014,53,44,0,11,4,9,0,0,0,0,868,2,16,Matches,FRA-L1,20-21
db7849ca,267,Franck Honorat,FRA,"MF,FW",Brest,23,1996,27.3,1057,931,116,29,5,10,185,32,53,30,12,0,686,10,42,Matches,FRA-L1,20-21
29aee77c,268,Fraser Hornby,SCO,"FW,MF",Reims,20,1999,0.4,9,9,0,0,0,0,0,0,0,0,0,0,4,0,0,Matches,FRA-L1,20-21
d14229f3,269,Adrien Hunou,FRA,"FW,MF",Rennes,26,1994,6.5,192,181,11,0,0,2,1,2,0,0,0,0,151,0,4,Matches,FRA-L1,20-21
885b7aa7,270,Didier Ibrahim Ndong,GAB,MF,Dijon,26,1994,29.0,1508,1471,35,33,2,19,21,2,0,0,0,0,1304,2,17,Matches,FRA-L1,20-21
43b78598,271,Mauro Icardi,ARG,FW,Paris S-G,27,1993,12.0,182,159,23,0,0,1,3,1,1,0,0,0,142,0,4,Matches,FRA-L1,20-21
42eaa028,272,Jonathan Ikone,FRA,"MF,FW",Lille,22,1998,24.2,760,721,36,13,9,7,7,15,0,0,0,0,608,3,13,Matches,FRA-L1,20-21
23bf644d,273,Yun Il-lok,KOR,"MF,FW",Montpellier,28,1992,3.5,106,99,6,0,0,0,7,1,4,1,3,0,76,1,4,Matches,FRA-L1,20-21
7d9b37bf,274,Corentin Jean,FRA,"FW,MF",Lens,25,1995,6.4,168,158,10,1,0,2,17,2,5,1,4,0,124,0,8,Matches,FRA-L1,20-21
4a537185,275,Jesé,ESP,FW,Paris S-G,27,1993,0.3,7,7,0,0,0,0,0,0,0,0,0,0,3,0,1,Matches,FRA-L1,20-21
f36c432f,276,Stevan Jovetić,MNE,"FW,MF",Monaco,30,1989,8.9,385,357,22,0,0,4,25,3,14,4,6,0,253,6,22,Matches,FRA-L1,20-21
32f3d97e,277,Abdoul Kader Bamba,FRA,"FW,MF",Nantes,26,1994,10.2,490,441,47,21,1,4,39,6,17,9,8,0,368,2,17,Matches,FRA-L1,20-21
7d08063d,278,Tino Kadewere,ZIM,FW,Lyon,24,1996,22.3,628,619,8,0,2,3,33,2,1,0,0,0,453,1,20,Matches,FRA-L1,20-21
5b1bf5e3,279,Gaël Kakuta,COD,"MF,FW",Lens,29,1991,26.6,1157,1057,91,34,8,9,114,5,51,27,18,0,819,9,36,Matches,FRA-L1,20-21
bf4c41f9,280,Arnaud Kalimuendo,FRA,FW,Paris S-G,18,2002,0.8,20,19,1,0,0,0,1,1,0,0,0,0,18,0,1,Matches,FRA-L1,20-21
bf4c41f9,281,Arnaud Kalimuendo,FRA,"FW,MF",Lens,18,2002,13.5,291,277,13,2,0,1,21,3,0,0,0,0,222,1,9,Matches,FRA-L1,20-21
b8d22478,282,Samuel Kalu,NGA,"FW,MF",Bordeaux,22,1997,10.7,301,285,15,5,0,3,28,3,7,5,2,0,216,1,10,Matches,FRA-L1,20-21
4047c976,283,Aboubakar Kamara,MTN,"FW,MF",Dijon,25,1995,6.2,146,138,7,0,0,1,10,2,0,0,0,0,104,1,6,Matches,FRA-L1,20-21
3814120d,284,Bingourou Kamara,SEN,GK,Strasbourg,23,1996,8.0,245,175,70,14,0,0,0,0,0,0,0,0,164,0,0,Matches,FRA-L1,20-21
cc77354e,285,Boubacar Kamara,FRA,MF,Marseille,20,1999,32.2,2040,1955,81,77,0,23,3,4,0,0,0,0,1762,4,25,Matches,FRA-L1,20-21
19a12bed,286,Hassane Kamara,CIV,"DF,FW",Nice,26,1994,32.9,1952,1679,267,24,1,17,112,242,1,1,0,0,1581,6,43,Matches,FRA-L1,20-21
b4c816a9,287,Wilfried Kanga,CIV,FW,Angers,22,1998,1.5,20,16,4,0,0,0,1,0,0,0,0,0,15,0,0,Matches,FRA-L1,20-21
a4527d33,288,Eiji Kawashima,JPN,GK,Strasbourg,37,1983,24.0,712,458,254,62,0,0,0,0,0,0,0,0,487,0,2,Matches,FRA-L1,20-21
3d50bcdb,289,Moise Kean,ITA,FW,Paris S-G,20,2000,18.9,313,284,28,0,0,3,8,2,0,0,0,0,243,1,11,Matches,FRA-L1,20-21
51dbeea9,290,Thilo Kehrer,GER,DF,Paris S-G,23,1996,18.0,1263,1201,62,16,0,1,10,46,0,0,0,0,1162,0,9,Matches,FRA-L1,20-21
cc588cbe,291,Habib Keita,MLI,MF,Lyon,18,2002,0.1,3,3,0,0,0,0,0,0,0,0,0,0,3,0,0,Matches,FRA-L1,20-21
796b1c41,292,Saîf-Eddine Khaoui,TUN,"FW,DF",Marseille,25,1995,6.7,261,226,34,3,0,1,15,29,2,0,2,0,179,1,7,Matches,FRA-L1,20-21
2677a1de,293,Wahbi Khazri,TUN,FW,Saint-Étienne,29,1991,13.1,373,341,30,14,0,8,29,7,4,2,1,0,252,2,13,Matches,FRA-L1,20-21
aef6e670,294,Presnel Kimpembe,FRA,DF,Paris S-G,24,1995,25.6,1975,1926,47,42,0,4,0,5,0,0,0,0,1874,2,4,Matches,FRA-L1,20-21
c0b3669f,295,Randal Kolo Muani,FRA,FW,Nantes,21,1998,33.7,613,579,32,0,2,2,18,1,0,0,0,0,400,2,27,Matches,FRA-L1,20-21
ab096c6f,296,Timothée Kolodziejczak,FRA,DF,Saint-Étienne,28,1991,22.6,1354,1257,93,42,2,6,10,51,0,0,0,0,1116,4,17,Matches,FRA-L1,20-21
6b2c894b,297,Ghislain Konan,CIV,DF,Reims,24,1995,29.0,1490,1203,283,22,0,5,64,260,0,0,0,0,1170,4,29,Matches,FRA-L1,20-21
fcbcbd94,298,Moussa Konaté,SEN,FW,Dijon,27,1993,13.3,272,238,32,1,0,1,5,0,0,0,0,0,198,2,5,Matches,FRA-L1,20-21
a46472d0,299,Lamine Koné,CIV,DF,Strasbourg,31,1989,11.6,479,456,21,20,0,11,2,1,0,0,0,0,385,2,6,Matches,FRA-L1,20-21
3ef68782,300,Moussa Koné,SEN,FW,Nîmes,23,1996,19.5,295,245,48,2,0,4,4,0,0,0,0,0,225,2,8,Matches,FRA-L1,20-21
f5efb153,301,Laurent Koscielny,FRA,DF,Bordeaux,34,1985,24.6,1333,1296,35,34,1,3,2,1,0,0,0,0,1198,2,6,Matches,FRA-L1,20-21
562a4799,302,Boubakar Kouyaté,MLI,DF,Metz,23,1997,21.8,873,853,19,19,0,4,0,0,0,0,0,0,705,1,6,Matches,FRA-L1,20-21
037f2523,303,Jean-Philippe Krasso,CIV,FW,Saint-Étienne,23,1997,2.5,42,40,2,0,0,0,2,1,0,0,0,0,26,0,2,Matches,FRA-L1,20-21
41e7ef1c,304,Layvin Kurzawa,FRA,DF,Paris S-G,27,1992,14.2,972,853,117,15,0,1,43,102,0,0,0,0,827,2,9,Matches,FRA-L1,20-21
1b6862e8,305,Dereck Kutesa,SUI,"MF,FW",Reims,22,1997,7.6,149,148,1,0,0,0,16,1,0,0,0,0,96,0,11,Matches,FRA-L1,20-21
4bf69118,306,Enock Kwateng,FRA,DF,Bordeaux,23,1997,11.5,667,566,101,8,0,1,17,93,0,0,0,0,538,0,9,Matches,FRA-L1,20-21
7cdda3bf,307,Gaëtan Laborde,FRA,"FW,MF",Montpellier,26,1994,36.2,902,884,13,1,1,3,55,6,0,0,0,0,575,5,28,Matches,FRA-L1,20-21
295ba708,308,Tom Lacoux,FRA,MF,Bordeaux,18,2002,5.8,222,218,4,1,0,3,2,3,0,0,0,0,191,0,5,Matches,FRA-L1,20-21
4e7db402,309,Alban Lafont,FRA,GK,Nantes,21,1999,38.0,1124,735,386,129,0,4,0,0,0,0,0,0,653,3,0,Matches,FRA-L1,20-21
770d7eb8,310,Kenny Lala,MAD,DF,Strasbourg,28,1991,20.4,1132,856,274,41,1,17,106,204,29,8,17,0,806,2,29,Matches,FRA-L1,20-21
08082af0,311,Loïck Landre,FRA,DF,Nîmes,28,1992,18.1,798,758,37,31,0,11,0,3,0,0,0,0,691,3,3,Matches,FRA-L1,20-21
f066022d,312,Julien Laporte,FRA,DF,Lorient,26,1993,29.5,1506,1453,49,48,1,9,0,1,0,0,0,0,1240,4,4,Matches,FRA-L1,20-21
b49729cb,313,Gautier Larsonneur,FRA,GK,Brest,23,1997,35.0,1253,869,380,98,0,0,0,0,0,0,0,0,998,4,0,Matches,FRA-L1,20-21
542cc80f,314,Paul Lasne,FRA,MF,Brest,31,1989,18.7,1084,1058,24,23,0,3,4,0,0,0,0,0,926,2,8,Matches,FRA-L1,20-21
2d22cea7,315,Armand Lauriente,FRA,"MF,FW",Lorient,21,1998,18.0,568,508,60,7,2,2,90,2,49,16,27,0,427,0,10,Matches,FRA-L1,20-21
6e5b5a45,316,Wesley Lautoa,NCL,"MF,DF",Dijon,32,1987,17.9,812,797,14,11,0,12,4,2,1,1,0,0,684,1,10,Matches,FRA-L1,20-21
88c4d190,317,Jérémy Le Douaron,FRA,"FW,MF",Brest,22,1998,9.1,188,180,7,1,0,0,12,3,0,0,0,0,125,1,4,Matches,FRA-L1,20-21
6f806d99,318,Enzo Le Fée,FRA,MF,Lorient,20,2000,20.2,868,772,90,34,5,11,70,3,44,13,22,1,671,6,11,Matches,FRA-L1,20-21
2321ea6e,319,Vincent Le Goff,FRA,DF,Lorient,30,1989,25.6,1279,1015,259,18,2,4,64,240,1,0,1,0,982,5,26,Matches,FRA-L1,20-21
8f4d116f,320,Damien Le Tallec,FRA,"MF,DF",Montpellier,30,1990,13.6,438,424,13,13,1,6,2,0,0,0,0,0,345,1,5,Matches,FRA-L1,20-21
7cf431a5,321,James Lea Siliki,CMR,MF,Rennes,24,1996,2.8,151,149,1,1,0,3,8,0,0,0,0,0,118,1,4,Matches,FRA-L1,20-21
edbe46dc,322,Jean-Louis Leca,FRA,GK,Lens,34,1985,36.8,1024,675,346,89,0,2,0,0,0,0,0,0,694,3,0,Matches,FRA-L1,20-21
2fa2a875,323,Benjamin Lecomte,FRA,GK,Monaco,29,1991,28.0,1006,760,246,77,0,4,0,0,0,0,0,0,759,0,0,Matches,FRA-L1,20-21
f5044e54,324,Pierre Lees-Melou,FRA,MF,Nice,27,1993,22.9,1198,1163,33,26,1,21,19,6,1,0,0,0,1019,2,15,Matches,FRA-L1,20-21
54d51e22,325,Fabien Lemoine,FRA,MF,Lorient,33,1987,21.5,1456,1415,38,30,0,10,17,4,2,2,0,0,1247,3,15,Matches,FRA-L1,20-21
29ef0f49,326,Aaron Leya Iseka,BEL,FW,Metz,22,1997,11.2,192,186,4,1,1,1,2,0,0,0,0,0,141,2,2,Matches,FRA-L1,20-21
cc972842,327,Yanis Lhery,FRA,MF,Saint-Étienne,17,2003,0.3,4,4,0,0,0,0,0,0,0,0,0,0,1,0,0,Matches,FRA-L1,20-21
f7691f63,328,Dimitri Liénard,FRA,MF,Strasbourg,32,1988,20.3,1151,1004,141,46,0,32,173,7,88,44,40,0,860,6,23,Matches,FRA-L1,20-21
57a46f3f,329,Isaac Lihadji,FRA,"MF,FW",Lille,18,2002,2.2,101,92,9,2,1,0,6,4,3,2,1,0,70,0,3,Matches,FRA-L1,20-21
ff800ed8,330,Pol Lirola,ESP,"DF,FW",Marseille,22,1997,17.3,821,661,159,11,0,14,58,148,0,0,0,0,624,1,25,Matches,FRA-L1,20-21
f00de885,331,Anthony Lopes,POR,GK,Lyon,29,1990,38.0,1183,860,323,74,0,6,0,0,0,0,0,0,977,0,1,Matches,FRA-L1,20-21
7c2965bb,332,Rony Lopes,POR,"FW,MF",Nice,24,1995,19.8,788,676,111,36,1,2,92,14,60,36,13,0,588,1,20,Matches,FRA-L1,20-21
20094685,333,Maxime Lopez,FRA,"FW,MF",Marseille,22,1997,1.5,58,54,3,0,0,0,0,1,0,0,0,0,47,1,2,Matches,FRA-L1,20-21
64c14d49,334,Dion Lopy,SEN,MF,Reims,18,2002,2.8,103,103,0,0,0,2,1,0,0,0,0,0,91,0,1,Matches,FRA-L1,20-21
fc4cf6a7,335,Jordan Lotomba,SUI,"DF,MF",Nice,21,1998,23.6,1422,1166,255,24,0,4,52,231,0,0,0,0,1160,1,26,Matches,FRA-L1,20-21
85847c67,336,Adrien Louveau,FRA,MF,Lens,20,2000,0.1,4,4,0,0,0,0,0,0,0,0,0,0,4,0,0,Matches,FRA-L1,20-21
e1df6989,337,Imran Louza,MAR,MF,Nantes,21,1999,26.4,1322,1182,133,76,2,13,89,5,42,27,14,1,1028,7,21,Matches,FRA-L1,20-21
a99138af,338,Jean Lucas,BRA,MF,Lyon,22,1998,1.9,131,130,1,1,0,3,8,0,0,0,0,0,110,0,6,Matches,FRA-L1,20-21
a99138af,339,Jean Lucas,BRA,"MF,FW",Brest,22,1998,11.2,651,624,25,17,3,13,15,1,6,3,1,0,575,2,3,Matches,FRA-L1,20-21
881cd6be,340,Florentino Luís,POR,MF,Monaco,20,1999,2.7,166,163,3,3,0,0,1,0,0,0,0,0,142,0,3,Matches,FRA-L1,20-21
d4133fa1,341,Yann M'Vila,FRA,MF,Saint-Étienne,30,1990,0.2,15,15,0,0,0,0,0,0,0,0,0,0,13,0,0,Matches,FRA-L1,20-21
0bb6e193,342,Yvann Macon,FRA,DF,Saint-Étienne,21,1998,6.0,317,231,83,6,0,3,12,77,0,0,0,0,233,3,8,Matches,FRA-L1,20-21
d4d35152,343,Hugo Magnetti,FRA,MF,Brest,22,1998,6.7,346,334,11,10,1,7,5,1,0,0,0,0,290,1,6,Matches,FRA-L1,20-21
f329ec76,344,Hicham Mahou,FRA,FW,Nice,21,1999,0.4,18,16,2,1,0,0,3,1,0,0,0,0,12,0,0,Matches,FRA-L1,20-21
e768de1f,345,Habib Maïga,CIV,MF,Metz,24,1996,29.9,1422,1384,35,25,2,21,22,10,0,0,0,0,1158,3,21,Matches,FRA-L1,20-21
fcb38f57,346,Mike Maignan,FRA,GK,Lille,25,1995,38.0,1071,760,306,66,0,1,0,0,0,0,0,0,779,5,0,Matches,FRA-L1,20-21
bc0bfc64,347,Josh Maja,NGA,FW,Bordeaux,21,1998,8.9,192,180,12,0,0,0,0,3,0,0,0,0,161,0,5,Matches,FRA-L1,20-21
20de219a,348,Radosław Majecki,POL,GK,Monaco,20,1999,1.0,38,24,13,1,0,0,0,0,0,0,0,0,26,1,0,Matches,FRA-L1,20-21
46907171,349,Abdul Majeed Waris,GHA,"FW,MF",Strasbourg,28,1991,6.1,138,137,0,0,0,0,10,0,0,0,0,0,105,1,4,Matches,FRA-L1,20-21
a27ecdc2,350,Marco Majouga,CTA,"FW,MF",Nîmes,19,2001,1.4,37,37,0,0,0,0,3,0,0,0,0,0,27,0,1,Matches,FRA-L1,20-21
0f86995c,351,Hianga Mananga Mbock,FRA,"MF,FW",Brest,20,1999,5.1,215,212,3,2,0,5,0,1,0,0,0,0,197,0,2,Matches,FRA-L1,20-21
c26a3918,352,Vincent Manceau,FRA,DF,Angers,31,1989,25.7,1603,1307,294,31,0,11,62,263,0,0,0,0,1267,2,22,Matches,FRA-L1,20-21
1d2d5cc8,353,Steve Mandanda,FRA,GK,Marseille,35,1985,37.0,1324,932,388,97,0,0,0,0,0,0,0,0,934,4,1,Matches,FRA-L1,20-21
c20bdcd7,354,Reinildo Mandava,MOZ,DF,Lille,26,1994,24.2,1592,1335,253,27,0,3,82,226,0,0,0,0,1258,4,29,Matches,FRA-L1,20-21
c801616a,355,Thomas Mangani,FRA,MF,Angers,33,1987,29.9,2122,1922,192,119,2,29,108,5,68,37,27,0,1700,8,27,Matches,FRA-L1,20-21
c4173f1a,356,Vito Mannone,ITA,GK,Monaco,32,1988,9.0,287,210,77,16,0,0,0,0,0,0,0,0,205,0,0,Matches,FRA-L1,20-21
706a60e1,357,Myziane Maolida,COM,"FW,MF",Nice,21,1999,12.0,365,354,9,1,0,3,29,1,1,0,0,0,266,2,20,Matches,FRA-L1,20-21
e54a9890,358,Faitout Maouassa,FRA,DF,Rennes,22,1998,13.0,813,669,143,14,0,7,60,129,0,0,0,0,640,1,15,Matches,FRA-L1,20-21
3544641e,359,Sekou Mara,FRA,"FW,MF",Bordeaux,18,2002,2.5,66,60,6,0,0,0,3,2,0,0,0,0,37,0,3,Matches,FRA-L1,20-21
9ae9eaea,360,Fernando Marçal,BRA,DF,Lyon,31,1989,0.9,74,70,4,2,0,3,3,2,0,0,0,0,61,0,0,Matches,FRA-L1,20-21
e3d0b0c4,361,Marcelo,BRA,DF,Lyon,33,1987,32.3,2080,2016,60,50,0,18,5,10,0,0,0,0,1828,4,5,Matches,FRA-L1,20-21
5d93ccee,362,Dario Maresic,AUT,DF,Reims,20,1999,5.7,348,331,15,6,0,5,3,9,0,0,0,0,287,2,0,Matches,FRA-L1,20-21
0d2158d5,363,Jordan Marié,FRA,MF,Dijon,28,1991,15.9,773,751,20,12,0,9,15,1,7,1,6,0,635,2,9,Matches,FRA-L1,20-21
d9764034,364,Guillermo Maripán,CHI,DF,Monaco,26,1994,23.2,1670,1631,37,34,0,11,2,3,0,0,0,0,1501,2,8,Matches,FRA-L1,20-21
d5f2f82b,365,Marquinhos,BRA,DF,Paris S-G,26,1994,23.6,1739,1702,31,28,0,15,1,3,0,0,0,0,1612,6,3,Matches,FRA-L1,20-21
468fdbad,366,Jonas Martin,FRA,MF,Rennes,30,1990,5.4,383,369,14,11,0,4,2,1,0,0,0,0,340,0,7,Matches,FRA-L1,20-21
1ad8cb67,367,Pablo Martinez,FRA,DF,Nîmes,31,1989,6.0,297,281,15,13,0,11,0,2,0,0,0,0,245,1,1,Matches,FRA-L1,20-21
3ef0fa48,368,Gelson Martins,POR,"MF,FW",Monaco,25,1995,17.2,624,618,5,2,1,0,28,2,0,0,0,0,516,1,13,Matches,FRA-L1,20-21
4ef705ab,369,Sylvain Marveaux,FRA,"MF,FW",Lorient,34,1986,2.2,90,84,6,1,0,0,2,1,1,1,0,0,72,0,1,Matches,FRA-L1,20-21
feb5d972,370,Pape Matar Sarr,SEN,MF,Metz,17,2002,17.7,937,914,21,17,0,20,5,0,4,0,1,0,794,2,17,Matches,FRA-L1,20-21
15944afd,371,Eliot Matazo,BEL,MF,Monaco,18,2002,3.5,88,86,2,2,0,0,0,0,0,0,0,0,69,0,0,Matches,FRA-L1,20-21
cf1ef7ec,372,Chrislain Matsima,FRA,"DF,FW",Monaco,18,2002,3.9,267,255,11,6,0,2,1,5,0,0,0,0,235,1,1,Matches,FRA-L1,20-21
96e5168e,373,Tony Mauricio,FRA,MF,Lens,26,1994,5.6,324,271,53,18,1,5,42,2,33,14,13,0,256,0,7,Matches,FRA-L1,20-21
30144daa,374,Stephy Mavididi,ENG,"FW,MF",Montpellier,22,1998,22.6,494,480,11,0,0,3,30,6,0,0,0,0,377,3,24,Matches,FRA-L1,20-21
514270e8,375,Youssef Maziz,FRA,"MF,FW",Metz,22,1998,2.9,120,99,21,8,1,1,10,0,6,3,2,0,90,0,1,Matches,FRA-L1,20-21
42fd9c7f,376,Kylian Mbappé,FRA,FW,Paris S-G,21,1998,26.4,1024,971,51,3,1,5,53,17,17,5,0,0,789,2,29,Matches,FRA-L1,20-21
46750e9c,377,Nathanael Mbuku,FRA,"MF,FW",Reims,18,2002,24.6,578,549,24,4,4,2,43,3,14,8,3,0,439,5,13,Matches,FRA-L1,20-21
6f5ec8bb,378,Facundo Medina,ARG,DF,Lens,21,1999,22.3,1580,1515,63,49,0,29,4,14,0,0,0,0,1353,2,25,Matches,FRA-L1,20-21
d21e361a,379,Farid El Melali,ALG,"FW,MF",Angers,23,1997,4.6,140,138,2,1,0,0,8,1,0,0,0,0,106,0,2,Matches,FRA-L1,20-21
70c52749,380,Birger Meling,NOR,DF,Nîmes,25,1994,25.9,1303,1008,290,30,0,5,39,259,1,0,1,0,1036,5,34,Matches,FRA-L1,20-21
8f696594,381,Memphis,NED,FW,Lyon,26,1994,32.5,1292,1083,201,59,8,14,166,9,107,47,24,2,899,8,38,Matches,FRA-L1,20-21
1545cf15,382,Houboulang Mendes,GNB,DF,Lorient,22,1998,14.4,611,444,167,7,0,0,44,160,0,0,0,0,433,0,23,Matches,FRA-L1,20-21
6690ef25,383,Pedro Mendes,POR,DF,Montpellier,29,1990,18.1,806,769,37,35,0,16,3,2,0,0,0,0,677,0,9,Matches,FRA-L1,20-21
c6e5d20f,384,Thiago Mendes,BRA,MF,Lyon,28,1992,24.9,1486,1434,46,41,2,18,12,4,1,0,0,0,1299,6,7,Matches,FRA-L1,20-21
e472a6f6,385,Batista Mendy,FRA,MF,Nantes,20,2000,0.8,38,37,1,1,0,0,0,0,0,0,0,0,32,0,0,Matches,FRA-L1,20-21
33887998,386,Edouard Mendy,SEN,GK,Rennes,28,1992,1.0,29,21,8,2,0,0,0,0,0,0,0,0,24,0,0,Matches,FRA-L1,20-21
ce492295,387,Mexer,MOZ,DF,Bordeaux,31,1988,7.9,480,450,29,13,0,12,3,16,0,0,0,0,406,1,3,Matches,FRA-L1,20-21
cb9ec45d,388,Clément Michelin,FRA,DF,Lens,23,1997,12.8,681,534,143,21,0,9,84,102,20,8,12,0,480,4,19,Matches,FRA-L1,20-21
fe6c1add,389,Edouard Michut,FRA,MF,Paris S-G,17,2003,0.0,0,0,0,0,0,0,0,0,0,0,0,0,0,0,0,Matches,FRA-L1,20-21
b66d1d8a,390,Florian Miguel,FRA,DF,Nîmes,23,1996,17.1,931,856,74,35,0,6,7,39,0,0,0,0,741,1,7,Matches,FRA-L1,20-21
85613cf0,391,Arkadiusz Milik,POL,FW,Marseille,26,1994,13.6,305,268,37,3,0,1,7,3,1,0,1,0,228,0,14,Matches,FRA-L1,20-21
f76022e7,392,Enzo Millot,FRA,MF,Monaco,18,2002,0.5,23,17,6,2,0,0,4,2,2,2,0,0,16,0,2,Matches,FRA-L1,20-21
e6777e6b,393,Stefan Mitrović,SRB,DF,Strasbourg,30,1990,30.9,1275,1221,53,49,0,12,0,4,0,0,0,0,1112,1,2,Matches,FRA-L1,20-21
34e4343c,394,Anthony Modeste,FRA,"FW,MF",Saint-Étienne,32,1988,3.3,55,55,0,0,0,0,2,0,0,0,0,0,32,0,1,Matches,FRA-L1,20-21
065dc209,395,Terem Moffi,NGA,FW,Lorient,21,1999,23.0,387,343,42,0,1,1,5,0,0,0,0,0,264,2,3,Matches,FRA-L1,20-21
cdc4458b,396,Dion Moise Sahi,CIV,"FW,MF",Strasbourg,18,2001,1.0,32,30,2,0,0,0,0,0,1,0,0,0,23,0,1,Matches,FRA-L1,20-21
7e82a78f,397,Florent Mollet,FRA,MF,Montpellier,28,1991,26.2,1256,1131,122,53,0,18,117,9,57,22,34,0,1041,3,14,Matches,FRA-L1,20-21
84d94b91,398,Thomas Monconduit,FRA,MF,Lorient,29,1991,12.8,658,625,32,23,0,12,12,0,4,1,3,0,524,1,14,Matches,FRA-L1,20-21
4a57580c,399,Kévin Monnet-Paquet,FRA,"MF,FW",Saint-Étienne,31,1988,6.3,226,213,13,0,0,1,15,13,0,0,0,0,148,0,22,Matches,FRA-L1,20-21
e97150c0,400,Jérémy Morel,MAD,DF,Lorient,36,1984,27.7,1275,1167,107,53,0,15,5,54,0,0,0,0,1056,1,16,Matches,FRA-L1,20-21
2591b066,401,Aimen Moueffek,FRA,"DF,MF",Saint-Étienne,19,2001,8.3,370,308,61,6,0,2,6,55,0,0,0,0,270,1,12,Matches,FRA-L1,20-21
5f26e0c5,402,Harold Moukoudi,CMR,DF,Saint-Étienne,22,1997,25.3,1166,1132,34,28,0,11,0,6,0,0,0,0,1033,0,5,Matches,FRA-L1,20-21
28a65a2c,403,Jessy Moulin,FRA,GK,Saint-Étienne,34,1986,29.0,879,601,275,75,0,1,0,0,0,0,0,0,632,3,0,Matches,FRA-L1,20-21
19ba6c6d,404,Steve Mounié,BEN,FW,Brest,25,1994,29.8,751,736,9,0,1,4,12,2,0,0,0,0,428,6,15,Matches,FRA-L1,20-21
af0c835b,405,Samuel Moutoussamy,COD,FW,Nantes,23,1996,0.9,29,28,1,0,0,0,2,0,0,0,0,0,26,0,0,Matches,FRA-L1,20-21
96726741,406,Loris Mouyokolo,FRA,DF,Lorient,19,2001,0.2,6,6,0,0,0,0,0,0,0,0,0,0,3,0,0,Matches,FRA-L1,20-21
2acf0cd7,407,Marshall Munetsi,ZIM,"MF,DF",Reims,24,1996,21.4,847,830,13,11,0,5,5,2,0,0,0,0,700,4,4,Matches,FRA-L1,20-21
e50623a0,408,Kévin N'Doram,FRA,MF,Metz,24,1996,3.4,135,127,8,8,0,4,0,0,0,0,0,0,113,0,4,Matches,FRA-L1,20-21
61590953,409,Stanley N'Soki,FRA,DF,Nice,21,1999,13.8,1037,989,46,20,0,4,9,25,0,0,0,0,882,2,8,Matches,FRA-L1,20-21
4b6960d2,410,Yuto Nagatomo,JPN,DF,Marseille,33,1986,17.7,797,626,170,5,0,1,29,165,0,0,0,0,632,1,22,Matches,FRA-L1,20-21
833ce5f0,411,Kenny Nagera,FRA,FW,Paris S-G,18,2002,0.0,3,3,0,0,0,0,0,0,0,0,0,0,3,0,0,Matches,FRA-L1,20-21
2d70dbe5,412,Paul Nardi,FRA,GK,Lorient,26,1994,23.0,634,375,257,60,0,0,0,0,0,0,0,0,385,2,0,Matches,FRA-L1,20-21
ecada4fc,413,Keylor Navas,CRC,GK,Paris S-G,33,1986,28.0,742,539,203,33,0,0,0,0,0,0,0,0,652,0,0,Matches,FRA-L1,20-21
87e9c7cd,414,Papa Ndiaga Yade,MTN,"FW,MF",Metz,20,2000,11.1,277,263,11,0,2,1,32,9,2,0,2,0,189,3,12,Matches,FRA-L1,20-21
602fc7b5,415,Bridge Ndilu,FRA,"FW,MF",Nantes,20,2000,0.5,22,22,0,0,0,0,2,0,0,0,0,0,11,0,2,Matches,FRA-L1,20-21
8e697a8f,416,Dan Ndoye,SUI,"FW,MF",Nice,19,2000,6.1,184,173,10,1,0,1,19,5,0,0,0,0,130,1,10,Matches,FRA-L1,20-21
69384e5d,417,Neymar,BRA,"MF,FW",Paris S-G,28,1992,15.7,998,895,95,31,12,11,58,16,48,21,8,1,762,8,21,Matches,FRA-L1,20-21
0ad37003,418,Yvan Neyou,CMR,MF,Saint-Étienne,23,1997,27.1,1301,1271,28,25,0,16,10,1,0,0,0,0,1118,2,7,Matches,FRA-L1,20-21
b748968d,419,Muzinga Ngonda,COD,DF,Dijon,25,1994,25.6,1693,1389,297,29,2,6,69,266,2,0,2,0,1195,7,54,Matches,FRA-L1,20-21
8413ceb1,420,Ahmad Ngouyamsa,CMR,DF,Dijon,19,2000,1.7,96,70,26,2,0,1,2,24,0,0,0,0,67,0,3,Matches,FRA-L1,20-21
75a63397,421,Opa Nguette,SEN,"FW,MF",Metz,26,1994,12.6,282,275,5,1,1,0,5,0,0,0,0,0,203,2,6,Matches,FRA-L1,20-21
46faabfa,422,Ibrahima Niane,SEN,FW,Metz,21,1999,7.4,149,137,11,1,0,1,3,0,0,0,0,0,106,1,5,Matches,FRA-L1,20-21
2054d037,423,M'Baye Niang,SEN,FW,Rennes,25,1994,4.7,80,73,7,0,0,0,1,1,0,0,0,0,52,0,3,Matches,FRA-L1,20-21
91f2da4c,424,Casimir Ninga,CHA,FW,Angers,27,1993,0.3,10,10,0,0,0,1,1,0,0,0,0,0,7,0,2,Matches,FRA-L1,20-21
7b9a9e25,425,Arnaud Nordin,FRA,"MF,FW",Saint-Étienne,22,1998,19.7,513,467,46,9,0,3,74,12,25,15,5,0,382,0,17,Matches,FRA-L1,20-21
6554bb97,426,Olivier Ntcham,CMR,MF,Marseille,24,1996,1.3,56,51,5,4,0,1,1,1,0,0,0,0,47,0,0,Matches,FRA-L1,20-21
6043997c,427,Gerzino Nyamsi,FRA,DF,Rennes,23,1997,9.7,657,655,2,2,0,6,1,0,0,0,0,0,574,0,2,Matches,FRA-L1,20-21
c7526c18,428,Steven Nzonzi,FRA,MF,Rennes,31,1988,32.3,2909,2856,51,51,2,8,5,0,0,0,0,0,2662,2,12,Matches,FRA-L1,20-21
c631f952,429,Jonas Omlin,SUI,GK,Montpellier,26,1994,29.7,985,641,342,96,0,2,0,0,0,0,0,0,707,2,0,Matches,FRA-L1,20-21
e90dc1d5,430,Henry Onyekuru,NGA,FW,Monaco,23,1997,1.6,34,34,0,0,0,0,0,0,0,0,0,0,26,0,1,Matches,FRA-L1,20-21
243f4a0b,431,Otávio,BRA,MF,Bordeaux,26,1994,17.3,938,919,18,17,0,12,2,1,0,0,0,0,841,1,10,Matches,FRA-L1,20-21
ea02beaf,432,Remi Oudin,FRA,"FW,MF",Bordeaux,23,1996,26.9,1082,992,83,20,1,7,133,23,40,18,13,0,711,7,43,Matches,FRA-L1,20-21
ae7d0ecd,433,Alexandre Oukidja,ALG,GK,Metz,32,1988,34.0,1042,652,386,100,0,8,0,0,0,0,0,0,679,4,3,Matches,FRA-L1,20-21
6b4436ba,434,Zinédine Ould Khaled,FRA,MF,Angers,20,2000,0.4,19,18,1,1,0,0,0,0,0,0,0,0,18,0,0,Matches,FRA-L1,20-21
e3e05edf,435,Ambroise Oyongo,CMR,DF,Montpellier,29,1991,6.2,307,247,58,3,0,3,12,55,0,0,0,0,231,2,6,Matches,FRA-L1,20-21
29d8ad3f,436,Pablo,BRA,DF,Bordeaux,29,1991,12.0,705,691,11,9,0,4,1,1,1,0,1,0,625,3,4,Matches,FRA-L1,20-21
f86ca403,437,Vincent Pajot,FRA,MF,Metz,29,1990,10.2,515,488,27,19,1,8,11,2,4,1,2,0,449,0,4,Matches,FRA-L1,20-21
779847d6,438,Nicolas Pallois,FRA,DF,Nantes,32,1987,30.8,1310,1248,61,56,0,12,7,5,0,0,0,0,1032,1,16,Matches,FRA-L1,20-21
c795c408,439,Jonathan Panzo,ENG,DF,Dijon,19,2000,20.0,1096,1065,28,26,1,1,1,2,0,0,0,0,950,3,5,Matches,FRA-L1,20-21
9b6f7fd5,440,Lucas Paquetá,BRA,MF,Lyon,22,1997,25.3,1253,1197,49,19,6,6,10,9,3,0,0,0,1007,7,32,Matches,FRA-L1,20-21
475583ff,441,Gaëtan Paquiez,FRA,DF,Nîmes,26,1994,11.6,466,330,134,11,0,1,12,123,0,0,0,0,352,2,7,Matches,FRA-L1,20-21
2306bfde,442,Rubén Pardo,ESP,MF,Bordeaux,27,1992,0.3,12,11,1,0,0,0,1,0,1,0,0,0,9,0,1,Matches,FRA-L1,20-21
dff153a4,443,Leandro Paredes,ARG,MF,Paris S-G,26,1994,14.5,1477,1422,50,42,2,6,9,2,6,3,2,0,1331,5,10,Matches,FRA-L1,20-21
450e277f,444,Mateo Pavlović,BIH,DF,Angers,30,1990,12.3,534,514,19,17,0,1,0,2,0,0,0,0,465,1,2,Matches,FRA-L1,20-21
25146df0,445,Strahinja Pavlović,SRB,DF,Monaco,19,2001,0.0,2,2,0,0,0,0,1,0,0,0,0,0,0,0,0,Matches,FRA-L1,20-21
58ae47b2,446,Dimitri Payet,FRA,"FW,MF",Marseille,33,1987,26.9,1442,1242,186,60,6,14,191,31,94,55,36,1,1027,14,34,Matches,FRA-L1,20-21
76806215,447,Yohann Pelé,FRA,GK,Marseille,37,1982,1.0,23,18,5,2,0,0,0,0,0,0,0,0,22,0,0,Matches,FRA-L1,20-21
a44d3a3c,448,Pietro Pellegri,ITA,"FW,MF",Monaco,19,2001,2.6,37,36,0,0,0,0,0,0,0,0,0,0,18,1,2,Matches,FRA-L1,20-21
f18d7ab2,449,Andy Pelmard,FRA,DF,Nice,20,2000,13.4,911,841,70,22,0,5,3,48,0,0,0,0,825,0,11,Matches,FRA-L1,20-21
f8ce97ca,450,Timothee Pembele,FRA,DF,Paris S-G,17,2002,4.3,253,232,21,2,0,0,2,19,0,0,0,0,231,0,3,Matches,FRA-L1,20-21
8fd9996f,451,Danilo Pereira,POR,"MF,DF",Paris S-G,28,1991,15.9,1186,1167,19,18,2,3,1,1,0,0,0,0,1090,0,9,Matches,FRA-L1,20-21
8846a40f,452,Mathias Pereira Lage,POR,"FW,MF",Angers,23,1996,16.3,462,442,19,3,1,2,26,13,1,0,1,0,336,1,13,Matches,FRA-L1,20-21
88970207,453,Manuel Perez,FRA,"MF,FW",Lens,29,1991,1.4,43,40,3,3,0,3,0,0,0,0,0,0,37,0,0,Matches,FRA-L1,20-21
6dfd8f05,454,Romain Perraud,FRA,DF,Brest,22,1997,34.9,2040,1647,387,27,0,7,131,355,5,0,1,0,1588,6,59,Matches,FRA-L1,20-21
49070d66,455,Lucas Perrin,FRA,DF,Marseille,21,1998,3.4,164,156,8,4,0,2,0,4,0,0,0,0,151,0,1,Matches,FRA-L1,20-21
a046fc35,456,Rayan Philippe,FRA,FW,Dijon,19,2000,1.0,14,9,5,1,0,0,4,0,2,0,1,0,6,0,2,Matches,FRA-L1,20-21
f98b15f0,457,Romain Philippoteaux,FRA,"FW,MF",Nîmes,32,1988,2.4,77,69,8,1,0,1,9,4,3,3,0,0,51,0,0,Matches,FRA-L1,20-21
f98b15f0,458,Romain Philippoteaux,FRA,"MF,FW",Brest,32,1988,6.5,180,174,5,0,0,1,9,5,0,0,0,0,135,1,8,Matches,FRA-L1,20-21
a634b9d2,459,Jérémy Pied,FRA,DF,Lille,31,1989,3.5,284,245,39,2,0,2,19,37,0,0,0,0,221,0,3,Matches,FRA-L1,20-21
64ba07c0,460,Ronaël Pierre-Gabriel,FRA,DF,Brest,22,1998,25.6,1416,1147,269,19,1,3,41,250,0,0,0,0,1158,0,25,Matches,FRA-L1,20-21
b92edde2,461,Maxime Poundjé,FRA,DF,Bordeaux,27,1992,5.5,261,216,45,3,0,1,25,42,0,0,0,0,189,0,10,Matches,FRA-L1,20-21
51c30111,462,Sanjin Prcić,BIH,MF,Strasbourg,26,1993,3.9,244,224,20,13,0,9,12,1,6,2,3,0,200,0,4,Matches,FRA-L1,20-21
b0547a87,463,Nicolas de Préville,FRA,"FW,MF",Bordeaux,29,1991,17.9,654,568,82,25,0,8,64,7,36,18,11,0,451,4,28,Matches,FRA-L1,20-21
abc06eb3,464,Anthony Racioppi,SUI,GK,Dijon,21,1998,21.0,650,409,240,63,0,2,0,0,0,0,0,0,431,1,0,Matches,FRA-L1,20-21
0630eb63,465,Nemanja Radonjić,SRB,FW,Marseille,24,1996,4.4,135,131,4,0,0,4,7,0,2,1,1,0,81,0,8,Matches,FRA-L1,20-21
09507ffa,466,Aleksandar Radovanović,SRB,DF,Lens,26,1993,1.0,45,42,3,3,0,1,0,0,0,0,0,0,31,0,0,Matches,FRA-L1,20-21
0c2ac3cb,467,Rafinha,BRA,"MF,FW",Paris S-G,27,1993,15.1,1182,1139,40,15,4,6,23,4,21,11,3,2,1058,3,7,Matches,FRA-L1,20-21
58ad9383,468,Predrag Rajković,SRB,GK,Reims,24,1995,36.5,1451,990,456,116,0,2,0,0,0,0,0,0,966,5,0,Matches,FRA-L1,20-21
3423f250,469,Raphinha,BRA,"FW,MF",Rennes,23,1996,4.5,139,120,18,5,2,2,16,3,10,10,0,0,89,1,4,Matches,FRA-L1,20-21
d504b3e1,470,Jeff Reine-Adélaïde,FRA,"MF,FW",Nice,22,1998,11.8,592,562,29,11,4,7,21,6,9,6,3,0,496,1,7,Matches,FRA-L1,20-21
d504b3e1,471,Jeff Reine-Adélaïde,FRA,FW,Lyon,22,1998,0.3,20,16,4,2,0,0,2,0,2,1,0,0,16,0,1,Matches,FRA-L1,20-21
4bd00a50,472,Panagiotis Retsos,GRE,DF,Saint-Étienne,21,1998,3.0,185,181,4,2,0,2,0,2,0,0,0,0,156,0,0,Matches,FRA-L1,20-21
bcf1b2e9,473,Baptiste Reynet,FRA,GK,Nîmes,29,1990,38.0,1592,1129,462,156,0,4,0,2,0,0,0,0,1080,1,0,Matches,FRA-L1,20-21
5f0241b2,474,Sergio Rico,ESP,GK,Paris S-G,26,1993,9.0,213,152,61,6,0,0,0,0,0,0,0,0,194,0,0,Matches,FRA-L1,20-21
beae3a73,475,Renaud Ripart,FRA,"MF,FW",Nîmes,27,1993,33.9,1195,1081,111,24,2,11,62,76,1,0,1,0,805,3,63,Matches,FRA-L1,20-21
ea0aa7e0,476,Mihailo Ristić,SRB,DF,Montpellier,24,1995,24.8,1265,1014,243,18,0,16,94,225,0,0,0,0,960,8,27,Matches,FRA-L1,20-21
46a7b605,477,Maxence Rivera,FRA,"MF,FW",Saint-Étienne,18,2002,2.7,108,103,5,2,0,1,10,2,1,0,0,0,79,0,1,Matches,FRA-L1,20-21
aa21406e,478,Christopher Rocchia,FRA,"DF,FW",Marseille,22,1998,0.2,14,9,5,1,0,0,0,4,0,0,0,0,13,0,1,Matches,FRA-L1,20-21
ed45c4a5,479,Valentin Rongier,FRA,MF,Marseille,25,1994,21.0,1376,1351,23,17,3,10,3,2,1,0,0,0,1186,2,17,Matches,FRA-L1,20-21
3071a619,480,Nolan Roux,FRA,FW,Nîmes,32,1988,7.2,148,130,18,0,0,0,8,0,0,0,0,0,105,0,4,Matches,FRA-L1,20-21
14b8fcdf,481,Daniele Rugani,ITA,DF,Rennes,26,1994,1.0,65,63,2,2,0,0,0,0,0,0,0,0,57,0,0,Matches,FRA-L1,20-21
90a9cc01,482,Kays Ruiz Atil,FRA,"FW,MF",Paris S-G,17,2002,2.1,183,180,2,1,0,1,1,1,0,0,0,0,162,1,1,Matches,FRA-L1,20-21
c64c01fc,483,Georginio Rutter,FRA,"FW,MF",Rennes,18,2002,0.5,14,12,2,0,0,0,0,0,0,0,0,0,9,0,0,Matches,FRA-L1,20-21
60f58477,484,Roli Pereira de Sa,FRA,"FW,MF",Nantes,23,1996,0.6,47,46,1,1,0,1,0,0,0,0,0,0,43,0,1,Matches,FRA-L1,20-21
17f29fb0,485,Idriss Saadi,ALG,"MF,FW",Strasbourg,28,1992,1.4,26,24,2,0,0,0,4,0,0,0,0,0,17,0,1,Matches,FRA-L1,20-21
fbbb9269,486,Youssouf Sabaly,SEN,DF,Bordeaux,27,1993,32.3,1957,1599,356,19,1,1,50,337,0,0,0,0,1636,2,51,Matches,FRA-L1,20-21
7d9f3d69,487,Mathys Saban,FRA,FW,Saint-Étienne,18,2002,0.1,3,3,0,0,0,0,0,0,0,0,0,0,3,0,0,Matches,FRA-L1,20-21
d63e2912,488,Hiroki Sakai,JPN,DF,Marseille,30,1990,26.5,1483,1192,291,11,0,5,30,280,0,0,0,0,1217,0,29,Matches,FRA-L1,20-21
329e7a13,489,Moïse Sakava,CMR,MF,Reims,19,2000,0.1,8,8,0,0,0,1,0,0,0,0,0,0,8,0,0,Matches,FRA-L1,20-21
972aeb2a,490,William Saliba,FRA,DF,Nice,19,2001,20.0,1471,1432,35,32,0,16,0,3,0,0,0,0,1339,4,4,Matches,FRA-L1,20-21
74733221,491,Romain Salin,FRA,GK,Rennes,36,1984,15.0,547,387,160,38,0,2,0,0,0,0,0,0,405,0,0,Matches,FRA-L1,20-21
fb14aa28,492,Mama Samba Baldé,GNB,FW,Dijon,24,1995,24.0,476,444,32,0,0,1,7,3,0,0,0,0,326,0,22,Matches,FRA-L1,20-21
24eb7ed6,493,Junior Sambia,FRA,"DF,MF",Montpellier,23,1996,27.2,1322,1067,254,10,1,15,92,237,6,2,4,0,1021,1,24,Matches,FRA-L1,20-21
8802c1d5,494,Frédéric Sammaritano,FRA,"FW,MF",Dijon,34,1986,12.6,496,427,66,31,0,4,78,2,31,19,10,0,375,3,18,Matches,FRA-L1,20-21
032f894e,495,Renato Sanches,POR,MF,Lille,22,1997,14.1,994,929,58,26,4,16,46,5,27,9,13,3,818,7,14,Matches,FRA-L1,20-21
6e7f1353,496,Morgan Sanson,FRA,MF,Marseille,25,1994,9.2,342,322,18,11,0,3,19,1,4,1,3,0,256,2,15,Matches,FRA-L1,20-21
5e22e2a4,497,Baptiste Santamaria,FRA,MF,Angers,25,1995,3.0,153,146,7,6,0,3,1,1,0,0,0,0,132,0,3,Matches,FRA-L1,20-21
9744ff80,498,Pablo Sarabia,ESP,"FW,MF",Paris S-G,28,1992,14.7,630,588,38,6,5,2,51,12,18,11,2,0,470,4,17,Matches,FRA-L1,20-21
1a4b9094,499,Bouna Sarr,SEN,DF,Marseille,28,1992,0.8,62,49,13,1,0,0,2,12,0,0,0,0,54,0,1,Matches,FRA-L1,20-21
a0b65401,500,Sidy Sarr,SEN,MF,Nîmes,24,1996,5.1,220,210,10,8,1,10,0,2,0,0,0,0,175,0,0,Matches,FRA-L1,20-21
6bde367b,501,Téji Savanier,FRA,MF,Montpellier,28,1991,24.1,1256,1072,179,57,3,31,163,9,97,35,48,4,864,5,21,Matches,FRA-L1,20-21
bc9479b9,502,Aurélien Scheidler,FRA,FW,Dijon,22,1998,3.8,71,62,9,0,0,0,2,0,0,0,0,0,48,0,2,Matches,FRA-L1,20-21
51b41c5c,503,Morgan Schneiderlin,FRA,MF,Nice,30,1989,24.4,1615,1563,48,48,0,21,7,0,0,0,0,0,1426,4,12,Matches,FRA-L1,20-21
c0f706f3,504,Malik Sellouki,FRA,"FW,MF",Nice,20,2000,0.7,30,28,2,0,0,0,6,1,1,1,0,0,18,0,2,Matches,FRA-L1,20-21
834b5c4c,505,Matz Sels,BEL,GK,Strasbourg,28,1992,6.0,174,108,66,16,0,1,0,0,0,0,0,0,108,0,0,Matches,FRA-L1,20-21
10efd0e1,506,Jean Seri,CIV,MF,Bordeaux,29,1991,7.9,516,494,20,20,0,8,5,0,0,0,0,0,440,2,7,Matches,FRA-L1,20-21
6d075c67,507,Mahame Siby,MLI,MF,Strasbourg,24,1996,0.2,11,11,0,0,0,0,0,0,0,0,0,0,9,0,1,Matches,FRA-L1,20-21
a13028f6,508,Abdoulaye Sidibé,FRA,MF,Saint-Étienne,18,2002,0.1,1,1,0,0,0,0,0,0,0,0,0,0,0,0,0,Matches,FRA-L1,20-21
4c5b714f,509,Djibril Sidibé,FRA,DF,Monaco,28,1992,22.0,1853,1513,334,78,2,14,93,220,36,17,17,0,1525,6,17,Matches,FRA-L1,20-21
9c2b1f11,510,Kaj Sierhuis,NED,"FW,MF",Reims,22,1998,7.2,165,152,10,1,0,1,6,0,0,0,0,0,101,3,5,Matches,FRA-L1,20-21
30af8b93,511,Caio Henrique Oliveira Silva,BRA,DF,Monaco,23,1997,26.3,1489,1195,292,27,1,5,80,264,0,0,0,0,1177,2,27,Matches,FRA-L1,20-21
8db95f95,512,Florent da Silva,FRA,FW,Lyon,17,2003,0.0,1,1,0,0,0,0,0,0,0,0,0,0,1,0,0,Matches,FRA-L1,20-21
4914ed4a,513,Gabriel Silva,BRA,DF,Saint-Étienne,29,1991,3.9,227,183,44,5,0,3,10,39,0,0,0,0,185,0,5,Matches,FRA-L1,20-21
fcb27134,514,Mohamed Simakan,FRA,DF,Strasbourg,20,2000,17.9,851,786,63,20,0,18,6,43,0,0,0,0,699,2,6,Matches,FRA-L1,20-21
5f3eaaf5,515,Moses Simon,NGA,"FW,MF",Nantes,25,1995,25.8,722,642,76,16,1,4,133,13,46,39,5,0,464,4,28,Matches,FRA-L1,20-21
da4d670f,516,Xavi Simons,NED,MF,Paris S-G,17,2003,0.0,9,9,0,0,0,0,0,0,0,0,0,0,7,0,0,Matches,FRA-L1,20-21
792a9d41,517,Issouf Sissokho,MLI,"MF,DF",Bordeaux,18,2002,0.9,44,44,0,0,0,0,0,0,0,0,0,0,40,0,1,Matches,FRA-L1,20-21
0f8418aa,518,Ibrahima Sissoko,MLI,MF,Strasbourg,22,1997,28.7,1111,1090,16,11,0,16,27,5,0,0,0,0,885,5,24,Matches,FRA-L1,20-21
12bd0579,519,Nelson Sissoko,FRA,DF,Saint-Étienne,23,1997,5.3,282,215,67,7,0,3,15,60,0,0,0,0,201,0,5,Matches,FRA-L1,20-21
c39b09e3,520,Jacques Siwe,FRA,FW,Dijon,19,2001,1.9,38,38,0,0,0,0,0,0,0,0,0,0,21,0,3,Matches,FRA-L1,20-21
d9a66c60,521,Petar Škuletić,SRB,"FW,MF",Montpellier,30,1990,2.6,75,68,7,0,0,1,0,1,0,0,0,0,41,0,1,Matches,FRA-L1,20-21
ffec9769,522,Islam Slimani,ALG,FW,Lyon,32,1988,6.4,242,230,11,1,0,0,3,3,0,0,0,0,178,1,6,Matches,FRA-L1,20-21
28f66c2e,523,Brandon Soppy,FRA,DF,Rennes,18,2002,6.2,407,337,70,7,1,1,16,63,0,0,0,0,321,0,8,Matches,FRA-L1,20-21
7a42d0df,524,Florian Sotoca,FRA,FW,Lens,29,1990,26.8,938,880,49,4,2,18,48,7,1,0,0,0,656,9,29,Matches,FRA-L1,20-21
39c0c75b,525,Cheick Souaré,FRA,MF,Marseille,17,2002,0.1,3,3,0,0,0,0,0,0,0,0,0,0,2,0,0,Matches,FRA-L1,20-21
e3ad3368,526,Rayan Souici,FRA,DF,Saint-Étienne,22,1998,0.1,9,9,0,0,0,0,0,0,0,0,0,0,8,0,0,Matches,FRA-L1,20-21
7b075c75,527,Adama Soumaoro,FRA,DF,Lille,28,1992,1.6,116,115,1,1,0,0,0,0,0,0,0,0,110,0,0,Matches,FRA-L1,20-21
ae59b359,528,Boubakary Soumaré,FRA,MF,Lille,21,1999,21.3,1556,1535,20,18,0,22,1,2,0,0,0,0,1350,1,10,Matches,FRA-L1,20-21
d87e6889,529,Yaya Soumaré,MLI,FW,Lyon,20,2000,0.0,1,1,0,0,0,0,0,0,0,0,0,0,1,0,0,Matches,FRA-L1,20-21
4e0afc5d,530,Arnaud Souquet,FRA,DF,Montpellier,28,1992,13.6,644,481,159,3,0,0,53,156,0,0,0,0,469,4,24,Matches,FRA-L1,20-21
754d5c33,531,Ansou Sow,SEN,MF,Lens,20,2000,0.1,2,2,0,0,0,0,0,0,0,0,0,0,1,0,0,Matches,FRA-L1,20-21
f6b94e8d,532,Saidou Sow,GUI,DF,Saint-Étienne,18,2002,11.1,589,572,14,12,0,5,0,2,0,0,0,0,483,3,9,Matches,FRA-L1,20-21
ef2e5e1a,533,Kevin Strootman,NED,"MF,FW",Marseille,30,1990,2.6,187,181,6,4,0,1,0,2,0,0,0,0,155,0,2,Matches,FRA-L1,20-21
2aeb43f1,534,Abdoulaye Sylla,GUI,DF,Nantes,20,2000,0.1,5,2,3,0,0,0,1,3,0,0,0,0,1,0,0,Matches,FRA-L1,20-21
b99bec05,535,Issiaga Sylla,GUI,"DF,MF",Lens,26,1994,12.4,681,541,139,10,1,1,47,125,4,0,0,0,518,1,26,Matches,FRA-L1,20-21
ff3a6a60,536,Eddy Sylvestre,FRA,"FW,MF",Nice,20,1999,1.1,38,35,3,1,0,0,3,1,1,1,0,0,32,0,0,Matches,FRA-L1,20-21
95192fe4,537,Waniss Taibi,FRA,MF,Angers,18,2002,0.4,29,29,0,0,0,0,0,0,0,0,0,0,26,0,0,Matches,FRA-L1,20-21
a0f9b535,538,Flavien Tait,FRA,"MF,FW",Rennes,27,1993,15.2,813,783,27,9,2,9,28,8,10,5,4,0,673,3,13,Matches,FRA-L1,20-21
2d9f280e,539,Heriberto Tavares,POR,"FW,MF",Brest,23,1997,0.5,14,12,2,0,0,0,2,2,0,0,0,0,11,0,1,Matches,FRA-L1,20-21
93b8f9f4,540,Warren Tchimbembé,CGO,"MF,FW",Metz,22,1998,5.5,257,254,3,2,0,0,5,0,1,0,0,0,210,0,2,Matches,FRA-L1,20-21
4f255115,541,Aurélien Tchouaméni,FRA,MF,Monaco,20,2000,34.0,1860,1818,39,36,4,29,29,2,1,0,1,0,1516,3,30,Matches,FRA-L1,20-21
5148dcc5,542,Martin Terrier,FRA,"FW,MF",Rennes,23,1997,27.1,796,765,30,1,1,4,17,0,1,0,0,0,626,1,21,Matches,FRA-L1,20-21
77d7c96f,543,Kenny Tete,NED,DF,Lyon,24,1995,0.2,20,18,2,0,0,0,2,2,0,0,0,0,17,0,0,Matches,FRA-L1,20-21
2b9fdeea,544,Florian Thauvin,FRA,"FW,MF",Marseille,27,1993,30.4,1406,1255,145,54,5,25,204,16,68,37,22,1,987,6,44,Matches,FRA-L1,20-21
f4bc42b1,545,Sada Thioub,SEN,"FW,MF",Angers,25,1995,14.0,608,594,12,2,1,4,25,7,1,0,0,0,497,2,24,Matches,FRA-L1,20-21
275e2c51,546,Romain Thomas,FRA,DF,Angers,32,1988,33.6,1678,1612,65,62,1,20,0,3,0,0,0,0,1420,1,6,Matches,FRA-L1,20-21
c76b7567,547,Adrien Thomasson,FRA,"MF,FW",Strasbourg,26,1993,29.2,1132,1078,51,8,0,10,38,11,3,0,0,0,861,3,39,Matches,FRA-L1,20-21
7d9397f8,548,Khéphren Thuram,FRA,MF,Nice,19,2001,16.6,965,940,23,23,2,4,2,0,0,0,0,0,846,2,4,Matches,FRA-L1,20-21
9ddf7fae,549,Cheikh Tidiane Sabaly,SEN,FW,Metz,21,1999,0.1,5,5,0,0,0,0,1,0,0,0,0,0,3,0,1,Matches,FRA-L1,20-21
88f130ed,550,Jean-Clair Todibo,FRA,DF,Nice,20,1999,14.8,1128,1086,42,40,0,16,2,2,0,0,0,0,990,0,2,Matches,FRA-L1,20-21
5ceba7fc,551,Karl Toko Ekambi,CMR,FW,Lyon,27,1992,31.2,975,956,17,2,5,4,53,15,0,0,0,0,751,2,35,Matches,FRA-L1,20-21
0d99c6e1,552,Tyron Tormin,FRA,"FW,MF",Saint-Étienne,19,2001,0.2,9,9,0,0,0,0,0,0,0,0,0,0,8,0,1,Matches,FRA-L1,20-21
ef7cd87a,553,Abdoulaye Touré,GUI,MF,Nantes,26,1994,18.7,946,941,5,5,3,6,9,0,0,0,0,0,799,0,7,Matches,FRA-L1,20-21
4eb0686f,554,Amadou Traore,FRA,"FW,MF",Bordeaux,18,2002,3.4,95,88,6,0,0,0,15,5,1,0,0,0,66,1,4,Matches,FRA-L1,20-21
999ceb5f,555,Boubacar Traoré,MLI,MF,Metz,18,2001,0.6,45,45,0,0,0,1,1,0,0,0,0,0,34,0,1,Matches,FRA-L1,20-21
de488e56,556,Charles Traore,MLI,DF,Nantes,28,1992,18.9,959,749,209,19,0,1,34,190,0,0,0,0,660,1,18,Matches,FRA-L1,20-21
bfcef334,557,Cheick Traoré,MLI,DF,Lens,25,1995,0.4,26,15,11,0,0,0,1,11,0,0,0,0,16,0,0,Matches,FRA-L1,20-21
a4b1028a,558,Hamari Traoré,MLI,DF,Rennes,28,1992,33.3,2452,2068,380,40,0,12,133,339,1,0,0,0,2016,4,35,Matches,FRA-L1,20-21
b666421b,559,Ismaël Traoré,CIV,DF,Angers,33,1986,33.3,1745,1677,63,60,1,12,4,3,0,0,0,0,1461,5,16,Matches,FRA-L1,20-21
e4b72e34,560,Miguel Trauco,PER,DF,Saint-Étienne,27,1992,22.6,1432,1135,294,45,0,10,75,244,5,3,2,0,1083,3,36,Matches,FRA-L1,20-21
0a8d6b91,561,Alexis Trouillet,FRA,"MF,FW",Nice,19,2000,1.2,68,65,2,1,0,1,2,0,1,1,0,0,57,1,1,Matches,FRA-L1,20-21
5d0e0a1f,562,Adrien Truffert,FRA,"DF,MF",Rennes,18,2001,21.7,1279,1091,184,18,1,0,66,166,0,0,0,0,1064,4,19,Matches,FRA-L1,20-21
7a0b1e96,563,Marvin Tshibuabua,FRA,DF,Saint-Étienne,18,2002,0.5,18,18,0,0,0,0,0,0,0,0,0,0,13,0,1,Matches,FRA-L1,20-21
cc41f558,564,Matthieu Udol,FRA,DF,Metz,24,1996,19.2,959,761,197,23,0,3,59,173,0,0,0,0,775,1,21,Matches,FRA-L1,20-21
539b4f25,565,Naomichi Ueda,JPN,DF,Nîmes,25,1994,7.9,373,355,16,15,0,5,0,0,0,0,0,0,287,2,0,Matches,FRA-L1,20-21
1df4a109,566,Lesley Ugochukwu,FRA,MF,Rennes,16,2004,0.7,38,35,3,3,0,0,0,0,0,0,0,0,36,0,0,Matches,FRA-L1,20-21
a2d873dd,567,Hwang Ui-jo,KOR,"FW,MF",Bordeaux,27,1992,27.8,482,447,34,0,1,3,11,3,0,0,0,0,378,1,17,Matches,FRA-L1,20-21
95981861,568,Antoine Valerio,FRA,MF,Nîmes,20,1999,0.8,18,17,1,1,0,0,0,0,0,0,0,0,15,0,0,Matches,FRA-L1,20-21
1467af0d,569,Marco Verratti,ITA,MF,Paris S-G,27,1992,16.6,1792,1727,62,49,3,5,11,13,0,0,0,0,1632,3,14,Matches,FRA-L1,20-21
b2791a55,570,Clément Vidal,FRA,DF,Montpellier,20,2000,1.0,34,34,0,0,0,0,0,0,0,0,0,0,28,0,0,Matches,FRA-L1,20-21
64f69877,571,Kevin Volland,GER,"FW,MF",Monaco,28,1992,30.8,792,773,11,5,5,6,28,1,1,0,0,0,519,8,30,Matches,FRA-L1,20-21
7cbf91b2,572,Franklin Wadja,CMR,"MF,FW",Lorient,25,1995,0.4,20,20,0,0,0,0,0,0,0,0,0,0,13,0,0,Matches,FRA-L1,20-21
0d7b6576,573,Elye Wahi,FRA,FW,Montpellier,17,2003,6.2,105,100,5,0,0,0,4,1,0,0,0,0,69,0,3,Matches,FRA-L1,20-21
8eec784d,574,Timothy Weah,USA,"FW,MF",Lille,20,2000,9.8,306,298,8,1,0,0,21,5,0,0,0,0,226,0,10,Matches,FRA-L1,20-21
2500cef9,575,Yoane Wissa,COD,"MF,FW",Lorient,23,1996,29.7,747,732,12,7,5,4,29,2,1,1,0,0,549,3,16,Matches,FRA-L1,20-21
f3600c02,576,Xeka,POR,MF,Lille,25,1994,13.3,880,837,43,32,5,18,22,2,9,3,6,0,774,0,6,Matches,FRA-L1,20-21
f5c8b425,577,Yusuf Yazıcı,TUR,"FW,MF",Lille,23,1997,12.1,552,453,99,26,3,6,93,5,62,34,25,1,372,0,14,Matches,FRA-L1,20-21
165a2e40,578,Burak Yılmaz,TUR,FW,Lille,35,1985,22.8,516,476,37,3,1,1,12,1,0,0,0,0,389,3,16,Matches,FRA-L1,20-21
2736b85e,579,Wilitty Younoussa,CMR,MF,Dijon,18,2001,0.9,21,21,0,0,0,0,1,0,0,0,0,0,15,0,2,Matches,FRA-L1,20-21
e2f9bb5f,580,Zaydou Youssouf,FRA,MF,Saint-Étienne,21,1999,13.7,494,474,17,16,0,11,20,0,0,0,0,0,389,3,1,Matches,FRA-L1,20-21
3225654e,581,Arthur Zagre,FRA,"DF,MF",Dijon,18,2001,1.4,49,39,10,2,0,0,0,8,0,0,0,0,35,0,0,Matches,FRA-L1,20-21
095e4199,582,Arber Zeneli,KVX,"MF,FW",Reims,25,1995,14.3,399,341,58,13,0,1,53,11,34,21,10,0,287,0,7,Matches,FRA-L1,20-21
53f6306f,583,Mehdi Zerkane,ALG,"MF,FW",Bordeaux,21,1999,13.2,579,568,9,3,0,0,8,5,1,1,0,0,485,2,12,Matches,FRA-L1,20-21
775185ae,584,Kévin Zohi,MLI,"FW,MF",Strasbourg,23,1996,4.8,185,180,5,0,1,2,16,5,0,0,0,0,139,0,7,Matches,FRA-L1,20-21
