id,Unnamed: 0_level_0,Unnamed: 1_level_0,Unnamed: 2_level_0,Unnamed: 3_level_0,Unnamed: 4_level_0,Unnamed: 5_level_0,Unnamed: 6_level_0,Playing Time,Playing Time,Playing Time,Playing Time,Performance,Performance,Performance,Performance,Performance,Performance,Performance,Performance,Expected,Expected,Expected,Expected,Progression,Progression,Progression,Per 90 Minutes,Per 90 Minutes,Per 90 Minutes,Per 90 Minutes,Per 90 Minutes,Per 90 Minutes,Per 90 Minutes,Per 90 Minutes,Per 90 Minutes,Per 90 Minutes,Unnamed: 36_level_0,Unnamed: league,Unnamed: season
,Rk,Player,Nation,Pos,Squad,Age,Born,MP,Starts,Min,90s,Gls,Ast,G+A,G-PK,PK,PKatt,CrdY,CrdR,xG,npxG,xAG,npxG+xAG,PrgC,PrgP,PrgR,Gls,Ast,G+A,G-PK,G+A-PK,xG,xAG,xG+xAG,npxG,npxG+xAG,Matches,league,season
2f798b41,1,Aymen Abdennour,TUN,DF,Marseille,27,1989,8,6,499,5.5,0,0,0,0,0,0,3,0,0.1,0.1,0.0,0.1,2,12,0,0.0,0.0,0.0,0.0,0.0,0.02,0.0,0.02,0.02,0.02,Matches,FRA-L1,17-18
a4c3f7af,2,Mehdi Abeid,ALG,MF,Dijon,24,1992,19,14,1176,13.1,0,1,1,0,0,0,2,0,1.0,1.0,0.3,1.3,20,49,14,0.0,0.08,0.08,0.0,0.08,0.07,0.02,0.1,0.07,0.1,Matches,FRA-L1,17-18
16714a62,3,Khaled Adénon,BEN,DF,Amiens,32,1985,34,32,2921,32.5,0,1,1,0,0,0,9,0,0.6,0.6,0.2,0.9,6,51,1,0.0,0.03,0.03,0.0,0.03,0.02,0.01,0.03,0.02,0.03,Matches,FRA-L1,17-18
26777636,4,Yacine Adli,FRA,FW,Paris S-G,17,2000,1,0,8,0.1,0,0,0,0,0,0,0,0,0.0,0.0,0.0,0.0,0,3,0,0.0,0.0,0.0,0.0,0.0,0.0,0.0,0.0,0.0,0.0,Matches,FRA-L1,17-18
3dd738a1,5,Ruben Aguilar,FRA,DF,Montpellier,24,1993,31,27,2459,27.3,0,2,2,0,0,0,2,0,0.7,0.7,3.7,4.4,97,130,160,0.0,0.07,0.07,0.0,0.07,0.03,0.13,0.16,0.03,0.16,Matches,FRA-L1,17-18
48b28bfd,6,Jean-Eudes Aholou,CIV,MF,Strasbourg,23,1994,35,35,3006,33.4,5,0,5,5,0,0,4,0,2.2,2.2,1.0,3.3,32,131,22,0.15,0.0,0.15,0.15,0.15,0.07,0.03,0.1,0.07,0.1,Matches,FRA-L1,17-18
c46fa34c,7,Youssef Aït Bennasser,MAR,MF,Caen,21,1996,27,25,2047,22.7,0,0,0,0,0,0,4,0,0.7,0.7,0.7,1.5,37,178,27,0.0,0.0,0.0,0.0,0.0,0.03,0.03,0.06,0.03,0.06,Matches,FRA-L1,17-18
9b8970ce,8,David Alcibiade,FRA,DF,Nantes,25,1991,3,2,208,2.3,0,1,1,0,0,0,0,0,0.1,0.1,0.4,0.4,2,6,2,0.0,0.43,0.43,0.0,0.43,0.03,0.16,0.19,0.03,0.19,Matches,FRA-L1,17-18
b18a3023,9,Júnior Alonso,PAR,DF,Lille,24,1993,34,30,2781,30.9,2,1,3,2,0,0,3,0,1.1,1.1,0.5,1.7,19,114,14,0.06,0.03,0.1,0.06,0.1,0.04,0.02,0.05,0.04,0.05,Matches,FRA-L1,17-18
c9e99e49,10,Dani Alves,BRA,DF,Paris S-G,34,1983,25,23,2063,22.9,1,7,8,1,0,0,7,1,1.4,1.4,5.0,6.3,76,168,144,0.04,0.31,0.35,0.04,0.35,0.06,0.22,0.28,0.06,0.28,Matches,FRA-L1,17-18
9260926b,11,Ibrahim Amadou,FRA,"MF,DF",Lille,24,1993,30,30,2405,26.7,0,0,0,0,0,0,3,1,0.9,0.9,0.4,1.3,18,114,19,0.0,0.0,0.0,0.0,0.0,0.03,0.01,0.05,0.03,0.05,Matches,FRA-L1,17-18
ab914649,12,Morgan Amalfitano,FRA,"MF,FW",Rennes,32,1985,14,10,746,8.3,0,0,0,0,0,0,2,2,1.0,1.0,0.5,1.5,16,24,34,0.0,0.0,0.0,0.0,0.0,0.12,0.06,0.18,0.12,0.18,Matches,FRA-L1,17-18
d7bf3d19,13,Romain Amalfitano,FRA,MF,Dijon,27,1989,33,31,2703,30.0,0,3,3,0,0,0,5,0,0.3,0.3,1.8,2.2,50,146,46,0.0,0.1,0.1,0.0,0.1,0.01,0.06,0.07,0.01,0.07,Matches,FRA-L1,17-18
22721b88,14,Jordan Amavi,FRA,DF,Marseille,23,1994,27,24,2193,24.4,0,5,5,0,0,0,7,0,0.6,0.6,2.0,2.6,70,90,83,0.0,0.21,0.21,0.0,0.21,0.02,0.08,0.11,0.02,0.11,Matches,FRA-L1,17-18
bcc81786,15,Kelvin Amian,FRA,DF,Toulouse,19,1998,36,35,3154,35.0,1,1,2,1,0,0,3,1,1.4,1.4,1.1,2.4,41,107,83,0.03,0.03,0.06,0.03,0.06,0.04,0.03,0.07,0.04,0.07,Matches,FRA-L1,17-18
ef9c1c95,16,Benjamin André,FRA,MF,Rennes,26,1990,34,34,3011,33.5,3,3,6,3,0,0,11,1,4.3,4.3,1.9,6.2,48,234,117,0.09,0.09,0.18,0.09,0.18,0.13,0.06,0.19,0.13,0.19,Matches,FRA-L1,17-18
872cd68c,17,Yoann Andreu,FRA,DF,Angers,28,1989,23,23,2070,23.0,1,2,3,1,0,0,4,0,0.1,0.1,1.9,2.0,37,87,74,0.04,0.09,0.13,0.04,0.13,0.01,0.08,0.09,0.01,0.09,Matches,FRA-L1,17-18
a5db0bec,18,Houssem Aouar,ALG,"MF,FW",Lyon,19,1998,32,27,2433,27.0,6,5,11,6,0,0,1,0,5.3,5.3,4.5,9.8,87,195,131,0.22,0.18,0.41,0.22,0.41,0.2,0.17,0.36,0.2,0.36,Matches,FRA-L1,17-18
fa18c72e,19,Luiz Araújo,BRA,"FW,MF",Lille,21,1996,34,24,2018,22.4,5,3,8,5,0,0,5,0,5.2,5.2,1.5,6.6,94,75,152,0.22,0.13,0.36,0.22,0.36,0.23,0.07,0.29,0.23,0.29,Matches,FRA-L1,17-18
2f965a72,20,Alphonse Areola,FRA,GK,Paris S-G,24,1993,34,34,3060,34.0,0,0,0,0,0,0,0,0,0.0,0.0,0.0,0.0,0,0,0,0.0,0.0,0.0,0.0,0.0,0.0,0.0,0.0,0.0,0.0,Matches,FRA-L1,17-18
9dd5da03,21,Yoël Armougom,FRA,"DF,MF",Caen,19,1998,4,1,139,1.5,0,0,0,0,0,0,0,0,0.0,0.0,0.1,0.1,5,6,10,0.0,0.0,0.0,0.0,0.0,0.0,0.04,0.04,0.0,0.04,Matches,FRA-L1,17-18
a557e6b0,22,Benoît Assou-Ekotto,CMR,DF,Metz,33,1984,13,13,1051,11.7,0,0,0,0,0,0,2,2,0.1,0.1,0.5,0.5,8,50,17,0.0,0.0,0.0,0.0,0.0,0.0,0.04,0.05,0.0,0.05,Matches,FRA-L1,17-18
eacb45fd,23,Danilo Avelar,BRA,DF,Amiens,28,1989,21,20,1727,19.2,1,0,1,1,0,0,2,0,0.5,0.5,0.9,1.4,22,76,66,0.05,0.0,0.05,0.05,0.05,0.03,0.05,0.07,0.03,0.07,Matches,FRA-L1,17-18
833a91a1,24,Durel Avounou,CGO,"DF,MF",Caen,19,1997,9,8,651,7.2,0,0,0,0,0,0,1,0,0.3,0.3,0.2,0.5,5,13,23,0.0,0.0,0.0,0.0,0.0,0.04,0.02,0.06,0.04,0.06,Matches,FRA-L1,17-18
70d8e84c,25,Chidozie Awaziem,NGA,DF,Nantes,20,1997,22,16,1512,16.8,1,1,2,1,0,0,2,1,0.9,0.9,0.1,1.1,10,46,5,0.06,0.06,0.12,0.06,0.12,0.06,0.01,0.06,0.06,0.06,Matches,FRA-L1,17-18
eaf71a5e,26,Karim Azamoum,FRA,MF,Troyes,27,1990,30,26,2251,25.0,1,0,1,1,0,0,5,1,1.2,1.2,1.8,3.0,26,80,76,0.04,0.0,0.04,0.04,0.04,0.05,0.07,0.12,0.05,0.12,Matches,FRA-L1,17-18
d3ce9f1f,27,Ludovic Baal,GUF,DF,Rennes,31,1986,17,14,1159,12.9,0,0,0,0,0,0,0,0,0.0,0.0,1.0,1.0,29,85,35,0.0,0.0,0.0,0.0,0.0,0.0,0.08,0.08,0.0,0.08,Matches,FRA-L1,17-18
7844c810,28,Dylan Bahamboula,CGO,"FW,MF",Dijon,22,1995,4,0,30,0.3,0,0,0,0,0,0,0,0,0.0,0.0,0.0,0.0,1,2,2,0.0,0.0,0.0,0.0,0.0,0.1,0.0,0.1,0.1,0.1,Matches,FRA-L1,17-18
776972d5,29,Farès Bahlouli,FRA,"MF,FW",Lille,22,1995,11,2,307,3.4,1,0,1,1,0,0,2,0,0.2,0.2,0.7,0.9,11,9,34,0.29,0.0,0.29,0.29,0.29,0.07,0.21,0.28,0.07,0.28,Matches,FRA-L1,17-18
5046b7d4,30,Stéphane Bahoken,CMR,FW,Strasbourg,25,1992,26,19,1662,18.5,7,1,8,7,0,0,5,0,6.7,6.7,1.7,8.4,31,22,124,0.38,0.05,0.43,0.38,0.43,0.36,0.09,0.45,0.36,0.45,Matches,FRA-L1,17-18
509a4ccb,31,Keita Baldé,SEN,"FW,MF",Monaco,22,1995,23,19,1473,16.4,8,5,13,8,0,0,3,1,5.4,5.4,2.3,7.8,57,32,139,0.49,0.31,0.79,0.49,0.79,0.33,0.14,0.47,0.33,0.47,Matches,FRA-L1,17-18
cee88597,32,Iván Balliu,ALB,DF,Metz,25,1992,25,22,1951,21.7,0,1,1,0,0,0,6,0,0.2,0.2,1.0,1.1,34,137,92,0.0,0.05,0.05,0.0,0.05,0.01,0.04,0.05,0.01,0.05,Matches,FRA-L1,17-18
f449640d,33,Fodé Ballo-Touré,SEN,DF,Lille,20,1997,27,25,2055,22.8,0,0,0,0,0,0,5,1,0.1,0.1,0.7,0.8,43,72,98,0.0,0.0,0.0,0.0,0.0,0.01,0.03,0.04,0.01,0.04,Matches,FRA-L1,17-18
4e7bfc23,34,Florent Balmont,FRA,MF,Dijon,37,1980,21,9,860,9.6,1,3,4,1,0,0,3,0,0.3,0.3,1.7,2.0,10,75,21,0.1,0.31,0.42,0.1,0.42,0.03,0.18,0.21,0.03,0.21,Matches,FRA-L1,17-18
8ff07990,35,Mario Balotelli,ITA,FW,Nice,26,1990,28,26,2269,25.2,18,1,19,12,6,7,10,1,15.3,9.8,3.1,12.9,46,86,173,0.71,0.04,0.75,0.48,0.52,0.61,0.12,0.73,0.39,0.51,Matches,FRA-L1,17-18
7fecbcdb,36,Abdoulaye Bamba,CIV,DF,Angers,27,1990,18,17,1533,17.0,0,0,0,0,0,0,2,0,0.1,0.1,0.5,0.6,32,70,55,0.0,0.0,0.0,0.0,0.0,0.01,0.03,0.04,0.01,0.04,Matches,FRA-L1,17-18
b2bd0f6c,37,Jonathan Bamba,CIV,FW,Saint-Étienne,21,1996,34,27,2572,28.6,7,8,15,3,4,4,1,0,9.0,5.8,8.7,14.5,116,109,247,0.24,0.28,0.52,0.1,0.38,0.31,0.3,0.62,0.2,0.51,Matches,FRA-L1,17-18
a1d04509,38,Yacine Bammou,MAR,"MF,FW",Nantes,25,1991,16,10,725,8.1,3,0,3,3,0,0,2,1,1.0,1.0,0.2,1.2,15,18,59,0.37,0.0,0.37,0.37,0.37,0.13,0.03,0.15,0.13,0.15,Matches,FRA-L1,17-18
5693aa98,39,Sekou Baradji,FRA,MF,Amiens,33,1984,1,0,7,0.1,0,0,0,0,0,0,0,0,0.0,0.0,0.0,0.0,0,0,0,0.0,0.0,0.0,0.0,0.0,0.0,0.0,0.0,0.0,0.0,Matches,FRA-L1,17-18
67d251a2,40,Nicolas Basin,FRA,DF,Metz,19,1998,5,3,313,3.5,1,0,1,1,0,0,1,0,0.1,0.1,0.1,0.2,4,11,9,0.29,0.0,0.29,0.29,0.29,0.03,0.03,0.07,0.03,0.07,Matches,FRA-L1,17-18
e61bdd69,41,Gil Bastião Dias,POR,MF,Monaco,20,1996,1,0,8,0.1,0,0,0,0,0,0,0,0,0.0,0.0,0.0,0.0,0,0,2,0.0,0.0,0.0,0.0,0.0,0.35,0.0,0.35,0.35,0.35,Matches,FRA-L1,17-18
2515040a,42,Paul Baysse,FRA,DF,Bordeaux,29,1988,8,6,566,6.3,0,0,0,0,0,0,0,1,0.6,0.6,0.0,0.6,7,35,1,0.0,0.0,0.0,0.0,0.0,0.09,0.0,0.09,0.09,0.09,Matches,FRA-L1,17-18
7abfcbff,43,Hervé Bazile,HAI,"MF,FW",Caen,27,1990,19,10,876,9.7,0,1,1,0,0,0,1,0,1.3,1.3,1.1,2.4,28,18,110,0.0,0.1,0.1,0.0,0.1,0.14,0.11,0.25,0.14,0.25,Matches,FRA-L1,17-18
0d57f1c1,44,Henri Bedimo,CMR,"DF,FW",Marseille,33,1984,3,0,42,0.5,0,0,0,0,0,0,0,0,0.0,0.0,0.0,0.0,2,2,4,0.0,0.0,0.0,0.0,0.0,0.0,0.0,0.0,0.0,0.0,Matches,FRA-L1,17-18
2174bc8d,45,François Bellugou,FRA,MF,Troyes,30,1987,30,27,2177,24.2,0,0,0,0,0,0,6,1,0.1,0.1,0.2,0.3,10,84,13,0.0,0.0,0.0,0.0,0.0,0.0,0.01,0.01,0.0,0.01,Matches,FRA-L1,17-18
61d618fa,46,Chaouki Ben Saada,TUN,"FW,MF",Troyes,33,1984,16,2,342,3.8,0,0,0,0,0,0,3,0,0.3,0.3,1.0,1.2,13,26,29,0.0,0.0,0.0,0.0,0.0,0.07,0.25,0.32,0.07,0.32,Matches,FRA-L1,17-18
b7e7937d,47,Diego Benaglio,SUI,GK,Monaco,33,1983,3,2,225,2.5,0,0,0,0,0,0,0,0,0.0,0.0,0.0,0.0,0,0,0,0.0,0.0,0.0,0.0,0.0,0.0,0.0,0.0,0.0,0.0,Matches,FRA-L1,17-18
30395d3b,48,Nicolas Benezet,FRA,"FW,MF",Guingamp,26,1991,29,18,1648,18.3,3,3,6,3,0,0,2,0,2.5,2.5,3.3,5.8,92,109,174,0.16,0.16,0.33,0.16,0.33,0.14,0.18,0.32,0.14,0.32,Matches,FRA-L1,17-18
8a2248b4,49,Walter Benítez,ARG,GK,Nice,24,1993,28,28,2520,28.0,0,0,0,0,0,0,3,0,0.0,0.0,0.0,0.0,0,0,0,0.0,0.0,0.0,0.0,0.0,0.0,0.0,0.0,0.0,0.0,Matches,FRA-L1,17-18
378825c7,50,Ramy Bensebaini,ALG,DF,Rennes,22,1995,29,26,2342,26.0,0,1,1,0,0,0,6,0,1.3,1.3,2.1,3.4,45,107,77,0.0,0.04,0.04,0.0,0.04,0.05,0.08,0.13,0.05,0.13,Matches,FRA-L1,17-18
6fbde63a,51,Yassine Benzia,ALG,"MF,FW",Lille,22,1994,31,30,2288,25.4,1,5,6,1,0,0,7,0,1.5,1.5,5.5,6.9,60,201,137,0.04,0.2,0.24,0.04,0.24,0.06,0.22,0.27,0.06,0.27,Matches,FRA-L1,17-18
b6e50615,52,Yuri Berchiche,ESP,DF,Paris S-G,27,1990,22,19,1716,19.1,2,4,6,2,0,0,4,0,0.4,0.4,2.1,2.5,41,74,145,0.1,0.21,0.31,0.1,0.31,0.02,0.11,0.13,0.02,0.13,Matches,FRA-L1,17-18
9001138b,53,Robert Berić,SVN,FW,Saint-Étienne,26,1991,15,12,1042,11.6,7,1,8,6,1,2,0,0,6.4,5.0,0.7,5.7,14,7,47,0.6,0.09,0.69,0.52,0.6,0.55,0.06,0.62,0.43,0.49,Matches,FRA-L1,17-18
3250c6cd,54,Kévin Bérigaud,FRA,"FW,MF",Montpellier,29,1988,5,4,271,3.0,0,2,2,0,0,0,0,0,1.0,1.0,1.1,2.1,3,11,26,0.0,0.66,0.66,0.0,0.66,0.32,0.37,0.7,0.32,0.7,Matches,FRA-L1,17-18
5e6342d4,55,Vincent Bessat,FRA,"DF,MF",Caen,31,1985,24,18,1570,17.4,0,1,1,0,0,0,2,0,0.6,0.6,1.4,2.0,31,85,129,0.0,0.06,0.06,0.0,0.06,0.03,0.08,0.11,0.03,0.11,Matches,FRA-L1,17-18
15285503,56,Quentin Beunardeau,FRA,GK,Metz,23,1994,1,0,39,0.4,0,0,0,0,0,0,0,0,0.0,0.0,0.0,0.0,0,0,0,0.0,0.0,0.0,0.0,0.0,0.0,0.0,0.0,0.0,0.0,Matches,FRA-L1,17-18
a51728e3,57,Milan Biševac,SRB,DF,Metz,33,1983,10,10,710,7.9,0,0,0,0,0,0,1,0,0.4,0.4,0.1,0.5,6,26,3,0.0,0.0,0.0,0.0,0.0,0.05,0.01,0.06,0.05,0.06,Matches,FRA-L1,17-18
6c203af0,58,Yves Bissouma,MLI,"MF,DF",Lille,20,1996,24,15,1561,17.3,2,1,3,2,0,0,3,0,2.1,2.1,0.7,2.8,64,113,51,0.12,0.06,0.17,0.12,0.17,0.12,0.04,0.16,0.12,0.16,Matches,FRA-L1,17-18
6191093d,59,Ludovic Blas,FRA,MF,Guingamp,19,1997,31,17,1793,19.9,3,2,5,3,0,0,3,1,3.6,3.6,1.5,5.0,50,128,59,0.15,0.1,0.25,0.15,0.25,0.18,0.07,0.25,0.18,0.25,Matches,FRA-L1,17-18
d9afac11,60,Jérémy Blayac,FRA,FW,Strasbourg,34,1983,25,7,917,10.2,3,1,4,3,0,0,2,0,4.7,4.7,1.7,6.5,8,25,129,0.29,0.1,0.39,0.29,0.39,0.46,0.17,0.64,0.46,0.64,Matches,FRA-L1,17-18
c69ef855,61,Alexis Blin,FRA,MF,Toulouse,20,1996,26,20,1886,21.0,1,3,4,1,0,0,5,0,0.8,0.8,1.4,2.1,8,98,28,0.05,0.14,0.19,0.05,0.19,0.04,0.07,0.1,0.04,0.1,Matches,FRA-L1,17-18
8c2c48a9,62,Yann Bodiger,FRA,MF,Toulouse,22,1995,7,2,227,2.5,0,0,0,0,0,0,0,0,0.0,0.0,0.1,0.1,3,10,6,0.0,0.0,0.0,0.0,0.0,0.0,0.03,0.03,0.0,0.03,Matches,FRA-L1,17-18
f3642ba8,63,Mathieu Bodmer,FRA,"DF,MF",Amiens,34,1982,13,3,396,4.4,1,0,1,1,0,0,2,0,0.7,0.7,0.3,1.0,3,30,3,0.23,0.0,0.23,0.23,0.23,0.16,0.07,0.23,0.16,0.23,Matches,FRA-L1,17-18
f6496133,64,Quentin Boisgard,FRA,MF,Toulouse,20,1997,6,1,179,2.0,0,0,0,0,0,0,1,0,0.1,0.1,0.1,0.2,2,11,6,0.0,0.0,0.0,0.0,0.0,0.05,0.04,0.09,0.05,0.09,Matches,FRA-L1,17-18
e65dd8dc,65,Landry Bonnefoi,FRA,GK,Strasbourg,33,1983,4,3,272,3.0,0,0,0,0,0,0,0,0,0.0,0.0,0.0,0.0,0,0,0,0.0,0.0,0.0,0.0,0.0,0.0,0.0,0.0,0.0,0.0,Matches,FRA-L1,17-18
e90af77c,66,Gabriel Boschilia,BRA,"FW,MF",Monaco,21,1996,5,1,82,0.9,0,0,0,0,0,0,0,0,0.2,0.2,0.1,0.3,1,3,9,0.0,0.0,0.0,0.0,0.0,0.24,0.06,0.3,0.24,0.3,Matches,FRA-L1,17-18
96908f80,67,Jean-Christophe Bouet,FRA,GK,Amiens,34,1983,1,1,90,1.0,0,0,0,0,0,0,0,0,0.0,0.0,0.0,0.0,0,0,0,0.0,0.0,0.0,0.0,0.0,0.0,0.0,0.0,0.0,0.0,Matches,FRA-L1,17-18
f3085377,68,Arnold Bouka Moutou,CGO,DF,Dijon,28,1988,6,3,336,3.7,0,0,0,0,0,0,1,0,0.0,0.0,0.2,0.2,15,17,17,0.0,0.0,0.0,0.0,0.0,0.01,0.05,0.06,0.01,0.06,Matches,FRA-L1,17-18
a0791826,69,Farid Boulaya,ALG,"MF,FW",Metz,24,1993,7,0,179,2.0,0,1,1,0,0,0,0,0,0.1,0.1,0.1,0.2,9,7,11,0.0,0.5,0.5,0.0,0.5,0.04,0.06,0.1,0.04,0.1,Matches,FRA-L1,17-18
7cf9f0ed,70,Emmanuel Bourgaud,FRA,"FW,MF",Amiens,29,1987,17,4,542,6.0,0,1,1,0,0,0,0,0,0.6,0.6,1.8,2.4,13,33,22,0.0,0.17,0.17,0.0,0.17,0.11,0.3,0.41,0.11,0.41,Matches,FRA-L1,17-18
20e73fac,71,Benjamin Bourigeaud,FRA,"MF,FW",Rennes,23,1994,37,35,3102,34.5,10,7,17,7,3,3,3,0,8.8,6.5,8.7,15.1,63,170,195,0.29,0.2,0.49,0.2,0.41,0.26,0.25,0.51,0.19,0.44,Matches,FRA-L1,17-18
fd771f95,72,Martin Braithwaite,DEN,FW,Bordeaux,26,1991,14,11,914,10.2,4,3,7,4,0,0,3,0,4.0,4.0,2.3,6.3,11,13,56,0.39,0.3,0.69,0.39,0.69,0.39,0.23,0.62,0.39,0.62,Matches,FRA-L1,17-18
3e016e5a,73,Brandon,ESP,"FW,MF",Rennes,22,1995,11,3,357,4.0,1,0,1,1,0,0,0,0,0.6,0.6,0.6,1.2,10,6,34,0.25,0.0,0.25,0.25,0.25,0.15,0.16,0.31,0.15,0.31,Matches,FRA-L1,17-18
f83c8d6c,74,Jimmy Briand,FRA,FW,Guingamp,31,1985,37,36,3209,35.7,11,2,13,8,3,4,4,0,10.5,7.3,2.4,9.7,64,84,226,0.31,0.06,0.36,0.22,0.28,0.29,0.07,0.36,0.21,0.27,Matches,FRA-L1,17-18
8746d5d0,75,Patrick Burner,MTQ,DF,Nice,21,1996,13,10,897,10.0,0,0,0,0,0,0,2,0,0.1,0.1,0.5,0.6,35,44,30,0.0,0.0,0.0,0.0,0.0,0.01,0.05,0.06,0.01,0.06,Matches,FRA-L1,17-18
26975a92,76,Ludovic Butelle,FRA,GK,Angers,34,1983,19,19,1652,18.4,0,0,0,0,0,0,0,0,0.0,0.0,0.0,0.0,0,0,0,0.0,0.0,0.0,0.0,0.0,0.0,0.0,0.0,0.0,0.0,Matches,FRA-L1,17-18
148e136f,77,Rémy Cabella,FRA,"FW,MF",Marseille,27,1990,3,0,64,0.7,1,0,1,1,0,0,0,0,0.7,0.7,0.0,0.7,9,5,2,1.41,0.0,1.41,1.41,1.41,0.99,0.0,0.99,0.99,0.99,Matches,FRA-L1,17-18
148e136f,78,Rémy Cabella,FRA,"MF,FW",Saint-Étienne,27,1990,26,25,2259,25.1,7,6,13,6,1,3,3,0,8.4,6.0,6.0,11.9,146,208,193,0.28,0.24,0.52,0.24,0.48,0.33,0.24,0.57,0.24,0.48,Matches,FRA-L1,17-18
85322440,79,Cafú,POR,MF,Metz,24,1993,10,8,680,7.6,0,0,0,0,0,0,2,0,0.3,0.3,0.2,0.5,2,31,17,0.0,0.0,0.0,0.0,0.0,0.04,0.02,0.07,0.04,0.07,Matches,FRA-L1,17-18
8d043f1d,80,Jonathan Cafu,BRA,"FW,MF",Bordeaux,26,1991,19,5,633,7.0,2,1,3,2,0,0,1,0,2.0,2.0,0.9,2.9,36,16,75,0.28,0.14,0.43,0.28,0.43,0.29,0.12,0.41,0.29,0.41,Matches,FRA-L1,17-18
677ee102,81,Yannick Cahuzac,FRA,MF,Toulouse,32,1985,20,18,1518,16.9,0,0,0,0,0,0,5,0,0.3,0.3,0.4,0.8,9,47,11,0.0,0.0,0.0,0.0,0.0,0.02,0.03,0.05,0.02,0.05,Matches,FRA-L1,17-18
07296190,82,Abdoul Camara,GUI,"FW,MF",Guingamp,27,1990,14,12,888,9.9,2,1,3,2,0,0,0,0,1.6,1.6,0.8,2.5,46,24,69,0.2,0.1,0.3,0.2,0.3,0.17,0.08,0.25,0.17,0.25,Matches,FRA-L1,17-18
c58270f8,83,Souleymane Camara,SEN,FW,Montpellier,34,1982,24,8,934,10.4,2,2,4,2,0,1,1,0,3.3,2.5,0.9,3.4,12,21,87,0.19,0.19,0.39,0.19,0.39,0.32,0.09,0.4,0.24,0.33,Matches,FRA-L1,17-18
79b2399c,84,Pierrick Capelle,FRA,MF,Angers,30,1987,28,23,1884,20.9,2,1,3,2,0,0,3,0,2.6,2.6,2.1,4.7,59,89,99,0.1,0.05,0.14,0.1,0.14,0.12,0.1,0.23,0.12,0.23,Matches,FRA-L1,17-18
950ff24d,85,Yoan Cardinale,FRA,GK,Nice,23,1994,10,10,900,10.0,0,0,0,0,0,0,2,0,0.0,0.0,0.0,0.0,0,1,0,0.0,0.0,0.0,0.0,0.0,0.0,0.0,0.0,0.0,0.0,Matches,FRA-L1,17-18
b4a014b1,86,Diego Carlos,BRA,DF,Nantes,24,1993,28,27,2291,25.5,1,0,1,1,0,0,7,1,1.6,1.6,0.5,2.1,4,67,8,0.04,0.0,0.04,0.04,0.04,0.06,0.02,0.08,0.06,0.08,Matches,FRA-L1,17-18
8f898ba8,87,Guido Carrillo,ARG,FW,Monaco,26,1991,15,2,424,4.7,4,0,4,4,0,0,0,0,2.1,2.1,0.1,2.2,1,6,14,0.85,0.0,0.85,0.85,0.85,0.44,0.03,0.46,0.44,0.46,Matches,FRA-L1,17-18
23b6ab66,88,Thomas Carrique,FRA,DF,Bordeaux,18,1999,1,1,90,1.0,0,0,0,0,0,0,0,0,0.0,0.0,0.0,0.0,3,5,8,0.0,0.0,0.0,0.0,0.0,0.0,0.03,0.03,0.0,0.03,Matches,FRA-L1,17-18
527f063d,89,Edinson Cavani,URU,FW,Paris S-G,30,1987,32,30,2581,28.7,28,6,34,25,3,5,3,0,23.4,19.8,6.0,25.8,30,43,168,0.98,0.21,1.19,0.87,1.08,0.82,0.21,1.03,0.69,0.9,Matches,FRA-L1,17-18
edd1466a,90,Fouad Chafik,MAR,DF,Dijon,30,1986,23,19,1613,17.9,0,2,2,0,0,0,4,0,0.2,0.2,1.8,1.9,32,59,79,0.0,0.11,0.11,0.0,0.11,0.01,0.1,0.11,0.01,0.11,Matches,FRA-L1,17-18
7961f7aa,91,Kwon Chang-hoon,KOR,"FW,MF",Dijon,23,1994,34,26,2137,23.7,11,3,14,11,0,0,3,0,6.6,6.6,2.3,8.9,66,40,175,0.46,0.13,0.59,0.46,0.59,0.28,0.1,0.38,0.28,0.38,Matches,FRA-L1,17-18
346c15cc,92,Charly Charrier,FRA,"MF,FW",Amiens,31,1986,3,1,105,1.2,0,0,0,0,0,0,0,0,0.4,0.4,0.0,0.5,1,7,16,0.0,0.0,0.0,0.0,0.0,0.37,0.03,0.4,0.37,0.4,Matches,FRA-L1,17-18
873ce3a2,93,Pape Cheikh Diop,SEN,MF,Lyon,19,1997,1,0,10,0.1,0,0,0,0,0,0,0,0,0.0,0.0,0.0,0.0,0,1,0,0.0,0.0,0.0,0.0,0.0,0.0,0.0,0.0,0.0,0.0,Matches,FRA-L1,17-18
2235f850,94,Saliou Ciss,SEN,"DF,MF",Angers,27,1989,3,2,144,1.6,0,0,0,0,0,0,0,0,0.0,0.0,0.0,0.0,6,5,10,0.0,0.0,0.0,0.0,0.0,0.02,0.0,0.02,0.02,0.02,Matches,FRA-L1,17-18
a1017967,95,Issa Cissokho,SEN,DF,Amiens,32,1985,19,18,1630,18.1,0,0,0,0,0,0,3,0,0.1,0.1,0.4,0.6,25,49,26,0.0,0.0,0.0,0.0,0.0,0.01,0.02,0.03,0.01,0.03,Matches,FRA-L1,17-18
3010aefb,96,Marcus Coco,FRA,"FW,MF",Guingamp,21,1996,29,17,1587,17.6,2,2,4,2,0,0,5,0,2.3,2.3,2.2,4.5,77,54,156,0.11,0.11,0.23,0.11,0.23,0.13,0.13,0.26,0.13,0.26,Matches,FRA-L1,17-18
4e7d66f8,97,Renaud Cohade,FRA,MF,Metz,32,1984,38,38,3298,36.6,1,3,4,1,0,0,6,0,1.3,1.3,3.5,4.9,70,312,140,0.03,0.08,0.11,0.03,0.11,0.04,0.1,0.13,0.04,0.13,Matches,FRA-L1,17-18
166a981d,98,Racine Coly,SEN,DF,Nice,21,1995,7,7,617,6.9,0,0,0,0,0,0,3,0,0.1,0.1,0.1,0.1,27,40,34,0.0,0.0,0.0,0.0,0.0,0.01,0.01,0.02,0.01,0.02,Matches,FRA-L1,17-18
535b0343,99,Alois Confais,FRA,"MF,DF",Troyes,20,1996,15,4,611,6.8,0,0,0,0,0,0,1,0,0.1,0.1,0.0,0.2,3,27,12,0.0,0.0,0.0,0.0,0.0,0.02,0.01,0.03,0.02,0.03,Matches,FRA-L1,17-18
3f5b4635,100,Daniel Congré,FRA,DF,Montpellier,32,1985,32,29,2635,29.3,1,0,1,1,0,0,4,0,1.1,1.1,0.2,1.3,14,121,14,0.03,0.0,0.03,0.03,0.03,0.04,0.01,0.04,0.04,0.04,Matches,FRA-L1,17-18
15a21c79,101,Diego Contento,GER,"DF,MF",Bordeaux,27,1990,3,1,108,1.2,0,1,1,0,0,0,0,0,0.0,0.0,0.4,0.4,0,1,0,0.0,0.83,0.83,0.0,0.83,0.0,0.34,0.34,0.0,0.34,Matches,FRA-L1,17-18
7d45b97a,102,Jérémy Cordoval,GLP,DF,Troyes,27,1990,11,10,919,10.2,0,1,1,0,0,0,1,0,0.0,0.0,0.5,0.6,17,33,20,0.0,0.1,0.1,0.0,0.1,0.0,0.05,0.06,0.0,0.06,Matches,FRA-L1,17-18
cfd8dde3,103,Benjamin Corgnet,FRA,"MF,FW",Strasbourg,30,1987,18,15,1376,15.3,0,2,2,0,0,0,2,0,1.8,1.8,1.8,3.6,30,52,80,0.0,0.13,0.13,0.0,0.13,0.12,0.12,0.23,0.12,0.23,Matches,FRA-L1,17-18
beb391dd,104,Maxwel Cornet,CIV,FW,Lyon,20,1996,30,13,1272,14.1,4,6,10,4,0,0,1,0,3.1,3.0,2.4,5.4,62,35,143,0.28,0.42,0.71,0.28,0.71,0.22,0.17,0.39,0.21,0.39,Matches,FRA-L1,17-18
5d42d487,105,Quentin Cornette,FRA,"FW,MF",Amiens,23,1994,12,6,448,5.0,1,2,3,1,0,0,1,0,0.6,0.6,0.9,1.6,15,20,20,0.2,0.4,0.6,0.2,0.6,0.13,0.18,0.31,0.13,0.31,Matches,FRA-L1,17-18
909222de,106,Nuno da Costa,CPV,"FW,MF",Strasbourg,26,1991,26,22,1727,19.2,5,2,7,5,0,0,4,1,4.2,4.2,0.6,4.8,47,30,134,0.26,0.1,0.36,0.26,0.36,0.22,0.03,0.25,0.22,0.25,Matches,FRA-L1,17-18
2434f24a,107,Benoît Costil,FRA,GK,Bordeaux,30,1987,36,36,3240,36.0,0,0,0,0,0,0,1,0,0.0,0.0,0.1,0.1,0,0,0,0.0,0.0,0.0,0.0,0.0,0.0,0.0,0.0,0.0,0.0,Matches,FRA-L1,17-18
9980269a,108,Kalifa Coulibaly,MLI,FW,Nantes,25,1991,8,3,341,3.8,1,0,1,1,0,0,0,0,0.3,0.3,0.7,1.0,8,11,32,0.26,0.0,0.26,0.26,0.26,0.08,0.17,0.25,0.08,0.25,Matches,FRA-L1,17-18
85a44ecc,109,Lassana Coulibaly,MLI,MF,Angers,21,1996,20,8,838,9.3,1,2,3,1,0,0,1,0,1.0,1.0,1.2,2.1,24,38,46,0.11,0.21,0.32,0.11,0.32,0.11,0.12,0.23,0.11,0.23,Matches,FRA-L1,17-18
8f325097,110,Nicolas Cozza,FRA,"DF,MF",Montpellier,18,1999,9,7,578,6.4,1,1,2,1,0,0,2,0,0.2,0.2,0.1,0.3,29,36,24,0.16,0.16,0.31,0.16,0.31,0.03,0.01,0.05,0.03,0.05,Matches,FRA-L1,17-18
06f33dc8,111,Enzo Crivelli,FRA,FW,Angers,22,1995,15,12,1022,11.4,1,1,2,1,0,0,6,1,2.1,2.1,0.7,2.8,6,19,56,0.09,0.09,0.18,0.09,0.18,0.19,0.06,0.25,0.19,0.25,Matches,FRA-L1,17-18
06f33dc8,112,Enzo Crivelli,FRA,FW,Caen,22,1995,11,9,725,8.1,2,0,2,2,0,0,2,0,1.6,1.6,0.2,1.8,2,6,46,0.25,0.0,0.25,0.25,0.25,0.2,0.02,0.22,0.2,0.22,Matches,FRA-L1,17-18
3e092724,113,Wylan Cyprien,FRA,MF,Nice,22,1995,16,10,951,10.6,2,2,4,2,0,0,2,0,1.2,1.2,1.7,2.8,8,51,9,0.19,0.19,0.38,0.19,0.38,0.11,0.16,0.27,0.11,0.27,Matches,FRA-L1,17-18
1ec7e1c5,114,Damien Da Silva,FRA,DF,Caen,29,1988,32,32,2836,31.5,4,0,4,4,0,0,7,0,1.7,1.7,0.0,1.7,12,85,2,0.13,0.0,0.13,0.13,0.13,0.05,0.0,0.05,0.05,0.05,Matches,FRA-L1,17-18
3067cbef,115,Kouadio-Yves Dabila,CIV,DF,Lille,20,1997,12,10,944,10.5,0,0,0,0,0,0,1,0,0.0,0.0,0.1,0.1,5,19,8,0.0,0.0,0.0,0.0,0.0,0.0,0.01,0.01,0.0,0.01,Matches,FRA-L1,17-18
c53083ad,116,Bryan Dabo,BFA,"MF,FW",Saint-Étienne,25,1992,16,15,1284,14.3,2,0,2,1,1,2,10,0,2.6,1.0,0.7,1.7,34,65,49,0.14,0.0,0.14,0.07,0.07,0.19,0.05,0.23,0.07,0.12,Matches,FRA-L1,17-18
fd2bc67d,117,Dante,BRA,DF,Nice,33,1983,33,33,2919,32.4,1,0,1,1,0,0,10,1,2.4,2.4,0.8,3.2,8,93,3,0.03,0.0,0.03,0.03,0.03,0.07,0.03,0.1,0.07,0.1,Matches,FRA-L1,17-18
a5876fca,118,Romain Danzé,FRA,DF,Rennes,31,1986,12,9,681,7.6,0,0,0,0,0,0,2,0,0.0,0.0,0.1,0.1,5,33,30,0.0,0.0,0.0,0.0,0.0,0.0,0.02,0.02,0.0,0.02,Matches,FRA-L1,17-18
75d97aa6,119,Stéphane Darbion,FRA,"FW,MF",Troyes,33,1984,23,20,1706,19.0,3,2,5,3,0,0,2,0,2.6,2.6,2.7,5.3,53,82,146,0.16,0.11,0.26,0.16,0.26,0.14,0.14,0.28,0.14,0.28,Matches,FRA-L1,17-18
070a3904,120,Sergi Darder,ESP,MF,Lyon,23,1993,3,3,209,2.3,0,0,0,0,0,0,2,1,0.1,0.1,0.1,0.2,0,15,3,0.0,0.0,0.0,0.0,0.0,0.02,0.04,0.07,0.02,0.07,Matches,FRA-L1,17-18
44f8c299,121,Lucas Deaux,FRA,MF,Guingamp,28,1988,26,24,1943,21.6,2,1,3,2,0,0,7,1,2.2,2.2,1.6,3.8,33,144,66,0.09,0.05,0.14,0.09,0.14,0.1,0.08,0.18,0.1,0.18,Matches,FRA-L1,17-18
92232aad,122,Mathieu Debuchy,FRA,DF,Saint-Étienne,32,1985,15,15,1314,14.6,4,0,4,4,0,0,1,0,2.7,2.7,1.2,3.9,23,59,88,0.27,0.0,0.27,0.27,0.27,0.18,0.08,0.27,0.18,0.27,Matches,FRA-L1,17-18
79685569,123,Jonathan Delaplace,FRA,MF,Caen,31,1986,12,5,583,6.5,0,1,1,0,0,0,3,0,0.4,0.4,0.6,0.9,6,28,12,0.0,0.15,0.15,0.0,0.15,0.06,0.09,0.15,0.06,0.15,Matches,FRA-L1,17-18
d33c706e,124,Andy Delort,ALG,FW,Toulouse,25,1991,32,25,2333,25.9,5,5,10,4,1,2,5,0,9.0,7.4,5.1,12.5,28,62,240,0.19,0.19,0.39,0.15,0.35,0.35,0.2,0.54,0.29,0.48,Matches,FRA-L1,17-18
a6138e4a,125,Jessy Deminguet,FRA,"MF,FW",Caen,19,1998,12,5,534,5.9,1,1,2,1,0,0,2,0,0.3,0.3,0.9,1.2,23,15,47,0.17,0.17,0.34,0.17,0.34,0.06,0.15,0.2,0.06,0.2,Matches,FRA-L1,17-18
ff16ecad,126,Mathieu Deplagne,FRA,DF,Troyes,25,1991,28,28,2410,26.8,0,2,2,0,0,0,5,1,0.2,0.2,1.4,1.6,49,115,83,0.0,0.07,0.07,0.0,0.07,0.01,0.05,0.06,0.01,0.06,Matches,FRA-L1,17-18
19cda00b,127,Ángel Di María,ARG,FW,Paris S-G,29,1988,30,26,2111,23.5,11,6,17,11,0,0,1,0,12.1,12.1,7.8,19.9,95,128,287,0.47,0.26,0.72,0.47,0.72,0.51,0.33,0.85,0.51,0.85,Matches,FRA-L1,17-18
cd387ff4,128,Fallou Diagne,SEN,"DF,MF",Metz,27,1989,29,26,2238,24.9,1,1,2,1,0,0,8,2,0.8,0.8,0.4,1.1,7,62,12,0.04,0.04,0.08,0.04,0.08,0.03,0.01,0.05,0.03,0.05,Matches,FRA-L1,17-18
65585e3a,129,Adama Diakhaby,FRA,FW,Monaco,21,1996,22,10,850,9.4,2,3,5,2,0,0,2,1,2.2,2.2,0.6,2.9,26,7,82,0.21,0.32,0.53,0.21,0.53,0.24,0.07,0.3,0.24,0.3,Matches,FRA-L1,17-18
d2110326,130,Mouctar Diakhaby,GUI,DF,Lyon,20,1996,12,8,728,8.1,1,0,1,1,0,0,2,0,0.5,0.5,0.0,0.5,6,17,0,0.12,0.0,0.12,0.12,0.12,0.06,0.0,0.06,0.06,0.06,Matches,FRA-L1,17-18
26383ea5,131,Abdoulaye Diallo,SEN,GK,Rennes,25,1992,3,3,270,3.0,0,0,0,0,0,0,0,0,0.0,0.0,0.0,0.0,0,0,0,0.0,0.0,0.0,0.0,0.0,0.0,0.0,0.0,0.0,0.0,Matches,FRA-L1,17-18
6605d143,132,Habib Diallo,SEN,"FW,MF",Metz,22,1995,1,0,15,0.2,0,0,0,0,0,0,0,0,0.0,0.0,0.0,0.0,0,1,0,0.0,0.0,0.0,0.0,0.0,0.0,0.0,0.0,0.0,0.0,Matches,FRA-L1,17-18
6c6ecdd4,133,Mustapha Diallo,SEN,MF,Guingamp,31,1986,26,16,1384,15.4,5,0,5,5,0,0,6,0,4.4,4.4,0.3,4.7,8,52,20,0.33,0.0,0.33,0.33,0.33,0.28,0.02,0.31,0.28,0.31,Matches,FRA-L1,17-18
79584585,134,Lassana Diarra,FRA,MF,Paris S-G,32,1985,10,8,606,6.7,0,1,1,0,0,0,4,0,0.0,0.0,0.2,0.2,14,39,7,0.0,0.15,0.15,0.0,0.15,0.0,0.03,0.03,0.0,0.03,Matches,FRA-L1,17-18
247accfd,135,Bakaye Dibassy,MLI,DF,Amiens,27,1989,32,31,2778,30.9,1,1,2,1,0,0,4,0,1.2,1.2,0.7,1.9,48,87,48,0.03,0.03,0.06,0.03,0.06,0.04,0.02,0.06,0.04,0.06,Matches,FRA-L1,17-18
a3d524cb,136,Thomas Didillon,FRA,GK,Metz,21,1995,9,9,810,9.0,0,0,0,0,0,0,0,0,0.0,0.0,0.0,0.0,0,1,0,0.0,0.0,0.0,0.0,0.0,0.0,0.0,0.0,0.0,0.0,Matches,FRA-L1,17-18
d2aa8ac0,137,Étienne Didot,FRA,MF,Guingamp,34,1983,23,21,1621,18.0,2,1,3,2,0,0,4,0,0.7,0.7,1.2,1.9,14,98,26,0.11,0.06,0.17,0.11,0.17,0.04,0.07,0.11,0.04,0.11,Matches,FRA-L1,17-18
92b56413,138,Tristan Dingomé,CMR,MF,Troyes,26,1991,14,14,1192,13.2,0,0,0,0,0,0,4,0,0.2,0.2,1.3,1.5,12,68,32,0.0,0.0,0.0,0.0,0.0,0.01,0.1,0.11,0.01,0.11,Matches,FRA-L1,17-18
10650926,139,Ismaël Diomandé,CIV,"DF,MF",Caen,24,1992,11,8,712,7.9,0,1,1,0,0,0,1,1,0.1,0.1,0.5,0.6,9,27,0,0.0,0.13,0.13,0.0,0.13,0.01,0.06,0.07,0.01,0.07,Matches,FRA-L1,17-18
4be0b467,140,Lois Diony,FRA,FW,Saint-Étienne,24,1992,16,11,931,10.3,0,0,0,0,0,0,0,0,1.6,1.6,0.3,1.8,11,13,81,0.0,0.0,0.0,0.0,0.0,0.15,0.03,0.18,0.15,0.18,Matches,FRA-L1,17-18
a712ca2b,141,Issa Diop,FRA,DF,Toulouse,20,1997,34,34,3060,34.0,3,0,3,3,0,0,8,0,2.0,2.0,0.6,2.7,14,106,1,0.09,0.0,0.09,0.09,0.09,0.06,0.02,0.08,0.06,0.08,Matches,FRA-L1,17-18
7f622eef,142,Assane Dioussé,SEN,MF,Saint-Étienne,19,1997,25,17,1344,14.9,1,0,1,1,0,0,4,0,0.8,0.8,0.6,1.4,14,93,26,0.07,0.0,0.07,0.07,0.07,0.06,0.04,0.09,0.06,0.09,Matches,FRA-L1,17-18
933d3b51,143,Koffi Djidji,CIV,DF,Nantes,24,1992,29,27,2416,26.8,0,0,0,0,0,0,2,0,0.3,0.3,0.3,0.6,18,60,24,0.0,0.0,0.0,0.0,0.0,0.01,0.01,0.02,0.01,0.02,Matches,FRA-L1,17-18
43e7a164,144,Alexander Djiku,GHA,DF,Caen,22,1994,28,28,2520,28.0,0,0,0,0,0,0,10,0,1.6,1.6,0.1,1.7,21,123,3,0.0,0.0,0.0,0.0,0.0,0.06,0.0,0.06,0.06,0.06,Matches,FRA-L1,17-18
083525e5,145,Papy Djilobodji,SEN,DF,Dijon,28,1988,30,30,2699,30.0,0,1,1,0,0,0,4,1,1.4,1.4,0.5,1.9,16,122,3,0.0,0.03,0.03,0.0,0.03,0.05,0.02,0.06,0.05,0.06,Matches,FRA-L1,17-18
ccb1c3af,146,Keagan Dolly,RSA,"MF,FW",Montpellier,24,1993,17,9,881,9.8,1,2,3,1,0,0,1,0,1.7,1.7,1.6,3.3,31,46,97,0.1,0.2,0.31,0.1,0.31,0.17,0.16,0.33,0.17,0.33,Matches,FRA-L1,17-18
9ffdf29a,147,Jean-Luc Dompé,FRA,FW,Amiens,21,1995,1,0,29,0.3,0,0,0,0,0,0,0,0,0.1,0.1,0.1,0.1,4,0,2,0.0,0.0,0.0,0.0,0.0,0.16,0.27,0.43,0.16,0.43,Matches,FRA-L1,17-18
d28b4a9d,148,Dória,BRA,DF,Marseille,22,1994,3,1,77,0.9,0,0,0,0,0,0,0,0,0.0,0.0,0.0,0.0,2,3,2,0.0,0.0,0.0,0.0,0.0,0.0,0.0,0.0,0.0,0.0,Matches,FRA-L1,17-18
6421dd73,149,Mathieu Dossevi,TOG,"FW,MF",Metz,29,1988,30,30,2509,27.9,1,11,12,1,0,0,2,0,2.3,2.3,11.1,13.4,136,131,253,0.04,0.39,0.43,0.04,0.43,0.08,0.4,0.48,0.08,0.48,Matches,FRA-L1,17-18
1a992676,150,Julian Draxler,GER,"MF,FW",Paris S-G,23,1993,30,19,1704,18.9,4,5,9,4,0,0,1,0,3.7,3.7,4.5,8.2,65,117,117,0.21,0.26,0.48,0.21,0.48,0.2,0.24,0.44,0.2,0.44,Matches,FRA-L1,17-18
ff0ab48c,151,Leo Dubois,FRA,DF,Nantes,22,1994,34,34,3021,33.6,3,4,7,3,0,0,5,0,2.1,2.1,6.7,8.8,96,171,130,0.09,0.12,0.21,0.09,0.21,0.06,0.2,0.26,0.06,0.26,Matches,FRA-L1,17-18
0e12089d,152,Maxime Dupé,FRA,GK,Nantes,24,1993,1,1,90,1.0,0,0,0,0,0,0,0,0,0.0,0.0,0.0,0.0,0,0,0,0.0,0.0,0.0,0.0,0.0,0.0,0.0,0.0,0.0,0.0,Matches,FRA-L1,17-18
f09a8b75,153,Jimmy Durmaz,SWE,"MF,FW",Toulouse,28,1989,20,12,1028,11.4,3,3,6,0,3,4,5,0,3.6,0.5,2.2,2.7,36,60,79,0.26,0.26,0.53,0.0,0.26,0.32,0.2,0.51,0.04,0.24,Matches,FRA-L1,17-18
167d5018,154,Félix Eboa Eboa,CMR,DF,Guingamp,20,1997,23,16,1524,16.9,1,0,1,1,0,0,2,0,0.9,0.9,0.5,1.4,14,53,10,0.06,0.0,0.06,0.06,0.06,0.05,0.03,0.09,0.05,0.09,Matches,FRA-L1,17-18
51a3caf1,155,Patrice Evra,FRA,DF,Marseille,36,1981,4,4,349,3.9,0,0,0,0,0,0,2,0,0.1,0.1,0.1,0.2,4,4,6,0.0,0.0,0.0,0.0,0.0,0.02,0.02,0.05,0.02,0.05,Matches,FRA-L1,17-18
ae82fa48,156,Valentin Eysseric,FRA,FW,Nice,25,1992,1,1,90,1.0,0,0,0,0,0,0,0,0,0.1,0.1,0.2,0.2,2,9,13,0.0,0.0,0.0,0.0,0.0,0.05,0.16,0.21,0.05,0.21,Matches,FRA-L1,17-18
7f3b388c,157,Fabinho,BRA,MF,Monaco,23,1993,34,34,3060,34.0,7,3,10,3,4,4,8,0,5.8,2.6,4.2,6.8,64,261,57,0.21,0.09,0.29,0.09,0.18,0.17,0.12,0.29,0.08,0.2,Matches,FRA-L1,17-18
66116290,158,Radamel Falcao,COL,FW,Monaco,31,1986,26,25,2129,23.7,18,4,22,15,3,4,1,0,13.9,10.7,1.9,12.6,30,37,164,0.76,0.17,0.93,0.63,0.8,0.59,0.08,0.67,0.45,0.53,Matches,FRA-L1,17-18
b82880c6,159,Simon Falette,GUI,DF,Metz,25,1992,1,1,90,1.0,0,0,0,0,0,0,0,0,0.0,0.0,0.0,0.0,0,2,0,0.0,0.0,0.0,0.0,0.0,0.0,0.0,0.0,0.0,0.0,Matches,FRA-L1,17-18
b396a0b1,160,Imad Faraj,MAR,"MF,DF",Lille,18,1999,7,1,162,1.8,0,1,1,0,0,0,0,0,0.2,0.2,1.0,1.2,8,6,20,0.0,0.56,0.56,0.0,0.56,0.12,0.55,0.68,0.12,0.68,Matches,FRA-L1,17-18
bece776f,161,Nabil Fekir,FRA,"MF,FW",Lyon,24,1993,30,28,2477,27.5,18,8,26,15,3,4,8,0,12.6,9.5,5.7,15.2,102,153,178,0.65,0.29,0.94,0.55,0.84,0.46,0.21,0.67,0.34,0.55,Matches,FRA-L1,17-18
ac62861c,162,Julien Féret,FRA,MF,Caen,35,1982,37,36,3060,34.0,0,1,1,0,0,0,3,0,0.9,0.9,4.9,5.7,57,272,96,0.0,0.03,0.03,0.0,0.03,0.03,0.14,0.17,0.03,0.17,Matches,FRA-L1,17-18
857e2586,163,Brian Fernández,ARG,FW,Metz,22,1994,7,0,128,1.4,0,0,0,0,0,0,0,0,0.3,0.3,0.1,0.5,6,2,9,0.0,0.0,0.0,0.0,0.0,0.23,0.1,0.32,0.23,0.32,Matches,FRA-L1,17-18
375622c5,164,Jordan Ferri,FRA,MF,Lyon,25,1992,24,4,638,7.1,0,1,1,0,0,0,4,0,0.4,0.4,0.8,1.2,21,73,30,0.0,0.14,0.14,0.0,0.14,0.05,0.12,0.17,0.05,0.17,Matches,FRA-L1,17-18
f51edbf3,165,Afonso Figueiredo,POR,"DF,FW",Rennes,24,1993,5,1,223,2.5,0,0,0,0,0,0,1,0,0.0,0.0,0.0,0.0,5,13,7,0.0,0.0,0.0,0.0,0.0,0.0,0.0,0.0,0.0,0.0,Matches,FRA-L1,17-18
9dafff2a,166,Guessouma Fofana,MTN,MF,Amiens,24,1992,16,7,743,8.3,0,0,0,0,0,0,3,1,0.2,0.2,0.1,0.3,15,30,19,0.0,0.0,0.0,0.0,0.0,0.02,0.01,0.03,0.02,0.03,Matches,FRA-L1,17-18
574aa9ec,167,Steven Fortes,CPV,DF,Toulouse,25,1992,2,1,155,1.7,0,0,0,0,0,0,1,0,0.0,0.0,0.0,0.0,2,12,0,0.0,0.0,0.0,0.0,0.0,0.0,0.0,0.0,0.0,0.0,Matches,FRA-L1,17-18
45e17712,168,Dimitri Foulquier,FRA,DF,Strasbourg,24,1993,16,13,1239,13.8,0,2,2,0,0,0,2,0,0.1,0.1,1.6,1.7,44,52,30,0.0,0.15,0.15,0.0,0.15,0.01,0.12,0.12,0.01,0.12,Matches,FRA-L1,17-18
5aca2a18,169,Lilian Fournier,FRA,FW,Metz,19,1998,1,0,15,0.2,0,0,0,0,0,0,0,0,0.0,0.0,0.0,0.0,0,0,2,0.0,0.0,0.0,0.0,0.0,0.0,0.0,0.0,0.0,0.0,Matches,FRA-L1,17-18
4b96c347,170,Angelo Fulgini,FRA,MF,Angers,20,1996,29,16,1529,17.0,3,5,8,3,0,0,4,0,3.1,3.1,3.9,7.0,39,74,116,0.18,0.29,0.47,0.18,0.47,0.18,0.23,0.41,0.18,0.41,Matches,FRA-L1,17-18
9f6325f9,171,Milan Gajić,SRB,DF,Bordeaux,21,1996,4,4,360,4.0,0,1,1,0,0,0,0,0,0.0,0.0,0.0,0.0,9,15,16,0.0,0.25,0.25,0.0,0.25,0.01,0.01,0.01,0.01,0.01,Matches,FRA-L1,17-18
cf4053e2,172,Serge Gakpé,TOG,"FW,MF",Amiens,30,1987,29,23,1825,20.3,3,3,6,3,0,0,1,0,3.7,3.7,1.1,4.9,46,58,122,0.15,0.15,0.3,0.15,0.3,0.18,0.06,0.24,0.18,0.24,Matches,FRA-L1,17-18
23c63b7f,173,Ignatius Ganago,CMR,"FW,MF",Nice,18,1999,6,0,69,0.8,1,0,1,1,0,0,1,0,0.9,0.6,0.0,0.7,2,0,9,1.3,0.0,1.3,1.3,1.3,1.19,0.04,1.23,0.84,0.88,Matches,FRA-L1,17-18
56b52c4e,174,Najib Gandi,FRA,"FW,MF",Nantes,23,1994,5,0,96,1.1,0,0,0,0,0,0,1,0,0.1,0.1,0.0,0.1,3,8,5,0.0,0.0,0.0,0.0,0.0,0.06,0.0,0.06,0.06,0.06,Matches,FRA-L1,17-18
4c700f46,175,Jérémy Gélin,FRA,"DF,MF",Rennes,20,1997,28,25,2315,25.7,0,2,2,0,0,0,2,0,0.3,0.3,0.6,0.8,12,139,7,0.0,0.08,0.08,0.0,0.08,0.01,0.02,0.03,0.01,0.03,Matches,FRA-L1,17-18
1040e783,176,Romain Genevois,HAI,DF,Caen,29,1987,24,22,1808,20.1,0,1,1,0,0,0,4,1,0.5,0.5,0.3,0.8,17,50,29,0.0,0.05,0.05,0.0,0.05,0.02,0.02,0.04,0.02,0.04,Matches,FRA-L1,17-18
ea0ff634,177,Valère Germain,FRA,FW,Marseille,27,1990,35,24,2167,24.1,9,5,14,9,0,1,2,0,9.7,9.0,4.9,13.9,19,36,148,0.37,0.21,0.58,0.37,0.58,0.4,0.2,0.61,0.37,0.58,Matches,FRA-L1,17-18
9836e892,178,Willem Geubbels,FRA,"FW,MF",Lyon,15,2001,2,0,33,0.4,0,0,0,0,0,0,0,0,0.0,0.0,0.0,0.0,1,0,3,0.0,0.0,0.0,0.0,0.0,0.0,0.0,0.0,0.0,0.0,Matches,FRA-L1,17-18
0049d544,179,Yassine El Ghanassy,BEL,"MF,FW",Nantes,27,1990,20,5,644,7.2,0,0,0,0,0,0,1,0,0.7,0.7,1.2,1.9,36,40,62,0.0,0.0,0.0,0.0,0.0,0.1,0.17,0.26,0.1,0.26,Matches,FRA-L1,17-18
ffa90327,180,Anwar El Ghazi,NED,"FW,MF",Lille,22,1995,27,19,1648,18.3,4,4,8,4,0,0,2,0,3.9,3.9,3.1,7.0,78,55,163,0.22,0.22,0.44,0.22,0.44,0.21,0.17,0.38,0.21,0.38,Matches,FRA-L1,17-18
dc3a9a0d,181,Rachid Ghezzal,ALG,"FW,MF",Monaco,25,1992,26,7,1006,11.2,2,3,5,2,0,0,2,1,2.6,2.6,2.7,5.3,39,57,127,0.18,0.27,0.45,0.18,0.45,0.24,0.24,0.48,0.24,0.48,Matches,FRA-L1,17-18
3f944dad,182,Guillaume Gillet,BEL,MF,Nantes,33,1984,1,0,16,0.2,0,0,0,0,0,0,1,0,0.0,0.0,0.0,0.0,0,1,0,0.0,0.0,0.0,0.0,0.0,0.0,0.0,0.0,0.0,0.0,Matches,FRA-L1,17-18
6ba71da5,183,Jimmy Giraudon,FRA,DF,Troyes,25,1992,25,24,2092,23.2,0,0,0,0,0,0,4,1,0.5,0.5,0.1,0.6,8,80,3,0.0,0.0,0.0,0.0,0.0,0.02,0.0,0.03,0.02,0.03,Matches,FRA-L1,17-18
81d9a76b,184,Thibault Giresse,FRA,"FW,MF",Guingamp,36,1981,3,0,23,0.3,0,0,0,0,0,0,0,0,0.1,0.1,0.0,0.1,2,0,0,0.0,0.0,0.0,0.0,0.0,0.27,0.0,0.27,0.27,0.27,Matches,FRA-L1,17-18
3befc2b6,185,Andrei Girotto,BRA,MF,Nantes,25,1992,25,18,1520,16.9,1,1,2,1,0,0,8,0,1.4,1.4,0.6,1.9,15,78,17,0.06,0.06,0.12,0.06,0.12,0.08,0.03,0.12,0.08,0.12,Matches,FRA-L1,17-18
c6056d58,186,Kamil Glik,POL,DF,Monaco,29,1988,36,36,3240,36.0,3,3,6,3,0,0,8,0,2.9,2.9,1.5,4.4,9,94,5,0.08,0.08,0.17,0.08,0.17,0.08,0.04,0.12,0.08,0.12,Matches,FRA-L1,17-18
1232e1dc,187,Joris Gnagnon,FRA,DF,Rennes,20,1997,36,32,2919,32.4,2,2,4,2,0,0,3,0,2.6,2.6,0.2,2.7,10,70,7,0.06,0.06,0.12,0.06,0.12,0.08,0.01,0.08,0.08,0.08,Matches,FRA-L1,17-18
c27dfb82,188,Anthony Gonçalves,FRA,"MF,FW",Strasbourg,31,1986,29,18,1757,19.5,0,1,1,0,0,0,5,0,1.4,1.4,2.1,3.4,59,80,139,0.0,0.05,0.05,0.0,0.05,0.07,0.11,0.18,0.07,0.18,Matches,FRA-L1,17-18
743fd71f,189,Vagner Gonçalves,CPV,FW,Saint-Étienne,21,1996,4,1,108,1.2,0,0,0,0,0,0,0,0,0.2,0.2,0.1,0.3,2,1,15,0.0,0.0,0.0,0.0,0.0,0.14,0.09,0.23,0.14,0.23,Matches,FRA-L1,17-18
8730ed6a,190,Georges Gope-Fenepej,NCL,FW,Amiens,28,1988,3,0,47,0.5,0,0,0,0,0,0,0,0,0.0,0.0,0.0,0.0,1,1,4,0.0,0.0,0.0,0.0,0.0,0.0,0.07,0.07,0.0,0.07,Matches,FRA-L1,17-18
4d3e9033,191,Mathieu Gorgelin,FRA,GK,Lyon,26,1990,4,4,360,4.0,0,0,0,0,0,0,0,0,0.0,0.0,0.0,0.0,0,0,0,0.0,0.0,0.0,0.0,0.0,0.0,0.0,0.0,0.0,0.0,Matches,FRA-L1,17-18
7c6d6c96,192,Prince-Désir Gouano,FRA,DF,Amiens,23,1993,32,32,2746,30.5,0,0,0,0,0,0,4,3,0.8,0.8,0.1,1.0,0,46,0,0.0,0.0,0.0,0.0,0.0,0.03,0.0,0.03,0.03,0.03,Matches,FRA-L1,17-18
e893fc23,193,Lemouya Goudiaby,SEN,DF,Metz,20,1997,2,1,85,0.9,0,0,0,0,0,0,0,0,0.0,0.0,0.0,0.0,0,4,4,0.0,0.0,0.0,0.0,0.0,0.0,0.0,0.0,0.0,0.0,Matches,FRA-L1,17-18
aad56ca3,194,Amine Gouiri,ALG,"FW,MF",Lyon,17,2000,7,0,83,0.9,0,0,0,0,0,0,0,0,0.1,0.1,0.1,0.2,5,2,8,0.0,0.0,0.0,0.0,0.0,0.14,0.11,0.25,0.14,0.25,Matches,FRA-L1,17-18
3acddfdd,195,Yoann Gourcuff,FRA,"MF,FW",Rennes,31,1986,10,5,426,4.7,1,2,3,1,0,0,0,0,0.5,0.5,0.9,1.4,6,23,24,0.21,0.42,0.63,0.21,0.63,0.1,0.2,0.3,0.1,0.3,Matches,FRA-L1,17-18
c5a500ca,196,Max Gradel,CIV,"FW,MF",Toulouse,29,1987,29,27,2415,26.8,8,1,9,4,4,5,5,1,8.1,4.1,4.5,8.6,136,96,316,0.3,0.04,0.34,0.15,0.19,0.3,0.17,0.47,0.15,0.32,Matches,FRA-L1,17-18
d2448564,197,Samuel Grandsir,FRA,"FW,MF",Troyes,20,1996,36,29,2603,28.9,3,4,7,3,0,0,3,0,4.8,4.8,4.0,8.7,127,108,233,0.1,0.14,0.24,0.1,0.24,0.16,0.14,0.3,0.16,0.3,Matches,FRA-L1,17-18
8b298f56,198,Clément Grenier,FRA,MF,Guingamp,26,1991,15,14,1208,13.4,5,4,9,3,2,2,2,0,3.7,2.1,3.9,6.0,22,108,67,0.37,0.3,0.67,0.22,0.52,0.28,0.29,0.57,0.16,0.45,Matches,FRA-L1,17-18
8b298f56,199,Clément Grenier,FRA,FW,Lyon,26,1991,1,0,5,0.1,0,0,0,0,0,0,0,0,0.1,0.1,0.0,0.1,0,1,2,0.0,0.0,0.0,0.0,0.0,1.41,0.0,1.41,1.41,1.41,Matches,FRA-L1,17-18
53283127,200,Jérémy Grimm,FRA,MF,Strasbourg,30,1987,23,7,808,9.0,1,0,1,1,0,0,3,0,0.6,0.6,0.2,0.8,3,36,14,0.11,0.0,0.11,0.11,0.11,0.06,0.03,0.09,0.06,0.09,Matches,FRA-L1,17-18
e6bc67d7,201,Gonçalo Guedes,POR,FW,Paris S-G,20,1996,1,0,5,0.1,0,0,0,0,0,0,0,0,0.0,0.0,0.0,0.0,2,0,0,0.0,0.0,0.0,0.0,0.0,0.0,0.0,0.0,0.0,0.0,Matches,FRA-L1,17-18
5d8d7454,202,Frederic Guilbert,FRA,DF,Caen,22,1994,36,36,3240,36.0,1,2,3,1,0,0,12,0,1.4,1.4,1.7,3.1,71,124,144,0.03,0.06,0.08,0.03,0.08,0.04,0.05,0.09,0.04,0.09,Matches,FRA-L1,17-18
9453d2f4,203,Baptiste Guillaume,BEL,"FW,MF",Angers,22,1995,16,3,458,5.1,1,2,3,1,0,0,3,0,1.7,1.7,0.9,2.6,9,9,36,0.2,0.39,0.59,0.2,0.59,0.33,0.17,0.51,0.33,0.51,Matches,FRA-L1,17-18
bc270726,204,Régis Gurtner,FRA,GK,Amiens,30,1986,37,37,3330,37.0,0,0,0,0,0,0,2,0,0.0,0.0,0.0,0.0,0,0,0,0.0,0.0,0.0,0.0,0.0,0.0,0.0,0.0,0.0,0.0,Matches,FRA-L1,17-18
82671804,205,Luiz Gustavo,BRA,"MF,DF",Marseille,30,1987,34,34,3019,33.5,5,1,6,5,0,0,10,1,4.0,3.4,0.7,4.1,52,201,21,0.15,0.03,0.18,0.15,0.18,0.12,0.02,0.14,0.1,0.12,Matches,FRA-L1,17-18
ec400194,206,Oussama Haddadi,TUN,DF,Dijon,25,1992,33,27,2503,27.8,1,1,2,1,0,0,6,1,0.5,0.5,1.5,2.1,70,93,114,0.04,0.04,0.07,0.04,0.07,0.02,0.05,0.07,0.02,0.07,Matches,FRA-L1,17-18
9f29c204,207,Oualid El Hajjam,MAR,DF,Amiens,26,1991,26,24,2198,24.4,1,1,2,1,0,0,6,0,0.6,0.6,0.6,1.2,48,63,74,0.04,0.04,0.08,0.04,0.08,0.02,0.03,0.05,0.02,0.05,Matches,FRA-L1,17-18
0b4d8274,208,Romain Hamouma,FRA,FW,Saint-Étienne,30,1987,29,22,1846,20.5,5,3,8,5,0,0,4,0,6.7,6.7,4.8,11.5,59,45,176,0.24,0.15,0.39,0.24,0.39,0.33,0.24,0.56,0.33,0.56,Matches,FRA-L1,17-18
563fcd6b,209,Gauthier Hein,FRA,FW,Metz,20,1996,3,1,82,0.9,0,0,0,0,0,0,0,0,0.0,0.0,0.0,0.1,3,4,9,0.0,0.0,0.0,0.0,0.0,0.04,0.03,0.07,0.04,0.07,Matches,FRA-L1,17-18
3681cfff,210,Christophe Hérelle,MTQ,DF,Troyes,24,1992,34,34,2957,32.9,0,0,0,0,0,0,7,1,1.7,1.7,0.2,1.9,15,120,4,0.0,0.0,0.0,0.0,0.0,0.05,0.0,0.06,0.05,0.06,Matches,FRA-L1,17-18
6f5ead86,211,Hernani,BRA,"MF,FW",Saint-Étienne,23,1994,14,5,544,6.0,3,0,3,3,0,0,2,2,1.0,1.0,1.9,2.9,11,36,22,0.5,0.0,0.5,0.5,0.5,0.16,0.31,0.47,0.16,0.47,Matches,FRA-L1,17-18
c4bbea9f,212,Vitorino Hilton,BRA,DF,Montpellier,39,1977,27,27,2430,27.0,0,0,0,0,0,0,5,0,1.4,1.4,0.6,2.0,13,75,1,0.0,0.0,0.0,0.0,0.0,0.05,0.02,0.07,0.05,0.07,Matches,FRA-L1,17-18
97b87472,213,Tomáš Hubočan,SVK,DF,Marseille,31,1985,1,1,90,1.0,0,0,0,0,0,0,1,0,0.0,0.0,0.0,0.0,1,1,4,0.0,0.0,0.0,0.0,0.0,0.0,0.0,0.0,0.0,0.0,Matches,FRA-L1,17-18
d14229f3,214,Adrien Hunou,FRA,"FW,MF",Rennes,23,1994,24,17,1458,16.2,5,1,6,5,0,0,1,0,3.9,3.9,0.4,4.4,18,33,124,0.31,0.06,0.37,0.31,0.37,0.24,0.03,0.27,0.24,0.27,Matches,FRA-L1,17-18
7ffaf233,215,Suk Hyun-jun,KOR,FW,Troyes,26,1991,26,13,1195,13.3,6,0,6,6,0,0,5,0,5.3,5.3,0.9,6.1,25,17,84,0.45,0.0,0.45,0.45,0.45,0.4,0.06,0.46,0.4,0.46,Matches,FRA-L1,17-18
3767b3b7,216,Edgar Ié,GNB,DF,Lille,23,1994,35,35,3146,35.0,1,0,1,1,0,0,6,0,0.9,0.9,0.5,1.3,55,131,53,0.03,0.0,0.03,0.03,0.03,0.02,0.01,0.04,0.02,0.04,Matches,FRA-L1,17-18
20c2c0e8,217,Julien Ielsch,FRA,"MF,DF",Amiens,34,1983,11,7,616,6.8,0,0,0,0,0,0,4,0,0.2,0.2,0.5,0.7,5,27,13,0.0,0.0,0.0,0.0,0.0,0.03,0.07,0.1,0.03,0.1,Matches,FRA-L1,17-18
8ff4872e,218,Jordan Ikoko,COD,DF,Guingamp,23,1994,28,26,2420,26.9,0,2,2,0,0,0,6,0,1.0,1.0,1.7,2.6,76,105,105,0.0,0.07,0.07,0.0,0.07,0.04,0.06,0.1,0.04,0.1,Matches,FRA-L1,17-18
42eaa028,219,Jonathan Ikone,FRA,"MF,FW",Montpellier,19,1998,18,12,998,11.1,1,1,2,1,0,0,0,0,0.9,0.9,1.4,2.3,48,40,85,0.09,0.09,0.18,0.09,0.18,0.08,0.12,0.21,0.08,0.21,Matches,FRA-L1,17-18
f352a2db,220,Jules Iloki,FRA,"MF,FW",Nantes,25,1992,26,14,1421,15.8,0,0,0,0,0,0,1,0,1.7,1.7,2.4,4.1,41,45,147,0.0,0.0,0.0,0.0,0.0,0.11,0.15,0.26,0.11,0.26,Matches,FRA-L1,17-18
b86fe156,221,Giannelli Imbula,COD,MF,Toulouse,24,1992,28,28,2243,24.9,1,1,2,1,0,0,4,0,1.6,1.6,2.1,3.7,74,159,40,0.04,0.04,0.08,0.04,0.08,0.06,0.08,0.15,0.06,0.15,Matches,FRA-L1,17-18
3e87d087,222,Emmanuel Imorou,BEN,DF,Caen,28,1988,1,0,34,0.4,0,0,0,0,0,0,0,0,0.0,0.0,0.0,0.0,2,1,2,0.0,0.0,0.0,0.0,0.0,0.0,0.0,0.0,0.0,0.0,Matches,FRA-L1,17-18
46d50339,223,Christophe Jallet,FRA,DF,Nice,33,1983,15,13,1174,13.0,0,0,0,0,0,0,4,0,0.2,0.2,0.7,0.9,32,78,91,0.0,0.0,0.0,0.0,0.0,0.02,0.05,0.07,0.02,0.07,Matches,FRA-L1,17-18
1bc6135b,224,Ablie Jallow,GAM,FW,Metz,18,1998,2,2,129,1.4,0,0,0,0,0,0,0,0,0.1,0.1,0.9,1.0,2,2,10,0.0,0.0,0.0,0.0,0.0,0.04,0.63,0.67,0.04,0.67,Matches,FRA-L1,17-18
689c9cf4,225,Saidy Janko,GAM,DF,Saint-Étienne,21,1995,21,16,1422,15.8,0,0,0,0,0,0,4,0,0.1,0.1,0.8,1.0,58,61,79,0.0,0.0,0.0,0.0,0.0,0.01,0.05,0.06,0.01,0.06,Matches,FRA-L1,17-18
22a62523,226,Nicolas Janvier,FRA,MF,Rennes,18,1998,3,1,76,0.8,0,0,0,0,0,0,0,0,0.0,0.0,0.0,0.0,1,2,7,0.0,0.0,0.0,0.0,0.0,0.0,0.0,0.0,0.0,0.0,Matches,FRA-L1,17-18
7d9b37bf,227,Corentin Jean,FRA,"FW,MF",Toulouse,22,1995,33,18,1688,18.8,1,2,3,1,0,0,3,0,2.0,2.0,2.8,4.7,53,41,150,0.05,0.11,0.16,0.05,0.16,0.11,0.15,0.25,0.11,0.25,Matches,FRA-L1,17-18
2e52206e,228,Benjamin Jeannot,FRA,FW,Dijon,25,1992,24,14,1407,15.6,4,1,5,4,0,0,4,0,3.4,3.4,1.5,4.9,11,34,81,0.26,0.06,0.32,0.26,0.32,0.22,0.1,0.31,0.22,0.31,Matches,FRA-L1,17-18
7cab69b5,229,Jemerson,BRA,DF,Monaco,24,1992,33,33,2855,31.7,2,0,2,2,0,0,7,1,1.9,1.9,0.2,2.1,9,59,1,0.06,0.0,0.06,0.06,0.06,0.06,0.01,0.07,0.06,0.07,Matches,FRA-L1,17-18
a56bd2ee,230,Karl-Johan Johnsson,SWE,GK,Guingamp,27,1990,38,38,3420,38.0,0,0,0,0,0,0,0,0,0.0,0.0,0.1,0.1,0,0,0,0.0,0.0,0.0,0.0,0.0,0.0,0.0,0.0,0.0,0.0,Matches,FRA-L1,17-18
13c44fc5,231,Jorge,BRA,DF,Monaco,21,1996,22,22,1920,21.3,1,2,3,1,0,0,8,0,0.2,0.2,1.9,2.1,60,84,115,0.05,0.09,0.14,0.05,0.14,0.01,0.09,0.1,0.01,0.1,Matches,FRA-L1,17-18
5d66c10d,232,Yann Jouffre,FRA,"FW,MF",Metz,33,1984,4,3,275,3.1,0,0,0,0,0,0,0,0,0.1,0.1,0.5,0.5,4,18,23,0.0,0.0,0.0,0.0,0.0,0.02,0.15,0.17,0.02,0.17,Matches,FRA-L1,17-18
0eb03d5b,233,Vukašin Jovanović,SRB,DF,Bordeaux,21,1996,16,16,1440,16.0,0,0,0,0,0,0,4,0,0.3,0.3,0.1,0.4,15,51,1,0.0,0.0,0.0,0.0,0.0,0.02,0.01,0.03,0.02,0.03,Matches,FRA-L1,17-18
f36c432f,234,Stevan Jovetić,MNE,FW,Monaco,27,1989,15,7,753,8.4,8,1,9,8,0,0,1,0,5.4,5.4,0.4,5.8,19,32,62,0.96,0.12,1.08,0.96,1.08,0.65,0.05,0.7,0.65,0.7,Matches,FRA-L1,17-18
f323d995,235,Christopher Jullien,FRA,DF,Toulouse,24,1993,30,30,2605,28.9,1,2,3,1,0,0,7,0,3.0,3.0,0.7,3.7,8,103,10,0.03,0.07,0.1,0.03,0.1,0.1,0.02,0.13,0.1,0.13,Matches,FRA-L1,17-18
8ba3a754,236,Alexander Kačaniklić,SWE,"MF,FW",Nantes,25,1991,9,3,316,3.5,0,1,1,0,0,0,0,0,0.2,0.2,0.2,0.4,16,7,27,0.0,0.28,0.28,0.0,0.28,0.05,0.07,0.11,0.05,0.11,Matches,FRA-L1,17-18
5b1bf5e3,237,Gaël Kakuta,COD,"MF,FW",Amiens,26,1991,36,36,3083,34.3,6,6,12,6,0,1,3,0,4.2,3.4,6.1,9.5,77,151,194,0.18,0.18,0.35,0.18,0.35,0.12,0.18,0.3,0.1,0.28,Matches,FRA-L1,17-18
81d3318f,238,François Kamano,GUI,FW,Bordeaux,21,1996,35,23,2014,22.4,8,4,12,7,1,1,4,0,8.2,7.3,2.6,9.9,122,52,213,0.36,0.18,0.54,0.31,0.49,0.37,0.12,0.48,0.33,0.44,Matches,FRA-L1,17-18
3814120d,239,Bingourou Kamara,SEN,GK,Strasbourg,20,1996,19,19,1691,18.8,0,0,0,0,0,0,2,0,0.0,0.0,0.0,0.0,0,0,0,0.0,0.0,0.0,0.0,0.0,0.0,0.0,0.0,0.0,0.0,Matches,FRA-L1,17-18
cc77354e,240,Boubacar Kamara,FRA,"DF,MF",Marseille,17,1999,6,5,455,5.1,0,1,1,0,0,0,1,0,0.2,0.2,0.3,0.5,4,9,4,0.0,0.2,0.2,0.0,0.2,0.04,0.05,0.09,0.04,0.09,Matches,FRA-L1,17-18
b4c816a9,241,Wilfried Kanga,CIV,"FW,MF",Angers,19,1998,9,1,175,1.9,0,0,0,0,0,0,0,0,0.1,0.1,0.0,0.1,0,2,16,0.0,0.0,0.0,0.0,0.0,0.05,0.0,0.05,0.05,0.05,Matches,FRA-L1,17-18
a4527d33,242,Eiji Kawashima,JPN,GK,Metz,34,1983,29,29,2569,28.5,0,0,0,0,0,0,0,1,0.0,0.0,0.0,0.0,0,0,0,0.0,0.0,0.0,0.0,0.0,0.0,0.0,0.0,0.0,0.0,Matches,FRA-L1,17-18
4657faba,243,Joris Kayembe,COD,"FW,MF",Nantes,22,1994,3,1,89,1.0,0,0,0,0,0,0,0,0,0.0,0.0,0.1,0.1,3,1,7,0.0,0.0,0.0,0.0,0.0,0.03,0.07,0.1,0.03,0.1,Matches,FRA-L1,17-18
0515a4cb,244,Christophe Kerbrat,FRA,DF,Guingamp,30,1986,37,37,3320,36.9,1,0,1,1,0,0,4,0,0.4,0.4,0.1,0.5,12,136,1,0.03,0.0,0.03,0.03,0.03,0.01,0.0,0.01,0.01,0.01,Matches,FRA-L1,17-18
06f46837,245,Billy Ketkeophomphone,LAO,MF,Angers,27,1990,13,5,437,4.9,0,0,0,0,0,0,0,0,0.3,0.3,0.4,0.7,13,18,31,0.0,0.0,0.0,0.0,0.0,0.06,0.09,0.15,0.06,0.15,Matches,FRA-L1,17-18
abccacf7,246,Driss Khalid,MAR,FW,Toulouse,18,1999,1,0,29,0.3,0,0,0,0,0,0,0,0,0.1,0.1,0.0,0.1,1,0,1,0.0,0.0,0.0,0.0,0.0,0.23,0.0,0.23,0.23,0.23,Matches,FRA-L1,17-18
796b1c41,247,Saîf-Eddine Khaoui,TUN,"MF,FW",Troyes,22,1995,32,21,1956,21.7,5,2,7,5,0,1,1,0,4.7,3.9,2.6,6.5,43,72,103,0.23,0.09,0.32,0.23,0.32,0.22,0.12,0.34,0.18,0.3,Matches,FRA-L1,17-18
2677a1de,248,Wahbi Khazri,TUN,"FW,MF",Rennes,26,1991,24,23,1918,21.3,9,2,11,6,3,4,8,1,7.8,4.6,3.8,8.4,54,64,146,0.42,0.09,0.52,0.28,0.38,0.36,0.18,0.54,0.22,0.39,Matches,FRA-L1,17-18
aef6e670,249,Presnel Kimpembe,FRA,DF,Paris S-G,21,1995,28,27,2423,26.9,0,0,0,0,0,0,8,2,1.4,1.4,0.2,1.7,36,108,3,0.0,0.0,0.0,0.0,0.0,0.05,0.01,0.06,0.05,0.06,Matches,FRA-L1,17-18
faf873a7,250,Hervé Koffi,BFA,GK,Lille,20,1996,4,4,360,4.0,0,0,0,0,0,0,0,0,0.0,0.0,0.0,0.0,0,0,0,0.0,0.0,0.0,0.0,0.0,0.0,0.0,0.0,0.0,0.0,Matches,FRA-L1,17-18
d3b58e33,251,Seybou Koita,NIG,FW,Amiens,23,1994,6,2,212,2.4,0,0,0,0,0,0,0,0,0.3,0.3,0.1,0.3,4,7,11,0.0,0.0,0.0,0.0,0.0,0.11,0.02,0.13,0.11,0.13,Matches,FRA-L1,17-18
fcbcbd94,252,Moussa Konaté,SEN,FW,Amiens,24,1993,33,28,2472,27.5,13,1,14,11,2,2,8,0,10.2,8.6,1.5,10.0,46,42,173,0.47,0.04,0.51,0.4,0.44,0.37,0.05,0.42,0.31,0.37,Matches,FRA-L1,17-18
1f713024,253,Bakary Koné,BFA,DF,Strasbourg,29,1988,28,27,2462,27.4,1,0,1,1,0,0,3,0,1.1,1.1,0.0,1.1,4,51,1,0.04,0.0,0.04,0.04,0.04,0.04,0.0,0.04,0.04,0.04,Matches,FRA-L1,17-18
1f9a3a04,254,Terence Kongolo,NED,DF,Monaco,23,1994,3,3,257,2.9,0,0,0,0,0,0,0,0,0.2,0.2,0.3,0.4,4,7,16,0.0,0.0,0.0,0.0,0.0,0.06,0.1,0.16,0.06,0.16,Matches,FRA-L1,17-18
ce316f8c,255,Christian Kouakou,CIV,"MF,FW",Caen,26,1991,19,7,847,9.4,1,1,2,1,0,0,0,0,3.2,3.2,0.4,3.6,17,8,66,0.11,0.11,0.21,0.11,0.21,0.34,0.05,0.39,0.34,0.39,Matches,FRA-L1,17-18
86a2ba20,256,Rominigue Kouamé,MLI,"DF,MF",Lille,20,1996,6,1,201,2.2,0,1,1,0,0,0,0,0,0.0,0.0,0.5,0.5,7,10,8,0.0,0.45,0.45,0.0,0.45,0.0,0.21,0.21,0.0,0.21,Matches,FRA-L1,17-18
dc366c36,257,Tomáš Koubek,CZE,GK,Rennes,24,1992,34,34,3060,34.0,0,0,0,0,0,0,0,0,0.0,0.0,0.0,0.0,0,0,0,0.0,0.0,0.0,0.0,0.0,0.0,0.0,0.0,0.0,0.0,Matches,FRA-L1,17-18
4d1666ff,258,Jules Koundé,FRA,DF,Bordeaux,18,1998,18,17,1589,17.7,2,0,2,2,0,0,1,0,1.3,1.3,0.1,1.4,22,63,1,0.11,0.0,0.11,0.11,0.11,0.07,0.0,0.08,0.07,0.08,Matches,FRA-L1,17-18
9a493fb7,259,Vincent Koziello,FRA,MF,Nice,21,1995,15,10,807,9.0,0,0,0,0,0,0,3,0,0.2,0.2,0.3,0.5,12,44,4,0.0,0.0,0.0,0.0,0.0,0.02,0.03,0.06,0.02,0.06,Matches,FRA-L1,17-18
9a506145,260,Rene Krhin,SVN,MF,Nantes,27,1990,18,16,1312,14.6,1,0,1,1,0,0,5,0,1.3,1.3,0.2,1.5,9,36,4,0.07,0.0,0.07,0.07,0.07,0.09,0.01,0.1,0.09,0.1,Matches,FRA-L1,17-18
41e7ef1c,261,Layvin Kurzawa,FRA,DF,Paris S-G,24,1992,20,19,1704,18.9,2,1,3,2,0,0,1,0,1.3,1.3,1.6,2.9,42,53,152,0.11,0.05,0.16,0.11,0.16,0.07,0.08,0.15,0.07,0.15,Matches,FRA-L1,17-18
4bf69118,262,Enock Kwateng,FRA,DF,Nantes,20,1997,1,1,90,1.0,0,0,0,0,0,0,0,0,0.0,0.0,0.0,0.0,0,3,1,0.0,0.0,0.0,0.0,0.0,0.0,0.0,0.0,0.0,0.0,Matches,FRA-L1,17-18
f45cf4f7,263,Brighton Labeau,MTQ,FW,Amiens,21,1996,2,0,23,0.3,0,0,0,0,0,0,1,0,0.0,0.0,0.0,0.0,1,0,1,0.0,0.0,0.0,0.0,0.0,0.0,0.0,0.0,0.0,0.0,Matches,FRA-L1,17-18
7cdda3bf,264,Gaëtan Laborde,FRA,FW,Bordeaux,23,1994,20,10,957,10.6,3,0,3,2,1,1,1,0,4.2,3.4,0.4,3.8,22,16,72,0.28,0.0,0.28,0.19,0.19,0.4,0.03,0.43,0.32,0.36,Matches,FRA-L1,17-18
5984e9f9,265,Léo Lacroix,SUI,DF,Saint-Étienne,25,1992,11,8,775,8.6,0,0,0,0,0,0,3,1,0.8,0.8,0.1,1.0,4,21,1,0.0,0.0,0.0,0.0,0.0,0.1,0.01,0.11,0.1,0.11,Matches,FRA-L1,17-18
4e7db402,266,Alban Lafont,FRA,GK,Toulouse,18,1999,38,38,3420,38.0,0,0,0,0,0,0,3,0,0.1,0.1,0.0,0.1,0,3,0,0.0,0.0,0.0,0.0,0.0,0.0,0.0,0.0,0.0,0.0,Matches,FRA-L1,17-18
770d7eb8,267,Kenny Lala,MAD,DF,Strasbourg,25,1991,31,30,2723,30.3,3,4,7,0,3,3,5,1,2.8,0.5,2.0,2.5,111,168,71,0.1,0.13,0.23,0.0,0.13,0.09,0.07,0.16,0.02,0.08,Matches,FRA-L1,17-18
8614496d,268,Ádám Lang,HUN,DF,Dijon,24,1993,3,3,232,2.6,0,0,0,0,0,0,1,1,0.0,0.0,0.0,0.0,0,7,0,0.0,0.0,0.0,0.0,0.0,0.0,0.0,0.0,0.0,0.0,Matches,FRA-L1,17-18
542cc80f,269,Paul Lasne,FRA,MF,Montpellier,28,1989,37,34,3062,34.0,1,2,3,1,0,0,10,0,1.4,1.4,2.5,3.9,70,242,89,0.03,0.06,0.09,0.03,0.09,0.04,0.07,0.11,0.04,0.11,Matches,FRA-L1,17-18
6e5b5a45,270,Wesley Lautoa,NCL,"DF,MF",Dijon,29,1987,10,8,622,6.9,0,0,0,0,0,0,1,0,0.1,0.1,0.0,0.1,6,18,1,0.0,0.0,0.0,0.0,0.0,0.01,0.0,0.01,0.01,0.01,Matches,FRA-L1,17-18
d512db65,271,Mickaël Le Bihan,FRA,"FW,MF",Nice,27,1990,7,0,107,1.2,0,0,0,0,0,0,0,0,0.1,0.1,0.2,0.2,3,2,20,0.0,0.0,0.0,0.0,0.0,0.05,0.15,0.2,0.05,0.2,Matches,FRA-L1,17-18
321a71a7,272,Maxime Le Marchand,FRA,DF,Nice,27,1989,29,29,2534,28.2,0,3,3,0,0,0,4,0,0.7,0.7,0.6,1.3,45,122,69,0.0,0.11,0.11,0.0,0.11,0.02,0.02,0.05,0.02,0.05,Matches,FRA-L1,17-18
7cf431a5,273,James Lea Siliki,CMR,MF,Rennes,21,1996,32,19,1818,20.2,3,2,5,3,0,0,6,1,2.6,2.6,3.0,5.6,47,89,66,0.15,0.1,0.25,0.15,0.25,0.13,0.15,0.28,0.13,0.28,Matches,FRA-L1,17-18
2fa2a875,274,Benjamin Lecomte,FRA,GK,Montpellier,26,1991,38,38,3420,38.0,0,0,0,0,0,0,1,0,0.0,0.0,0.2,0.2,0,2,0,0.0,0.0,0.0,0.0,0.0,0.0,0.0,0.0,0.0,0.0,Matches,FRA-L1,17-18
f5044e54,275,Pierre Lees-Melou,FRA,"MF,FW",Nice,24,1993,34,33,2890,32.1,5,6,11,4,1,1,6,1,4.4,3.6,5.4,8.9,76,163,193,0.16,0.19,0.34,0.12,0.31,0.14,0.17,0.3,0.11,0.28,Matches,FRA-L1,17-18
4dbd0916,276,Thomas Lemar,FRA,"MF,FW",Monaco,21,1995,30,27,2378,26.4,2,8,10,2,0,0,1,0,3.7,3.7,6.9,10.5,93,182,163,0.08,0.3,0.38,0.08,0.38,0.14,0.26,0.4,0.14,0.4,Matches,FRA-L1,17-18
47c2e669,277,Dylan Lempereur,FRA,DF,Metz,18,1998,3,1,142,1.6,0,0,0,0,0,0,0,0,0.0,0.0,0.0,0.1,3,5,0,0.0,0.0,0.0,0.0,0.0,0.02,0.02,0.04,0.02,0.04,Matches,FRA-L1,17-18
1b82f8df,278,Lukas Lerager,DEN,MF,Bordeaux,24,1993,37,37,3283,36.5,3,1,4,3,0,0,8,0,4.4,4.4,2.5,7.0,35,180,97,0.08,0.03,0.11,0.08,0.11,0.12,0.07,0.19,0.12,0.19,Matches,FRA-L1,17-18
96fcd380,279,Alexandre Letellier,FRA,GK,Angers,26,1990,13,13,1170,13.0,0,0,0,0,0,0,0,0,0.0,0.0,0.0,0.0,0,0,0,0.0,0.0,0.0,0.0,0.0,0.0,0.0,0.0,0.0,0.0,Matches,FRA-L1,17-18
6b9f2f3e,280,Igor Lewczuk,POL,DF,Bordeaux,32,1985,7,4,437,4.9,0,0,0,0,0,0,3,0,0.0,0.0,0.7,0.7,8,11,8,0.0,0.0,0.0,0.0,0.0,0.0,0.14,0.14,0.0,0.14,Matches,FRA-L1,17-18
f7691f63,281,Dimitri Liénard,FRA,"MF,FW",Strasbourg,29,1988,33,29,2602,28.9,5,5,10,4,1,1,6,0,3.4,2.6,7.2,9.9,75,142,118,0.17,0.17,0.35,0.14,0.31,0.12,0.25,0.37,0.09,0.34,Matches,FRA-L1,17-18
0f52f925,282,Lucas Lima,BRA,"DF,FW",Nantes,25,1991,33,30,2657,29.5,2,3,5,2,0,0,3,0,1.4,1.4,5.0,6.4,56,145,121,0.07,0.1,0.17,0.07,0.17,0.05,0.17,0.22,0.05,0.22,Matches,FRA-L1,17-18
d7553721,283,Giovani Lo Celso,ARG,MF,Paris S-G,21,1996,33,18,1776,19.7,4,3,7,4,0,0,2,0,2.8,2.8,1.9,4.6,65,147,56,0.2,0.15,0.35,0.2,0.35,0.14,0.09,0.24,0.14,0.24,Matches,FRA-L1,17-18
6bca20fe,284,Enzo Loiodice,FRA,MF,Dijon,16,2000,4,1,167,1.9,0,0,0,0,0,0,0,0,0.0,0.0,0.1,0.1,5,11,9,0.0,0.0,0.0,0.0,0.0,0.0,0.03,0.03,0.0,0.03,Matches,FRA-L1,17-18
f00de885,285,Anthony Lopes,POR,GK,Lyon,26,1990,34,34,3060,34.0,0,0,0,0,0,0,1,0,0.0,0.0,0.0,0.0,0,1,0,0.0,0.0,0.0,0.0,0.0,0.0,0.0,0.0,0.0,0.0,Matches,FRA-L1,17-18
7c2965bb,286,Rony Lopes,POR,"FW,MF",Monaco,21,1995,38,32,2531,28.1,15,5,20,15,0,0,2,0,10.1,10.1,5.3,15.5,111,89,282,0.53,0.18,0.71,0.53,0.71,0.36,0.19,0.55,0.36,0.55,Matches,FRA-L1,17-18
20094685,287,Maxime Lopez,FRA,"MF,FW",Marseille,19,1997,24,14,1378,15.3,0,1,1,0,0,0,2,0,0.9,0.9,1.7,2.6,50,159,51,0.0,0.07,0.07,0.0,0.07,0.06,0.11,0.17,0.06,0.17,Matches,FRA-L1,17-18
54131505,288,Arnaud Lusamba,COD,MF,Nice,20,1997,4,1,162,1.8,0,0,0,0,0,0,0,0,0.0,0.0,0.1,0.1,4,8,2,0.0,0.0,0.0,0.0,0.0,0.0,0.06,0.06,0.0,0.06,Matches,FRA-L1,17-18
88fdac8b,289,Cheikh M'Bengue,SEN,DF,Saint-Étienne,29,1988,7,6,489,5.4,0,0,0,0,0,0,2,0,0.1,0.1,0.3,0.4,0,20,8,0.0,0.0,0.0,0.0,0.0,0.01,0.06,0.07,0.01,0.07,Matches,FRA-L1,17-18
c121a641,290,Raïs M'Bolhi,ALG,GK,Rennes,31,1986,1,1,90,1.0,0,0,0,0,0,0,0,0,0.0,0.0,0.0,0.0,0,0,0,0.0,0.0,0.0,0.0,0.0,0.0,0.0,0.0,0.0,0.0,Matches,FRA-L1,17-18
d4133fa1,291,Yann M'Vila,FRA,MF,Saint-Étienne,27,1990,17,17,1479,16.4,0,0,0,0,0,0,1,0,0.2,0.2,0.1,0.3,15,139,4,0.0,0.0,0.0,0.0,0.0,0.01,0.01,0.02,0.01,0.02,Matches,FRA-L1,17-18
31377e38,292,Zinédine Machach,FRA,"FW,MF",Toulouse,21,1996,4,2,193,2.1,1,0,1,1,0,0,2,0,0.2,0.2,0.3,0.5,6,7,14,0.47,0.0,0.47,0.47,0.47,0.09,0.16,0.25,0.09,0.25,Matches,FRA-L1,17-18
67ac5bb8,293,Gabriel Magalhães,BRA,DF,Troyes,19,1997,1,0,84,0.9,0,0,0,0,0,0,1,0,0.0,0.0,0.0,0.0,0,5,0,0.0,0.0,0.0,0.0,0.0,0.0,0.0,0.0,0.0,0.0,Matches,FRA-L1,17-18
f329ec76,294,Hicham Mahou,FRA,"MF,FW",Nice,18,1999,3,0,55,0.6,0,0,0,0,0,0,0,0,0.0,0.0,0.0,0.0,4,2,8,0.0,0.0,0.0,0.0,0.0,0.07,0.0,0.07,0.07,0.07,Matches,FRA-L1,17-18
91e58f66,295,Thiago Maia,BRA,"MF,DF",Lille,20,1997,34,28,2463,27.4,0,0,0,0,0,0,3,1,0.6,0.6,0.4,1.0,45,190,41,0.0,0.0,0.0,0.0,0.0,0.02,0.02,0.04,0.02,0.04,Matches,FRA-L1,17-18
e768de1f,296,Habib Maïga,CIV,"MF,DF",Saint-Étienne,21,1996,13,7,708,7.9,1,0,1,1,0,0,2,0,0.2,0.2,0.6,0.8,18,45,19,0.13,0.0,0.13,0.13,0.13,0.03,0.07,0.1,0.03,0.1,Matches,FRA-L1,17-18
fcb38f57,297,Mike Maignan,FRA,GK,Lille,22,1995,34,34,3032,33.7,0,0,0,0,0,0,0,1,0.0,0.0,0.0,0.0,0,0,0,0.0,0.0,0.0,0.0,0.0,0.0,0.0,0.0,0.0,0.0,Matches,FRA-L1,17-18
22bfb57e,298,Jean-Victor Makengo,FRA,"FW,MF",Nice,19,1998,5,2,246,2.7,0,0,0,0,0,0,1,0,0.1,0.1,0.0,0.1,10,11,26,0.0,0.0,0.0,0.0,0.0,0.02,0.0,0.02,0.02,0.02,Matches,FRA-L1,17-18
6853490f,299,Malcom,BRA,FW,Bordeaux,20,1997,35,32,2856,31.7,12,7,19,10,2,3,2,0,8.4,5.9,8.7,14.6,153,169,272,0.38,0.22,0.6,0.32,0.54,0.27,0.27,0.54,0.19,0.46,Matches,FRA-L1,17-18
d6a889ea,300,Kévin Malcuit,MAR,DF,Lille,26,1991,23,21,1817,20.2,0,6,6,0,0,0,2,0,0.4,0.4,3.5,3.8,104,110,114,0.0,0.3,0.3,0.0,0.3,0.02,0.17,0.19,0.02,0.19,Matches,FRA-L1,17-18
c26a3918,301,Vincent Manceau,FRA,DF,Angers,28,1989,33,33,2970,33.0,0,0,0,0,0,0,0,0,0.6,0.6,2.1,2.7,64,130,104,0.0,0.0,0.0,0.0,0.0,0.02,0.06,0.08,0.02,0.08,Matches,FRA-L1,17-18
1d2d5cc8,302,Steve Mandanda,FRA,GK,Marseille,32,1985,31,31,2704,30.0,0,0,0,0,0,0,0,0,0.0,0.0,0.0,0.0,0,0,0,0.0,0.0,0.0,0.0,0.0,0.0,0.0,0.0,0.0,0.0,Matches,FRA-L1,17-18
de343d38,303,Georges Mandjeck,CMR,"MF,DF",Metz,28,1988,14,11,968,10.8,0,1,1,0,0,0,5,0,0.4,0.4,0.2,0.7,6,58,10,0.0,0.09,0.09,0.0,0.09,0.04,0.02,0.06,0.04,0.06,Matches,FRA-L1,17-18
dbb10755,304,Kader Mangane,SEN,DF,Strasbourg,34,1983,20,20,1718,19.1,1,1,2,1,0,0,4,0,1.9,1.9,0.6,2.6,8,41,5,0.05,0.05,0.1,0.05,0.1,0.1,0.03,0.13,0.1,0.13,Matches,FRA-L1,17-18
c801616a,305,Thomas Mangani,FRA,MF,Angers,30,1987,35,34,3025,33.6,2,6,8,1,1,1,7,0,3.6,2.8,6.2,9.0,27,272,68,0.06,0.18,0.24,0.03,0.21,0.11,0.18,0.29,0.08,0.27,Matches,FRA-L1,17-18
392d98fc,306,Harrison Manzala,COD,"FW,MF",Amiens,23,1994,37,18,1867,20.7,4,3,7,3,1,1,3,0,2.7,1.9,1.6,3.5,76,36,137,0.19,0.14,0.34,0.14,0.29,0.13,0.08,0.21,0.09,0.17,Matches,FRA-L1,17-18
706a60e1,307,Myziane Maolida,COM,"FW,MF",Lyon,18,1999,13,2,331,3.7,1,0,1,1,0,0,0,0,0.8,0.8,0.9,1.7,14,10,46,0.27,0.0,0.27,0.27,0.27,0.2,0.25,0.45,0.2,0.45,Matches,FRA-L1,17-18
e54a9890,308,Faitout Maouassa,FRA,"MF,FW",Rennes,19,1998,19,9,887,9.9,0,2,2,0,0,0,1,0,0.5,0.5,1.5,2.1,37,23,78,0.0,0.2,0.2,0.0,0.2,0.06,0.15,0.21,0.06,0.21,Matches,FRA-L1,17-18
9ae9eaea,309,Fernando Marçal,BRA,DF,Lyon,28,1989,18,14,1295,14.4,0,3,3,0,0,0,1,0,0.1,0.1,1.4,1.5,37,69,63,0.0,0.21,0.21,0.0,0.21,0.01,0.1,0.1,0.01,0.1,Matches,FRA-L1,17-18
51fa3fed,310,Vincent Marcel,FRA,"MF,FW",Nice,20,1997,2,0,48,0.5,0,0,0,0,0,0,0,0,0.0,0.0,0.0,0.0,0,1,7,0.0,0.0,0.0,0.0,0.0,0.0,0.0,0.0,0.0,0.0,Matches,FRA-L1,17-18
e3d0b0c4,311,Marcelo,BRA,DF,Lyon,30,1987,35,35,3105,34.5,3,1,4,3,0,0,5,1,2.5,2.5,1.6,4.1,21,152,4,0.09,0.03,0.12,0.09,0.12,0.07,0.05,0.12,0.07,0.12,Matches,FRA-L1,17-18
5c4dc0ff,312,Mariano,DOM,FW,Lyon,23,1993,34,30,2507,27.9,18,4,22,17,1,1,6,0,12.6,11.8,2.9,14.7,51,34,127,0.65,0.14,0.79,0.61,0.75,0.45,0.1,0.56,0.42,0.53,Matches,FRA-L1,17-18
0d2158d5,313,Jordan Marié,FRA,MF,Dijon,25,1991,27,21,1883,20.9,1,1,2,1,0,0,5,0,1.5,1.5,0.4,1.9,10,83,34,0.05,0.05,0.1,0.05,0.1,0.07,0.02,0.09,0.07,0.09,Matches,FRA-L1,17-18
cdf65d12,314,Marlon,BRA,DF,Nice,21,1995,23,22,1929,21.4,0,0,0,0,0,0,5,1,0.7,0.7,0.2,1.0,9,74,3,0.0,0.0,0.0,0.0,0.0,0.03,0.01,0.05,0.03,0.05,Matches,FRA-L1,17-18
d5f2f82b,315,Marquinhos,BRA,DF,Paris S-G,23,1994,26,25,2262,25.1,0,2,2,0,0,0,1,0,1.3,1.3,0.7,2.0,14,74,6,0.0,0.08,0.08,0.0,0.08,0.05,0.03,0.08,0.05,0.08,Matches,FRA-L1,17-18
468fdbad,316,Jonas Martin,FRA,MF,Strasbourg,27,1990,36,36,3025,33.6,4,2,6,1,3,3,6,0,3.8,1.4,2.9,4.3,41,163,98,0.12,0.06,0.18,0.03,0.09,0.11,0.09,0.2,0.04,0.13,Matches,FRA-L1,17-18
1ad8cb67,317,Pablo Martinez,FRA,DF,Strasbourg,28,1989,24,24,2115,23.5,0,1,1,0,0,0,4,0,1.0,1.0,0.5,1.5,18,63,24,0.0,0.04,0.04,0.0,0.04,0.04,0.02,0.06,0.04,0.06,Matches,FRA-L1,17-18
0e96a5e1,318,Christopher Martins,LUX,MF,Lyon,20,1997,2,1,69,0.8,0,0,0,0,0,0,1,0,0.0,0.0,0.0,0.0,0,2,1,0.0,0.0,0.0,0.0,0.0,0.0,0.06,0.06,0.0,0.06,Matches,FRA-L1,17-18
b51242ef,319,Jonathan Martins Pereira,FRA,DF,Guingamp,31,1986,14,14,1135,12.6,0,0,0,0,0,0,2,0,0.3,0.3,1.3,1.6,24,57,55,0.0,0.0,0.0,0.0,0.0,0.03,0.1,0.13,0.03,0.13,Matches,FRA-L1,17-18
639b42f5,320,Eden Massouema,CGO,"MF,FW",Dijon,20,1997,6,2,189,2.1,0,0,0,0,0,0,1,0,0.0,0.0,0.3,0.3,0,5,4,0.0,0.0,0.0,0.0,0.0,0.01,0.13,0.14,0.01,0.14,Matches,FRA-L1,17-18
c0cddebe,321,Blaise Matuidi,FRA,MF,Paris S-G,30,1987,2,0,28,0.3,0,0,0,0,0,0,0,0,0.0,0.0,0.0,0.0,0,0,0,0.0,0.0,0.0,0.0,0.0,0.0,0.0,0.0,0.0,0.0,Matches,FRA-L1,17-18
42fd9c7f,322,Kylian Mbappé,FRA,"FW,MF",Monaco,18,1998,1,1,74,0.8,0,0,0,0,0,0,0,0,0.2,0.2,0.0,0.2,6,3,12,0.0,0.0,0.0,0.0,0.0,0.19,0.0,0.19,0.19,0.19,Matches,FRA-L1,17-18
42fd9c7f,323,Kylian Mbappé,FRA,FW,Paris S-G,18,1998,27,24,2094,23.3,13,8,21,13,0,0,2,0,14.0,14.0,8.1,22.1,98,60,282,0.56,0.34,0.9,0.56,0.9,0.6,0.35,0.95,0.6,0.95,Matches,FRA-L1,17-18
b931d9d1,324,Adama Mbengue,SEN,DF,Caen,23,1993,19,18,1595,17.7,0,0,0,0,0,0,2,1,0.4,0.4,2.1,2.6,77,78,107,0.0,0.0,0.0,0.0,0.0,0.02,0.12,0.14,0.02,0.14,Matches,FRA-L1,17-18
aa1a8c7e,325,Isaac Mbenza,BEL,"FW,MF",Montpellier,21,1996,38,22,2096,23.3,8,0,8,8,0,0,4,0,7.0,7.0,1.6,8.7,74,45,179,0.34,0.0,0.34,0.34,0.34,0.3,0.07,0.37,0.3,0.37,Matches,FRA-L1,17-18
6afaebf2,326,Bryan Mbeumo,CMR,"FW,MF",Troyes,17,1999,4,0,64,0.7,0,0,0,0,0,0,0,0,0.1,0.1,0.0,0.1,5,2,3,0.0,0.0,0.0,0.0,0.0,0.12,0.0,0.12,0.12,0.12,Matches,FRA-L1,17-18
4887118d,327,Jordi Mboula,ESP,MF,Monaco,18,1999,3,0,31,0.3,1,0,1,1,0,0,0,0,0.2,0.2,0.0,0.2,5,2,4,2.9,0.0,2.9,2.9,2.9,0.56,0.0,0.56,0.56,0.56,Matches,FRA-L1,17-18
5cec2c74,328,Soualiho Meïté,FRA,MF,Bordeaux,23,1994,18,15,1335,14.8,1,2,3,1,0,0,0,0,1.4,1.4,1.2,2.7,36,60,46,0.07,0.13,0.2,0.07,0.2,0.1,0.08,0.18,0.1,0.18,Matches,FRA-L1,17-18
5cec2c74,329,Soualiho Meïté,FRA,MF,Monaco,23,1994,2,1,96,1.1,0,0,0,0,0,0,0,0,0.0,0.0,0.0,0.0,0,1,0,0.0,0.0,0.0,0.0,0.0,0.0,0.03,0.03,0.0,0.03,Matches,FRA-L1,17-18
8f696594,330,Memphis,NED,FW,Lyon,23,1994,36,28,2555,28.4,19,13,32,17,2,2,2,0,12.0,10.8,8.0,18.8,121,133,266,0.67,0.46,1.13,0.6,1.06,0.42,0.28,0.7,0.38,0.66,Matches,FRA-L1,17-18
6690ef25,331,Pedro Mendes,POR,DF,Montpellier,26,1990,34,32,2855,31.7,1,1,2,1,0,0,11,0,0.6,0.6,0.5,1.2,11,83,14,0.03,0.03,0.06,0.03,0.06,0.02,0.02,0.04,0.02,0.04,Matches,FRA-L1,17-18
c6e5d20f,332,Thiago Mendes,BRA,MF,Lille,25,1992,31,27,2294,25.5,3,4,7,3,0,0,4,1,2.5,2.5,2.8,5.2,57,164,126,0.12,0.16,0.27,0.12,0.27,0.1,0.11,0.21,0.1,0.21,Matches,FRA-L1,17-18
e68f2cb4,333,Stiven Mendoza,COL,"FW,MF",Amiens,25,1992,13,12,1032,11.5,2,0,2,2,0,0,0,0,2.3,2.3,0.7,3.0,22,23,81,0.17,0.0,0.17,0.17,0.17,0.2,0.06,0.26,0.2,0.26,Matches,FRA-L1,17-18
e067808c,334,Alexandre Mendy,GNB,FW,Bordeaux,23,1994,16,8,795,8.8,4,0,4,4,0,0,2,0,4.0,4.0,0.7,4.7,9,13,64,0.45,0.0,0.45,0.45,0.45,0.45,0.08,0.54,0.45,0.54,Matches,FRA-L1,17-18
3cefcaef,335,Ferland Mendy,FRA,DF,Lyon,22,1995,27,24,2122,23.6,0,5,5,0,0,0,4,0,0.8,0.8,2.4,3.2,97,131,138,0.0,0.21,0.21,0.0,0.21,0.03,0.1,0.14,0.03,0.14,Matches,FRA-L1,17-18
1598599e,336,Nampalys Mendy,SEN,MF,Nice,25,1992,14,11,965,10.7,0,1,1,0,0,0,2,0,0.0,0.0,0.1,0.1,10,64,6,0.0,0.09,0.09,0.0,0.09,0.0,0.01,0.01,0.0,0.01,Matches,FRA-L1,17-18
f99fe221,337,Hamza Mendyl,MAR,"DF,MF",Lille,19,1997,12,9,851,9.5,0,0,0,0,0,0,2,1,0.1,0.1,0.9,1.0,23,20,41,0.0,0.0,0.0,0.0,0.0,0.01,0.1,0.1,0.01,0.1,Matches,FRA-L1,17-18
e162b013,338,Thomas Meunier,BEL,DF,Paris S-G,25,1991,24,16,1578,17.5,4,4,8,4,0,0,3,0,0.8,0.8,4.4,5.2,70,79,146,0.23,0.23,0.46,0.23,0.46,0.05,0.25,0.3,0.05,0.3,Matches,FRA-L1,17-18
ce492295,339,Mexer,MOZ,DF,Rennes,28,1988,17,13,1201,13.3,0,0,0,0,0,0,1,0,0.3,0.3,0.2,0.5,0,27,1,0.0,0.0,0.0,0.0,0.0,0.02,0.02,0.04,0.02,0.04,Matches,FRA-L1,17-18
e39f8724,340,Mathieu Michel,FRA,GK,Angers,25,1991,7,6,598,6.6,0,0,0,0,0,0,0,0,0.0,0.0,0.0,0.0,0,0,0,0.0,0.0,0.0,0.0,0.0,0.0,0.0,0.0,0.0,0.0,Matches,FRA-L1,17-18
cb9ec45d,341,Clément Michelin,FRA,DF,Toulouse,20,1997,7,4,275,3.1,0,0,0,0,0,0,2,0,0.0,0.0,0.3,0.3,7,17,6,0.0,0.0,0.0,0.0,0.0,0.0,0.08,0.09,0.0,0.09,Matches,FRA-L1,17-18
1251f42e,342,Danijel Milićević,BIH,"MF,FW",Metz,31,1986,12,8,712,7.9,0,3,3,0,0,0,0,0,0.6,0.6,1.9,2.5,25,41,69,0.0,0.38,0.38,0.0,0.38,0.08,0.24,0.32,0.08,0.32,Matches,FRA-L1,17-18
c6ac6579,343,Kostas Mitroglou,GRE,FW,Marseille,29,1988,19,9,876,9.7,9,0,9,9,0,0,2,0,10.3,10.3,1.1,11.3,6,9,41,0.92,0.0,0.92,0.92,0.92,1.05,0.11,1.16,1.05,1.16,Matches,FRA-L1,17-18
7e82a78f,344,Florent Mollet,FRA,"MF,FW",Metz,25,1991,22,16,1412,15.7,7,1,8,6,1,1,5,0,4.3,3.6,1.3,4.9,35,65,97,0.45,0.06,0.51,0.38,0.45,0.28,0.08,0.36,0.23,0.31,Matches,FRA-L1,17-18
84d94b91,345,Thomas Monconduit,FRA,MF,Amiens,26,1991,34,34,2948,32.8,1,3,4,1,0,0,7,1,0.9,0.9,2.3,3.1,34,165,34,0.03,0.09,0.12,0.03,0.12,0.03,0.07,0.1,0.03,0.1,Matches,FRA-L1,17-18
4a57580c,346,Kévin Monnet-Paquet,FRA,"FW,MF",Saint-Étienne,28,1988,30,21,1763,19.6,2,3,5,2,0,0,0,0,3.9,3.9,1.7,5.6,51,55,179,0.1,0.15,0.26,0.1,0.26,0.2,0.09,0.29,0.2,0.29,Matches,FRA-L1,17-18
e97150c0,347,Jérémy Morel,MAD,DF,Lyon,33,1984,33,32,2916,32.4,0,0,0,0,0,0,4,0,0.0,0.0,0.1,0.1,12,113,0,0.0,0.0,0.0,0.0,0.0,0.0,0.0,0.0,0.0,0.0,Matches,FRA-L1,17-18
3eaf8817,348,Lebo Mothiba,RSA,FW,Lille,21,1996,14,14,1184,13.2,5,0,5,5,0,0,1,0,3.9,3.9,0.9,4.8,8,10,104,0.38,0.0,0.38,0.38,0.38,0.3,0.07,0.37,0.3,0.37,Matches,FRA-L1,17-18
57ef0d97,349,Thiago Motta,ITA,MF,Paris S-G,34,1982,19,14,1154,12.8,1,1,2,1,0,0,3,1,0.5,0.5,0.3,0.9,15,132,9,0.08,0.08,0.16,0.08,0.16,0.04,0.03,0.07,0.04,0.07,Matches,FRA-L1,17-18
6ca88b2a,350,François Moubandje,SUI,DF,Toulouse,27,1990,21,20,1699,18.9,0,0,0,0,0,0,6,1,0.1,0.1,0.5,0.5,26,80,54,0.0,0.0,0.0,0.0,0.0,0.0,0.02,0.03,0.0,0.03,Matches,FRA-L1,17-18
28a65a2c,351,Jessy Moulin,FRA,GK,Saint-Étienne,31,1986,4,3,305,3.4,0,0,0,0,0,0,1,0,0.0,0.0,0.0,0.0,0,0,0,0.0,0.0,0.0,0.0,0.0,0.0,0.0,0.0,0.0,0.0,Matches,FRA-L1,17-18
2b622f01,352,Lucas Moura,BRA,FW,Paris S-G,24,1992,5,0,76,0.8,1,1,2,1,0,0,1,0,1.3,1.3,0.7,2.0,3,6,10,1.18,1.18,2.37,1.18,2.37,1.56,0.8,2.37,1.56,2.37,Matches,FRA-L1,17-18
f5a00fa4,353,João Moutinho,POR,MF,Monaco,30,1986,33,31,2803,31.1,1,6,7,1,0,0,6,0,1.1,1.1,5.8,6.8,54,310,76,0.03,0.19,0.22,0.03,0.22,0.03,0.18,0.22,0.03,0.22,Matches,FRA-L1,17-18
af0c835b,354,Samuel Moutoussamy,COD,MF,Nantes,20,1996,7,4,431,4.8,0,0,0,0,0,0,0,0,0.2,0.2,0.2,0.4,10,26,16,0.0,0.0,0.0,0.0,0.0,0.04,0.05,0.09,0.04,0.09,Matches,FRA-L1,17-18
176674ab,355,Ndombe Mubele,COD,"FW,MF",Toulouse,23,1994,11,4,368,4.1,1,1,2,1,0,0,0,0,1.1,1.1,0.4,1.5,26,14,39,0.24,0.24,0.49,0.24,0.49,0.27,0.11,0.38,0.27,0.38,Matches,FRA-L1,17-18
176674ab,356,Ndombe Mubele,COD,"FW,MF",Rennes,23,1994,19,13,1227,13.6,5,1,6,5,0,1,1,0,4.8,4.0,1.8,5.8,41,16,107,0.37,0.07,0.44,0.37,0.44,0.35,0.14,0.48,0.29,0.43,Matches,FRA-L1,17-18
ac73ec79,357,Nordi Mukiele,FRA,DF,Montpellier,19,1997,33,31,2791,31.0,0,1,1,0,0,0,5,0,1.2,1.2,2.7,3.9,82,200,80,0.0,0.03,0.03,0.0,0.03,0.04,0.09,0.13,0.04,0.13,Matches,FRA-L1,17-18
e50623a0,358,Kévin N'Doram,FRA,"MF,DF",Monaco,21,1996,11,7,721,8.0,0,0,0,0,0,0,3,0,0.2,0.2,0.1,0.3,4,42,2,0.0,0.0,0.0,0.0,0.0,0.03,0.01,0.04,0.03,0.04,Matches,FRA-L1,17-18
4749367a,359,Abdallah N'dour,SEN,DF,Strasbourg,23,1993,5,3,253,2.8,0,0,0,0,0,0,2,1,0.0,0.0,0.2,0.2,8,9,17,0.0,0.0,0.0,0.0,0.0,0.0,0.06,0.06,0.0,0.06,Matches,FRA-L1,17-18
77f278a0,360,Clinton N'Jie,CMR,FW,Marseille,23,1993,22,9,874,9.7,7,3,10,7,0,0,2,0,5.4,5.4,3.1,8.5,27,17,74,0.72,0.31,1.03,0.72,1.03,0.55,0.32,0.87,0.55,0.87,Matches,FRA-L1,17-18
61590953,361,Stanley N'Soki,FRA,DF,Paris S-G,18,1999,1,0,26,0.3,0,0,0,0,0,0,0,0,0.0,0.0,0.0,0.0,0,1,0,0.0,0.0,0.0,0.0,0.0,0.0,0.0,0.0,0.0,0.0,Matches,FRA-L1,17-18
8e87af42,362,Préjuce Nakoulma,BFA,FW,Nantes,30,1987,18,13,1148,12.8,3,0,3,3,0,0,4,0,3.4,3.4,0.9,4.2,47,30,99,0.24,0.0,0.24,0.24,0.24,0.26,0.07,0.33,0.26,0.33,Matches,FRA-L1,17-18
fa00f0c9,363,Nathan,BRA,MF,Amiens,21,1996,1,0,10,0.1,0,0,0,0,0,0,0,0,0.0,0.0,0.0,0.0,0,0,0,0.0,0.0,0.0,0.0,0.0,0.0,0.0,0.0,0.0,0.0,Matches,FRA-L1,17-18
5cdddffa,364,Tanguy Ndombele,FRA,MF,Amiens,20,1996,3,3,236,2.6,0,0,0,0,0,0,0,0,0.3,0.3,0.1,0.4,12,17,8,0.0,0.0,0.0,0.0,0.0,0.1,0.06,0.16,0.1,0.16,Matches,FRA-L1,17-18
5cdddffa,365,Tanguy Ndombele,FRA,MF,Lyon,20,1996,32,28,2352,26.1,0,6,6,0,0,0,5,0,1.4,1.4,4.5,5.9,69,178,55,0.0,0.23,0.23,0.0,0.23,0.05,0.17,0.23,0.05,0.23,Matches,FRA-L1,17-18
69384e5d,366,Neymar,BRA,FW,Paris S-G,25,1992,20,20,1786,19.8,19,13,32,15,4,4,5,1,14.9,11.7,11.3,23.0,152,204,226,0.96,0.66,1.61,0.76,1.41,0.75,0.57,1.32,0.59,1.16,Matches,FRA-L1,17-18
813aae2f,367,Yeni Ngbakoto,COD,"FW,MF",Guingamp,25,1992,16,4,576,6.4,3,0,3,2,1,1,1,0,2.0,1.2,0.1,1.2,15,12,43,0.47,0.0,0.47,0.31,0.31,0.31,0.01,0.32,0.18,0.2,Matches,FRA-L1,17-18
45076ff8,368,Santy Ngom,SEN,"FW,MF",Nantes,24,1993,13,4,466,5.2,1,0,1,1,0,0,1,0,1.3,1.3,0.6,1.9,7,11,51,0.19,0.0,0.19,0.19,0.19,0.25,0.12,0.37,0.25,0.37,Matches,FRA-L1,17-18
34cfec6b,369,Guy Ngosso,CMR,MF,Amiens,32,1985,12,7,610,6.8,1,0,1,1,0,0,3,0,0.5,0.5,0.2,0.6,1,53,11,0.15,0.0,0.15,0.15,0.15,0.07,0.02,0.09,0.07,0.09,Matches,FRA-L1,17-18
75a63397,370,Opa Nguette,SEN,"FW,MF",Metz,23,1994,17,11,1022,11.4,0,0,0,0,0,0,3,0,3.9,3.9,1.2,5.1,46,35,87,0.0,0.0,0.0,0.0,0.0,0.34,0.11,0.45,0.34,0.45,Matches,FRA-L1,17-18
00242715,371,Moussa Niakhate,SEN,DF,Metz,21,1996,35,34,3105,34.5,0,1,1,0,0,0,8,0,1.5,1.5,0.2,1.7,30,87,15,0.0,0.03,0.03,0.0,0.03,0.04,0.01,0.05,0.04,0.05,Matches,FRA-L1,17-18
1ac3b888,372,Adama Niane,MLI,FW,Troyes,24,1993,33,25,2164,24.0,8,2,10,6,2,2,6,0,11.3,9.8,1.5,11.2,23,27,133,0.33,0.08,0.42,0.25,0.33,0.47,0.06,0.53,0.41,0.47,Matches,FRA-L1,17-18
46faabfa,373,Ibrahima Niane,SEN,"FW,MF",Metz,18,1999,30,6,849,9.4,2,1,3,2,0,0,1,0,2.8,2.8,1.1,3.9,23,21,73,0.21,0.11,0.32,0.21,0.32,0.3,0.11,0.41,0.3,0.41,Matches,FRA-L1,17-18
91f2da4c,374,Casimir Ninga,CHA,"FW,MF",Montpellier,24,1993,29,13,1283,14.3,1,1,2,1,0,0,1,0,2.7,2.7,1.2,3.9,38,16,100,0.07,0.07,0.14,0.07,0.14,0.19,0.09,0.28,0.19,0.28,Matches,FRA-L1,17-18
1ec4e202,375,Benjamin Nivet,FRA,"MF,FW",Troyes,40,1977,26,16,1369,15.2,2,2,4,2,0,0,0,0,1.8,1.8,2.2,4.0,18,96,70,0.13,0.13,0.26,0.13,0.26,0.12,0.15,0.26,0.12,0.26,Matches,FRA-L1,17-18
bf354e77,376,Jordan Nkololo,COD,"MF,FW",Caen,24,1992,10,4,424,4.7,0,0,0,0,0,0,0,0,1.8,1.8,0.9,2.6,12,11,30,0.0,0.0,0.0,0.0,0.0,0.37,0.19,0.56,0.37,0.56,Matches,FRA-L1,17-18
7c56da38,377,Christopher Nkunku,FRA,"FW,MF",Paris S-G,19,1997,20,6,631,7.0,4,0,4,4,0,0,0,0,2.4,2.4,0.7,3.1,18,31,47,0.57,0.0,0.57,0.57,0.57,0.35,0.1,0.45,0.35,0.45,Matches,FRA-L1,17-18
268c3cfc,378,Vincent Nogueira,FRA,MF,Strasbourg,29,1988,3,1,64,0.7,0,0,0,0,0,0,0,0,0.0,0.0,0.0,0.0,1,5,2,0.0,0.0,0.0,0.0,0.0,0.0,0.0,0.0,0.0,0.0,Matches,FRA-L1,17-18
81aeb1dd,379,Paul-Georges Ntep,CMR,"FW,MF",Saint-Étienne,25,1992,13,5,511,5.7,1,0,1,1,0,0,2,0,0.4,0.4,0.3,0.7,19,23,58,0.18,0.0,0.18,0.18,0.18,0.07,0.05,0.12,0.07,0.12,Matches,FRA-L1,17-18
6043997c,380,Gerzino Nyamsi,FRA,DF,Rennes,20,1997,3,3,270,3.0,0,0,0,0,0,0,0,0,0.1,0.1,0.0,0.1,1,9,0,0.0,0.0,0.0,0.0,0.0,0.04,0.0,0.04,0.04,0.04,Matches,FRA-L1,17-18
c3512013,381,Johann Obiang,GAB,DF,Troyes,24,1993,8,5,470,5.2,0,0,0,0,0,0,1,0,0.1,0.1,0.1,0.2,10,25,21,0.0,0.0,0.0,0.0,0.0,0.02,0.02,0.04,0.02,0.04,Matches,FRA-L1,17-18
a08b974a,382,Lucas Ocampos,ARG,FW,Marseille,23,1994,31,23,2038,22.6,9,3,12,9,0,0,6,1,10.6,10.6,2.5,13.0,62,54,146,0.4,0.13,0.53,0.4,0.53,0.47,0.11,0.58,0.47,0.58,Matches,FRA-L1,17-18
9e27e5de,383,Prince Oniangué,CGO,MF,Angers,28,1988,14,14,1056,11.7,1,0,1,1,0,0,1,1,2.8,2.8,0.4,3.2,17,45,22,0.09,0.0,0.09,0.09,0.09,0.24,0.04,0.27,0.24,0.27,Matches,FRA-L1,17-18
243f4a0b,384,Otávio,BRA,MF,Bordeaux,23,1994,21,19,1484,16.5,0,0,0,0,0,0,5,1,0.3,0.3,0.5,0.9,12,79,2,0.0,0.0,0.0,0.0,0.0,0.02,0.03,0.05,0.02,0.05,Matches,FRA-L1,17-18
ae7d0ecd,385,Alexandre Oukidja,ALG,GK,Strasbourg,29,1988,17,16,1457,16.2,0,0,0,0,0,0,1,0,0.0,0.0,0.0,0.0,0,0,0,0.0,0.0,0.0,0.0,0.0,0.0,0.0,0.0,0.0,0.0,Matches,FRA-L1,17-18
e3e05edf,386,Ambroise Oyongo,CMR,DF,Montpellier,26,1991,3,3,201,2.2,0,0,0,0,0,0,0,0,0.0,0.0,0.1,0.1,9,7,12,0.0,0.0,0.0,0.0,0.0,0.02,0.04,0.05,0.02,0.05,Matches,FRA-L1,17-18
29d8ad3f,387,Pablo,BRA,DF,Bordeaux,26,1991,15,15,1291,14.3,0,3,3,0,0,0,3,0,0.6,0.6,2.3,2.9,4,22,0,0.0,0.21,0.21,0.0,0.21,0.04,0.16,0.2,0.04,0.2,Matches,FRA-L1,17-18
f86ca403,388,Vincent Pajot,FRA,MF,Saint-Étienne,26,1990,20,15,1290,14.3,2,2,4,2,0,0,5,1,1.5,1.5,1.8,3.3,13,58,24,0.14,0.14,0.28,0.14,0.28,0.1,0.13,0.23,0.1,0.23,Matches,FRA-L1,17-18
779847d6,389,Nicolas Pallois,FRA,DF,Nantes,29,1987,28,28,2431,27.0,0,3,3,0,0,0,8,2,1.0,1.0,0.5,1.4,13,60,4,0.0,0.11,0.11,0.0,0.11,0.04,0.02,0.05,0.04,0.05,Matches,FRA-L1,17-18
25444898,390,Julian Palmieri,FRA,DF,Metz,30,1986,15,13,1127,12.5,0,0,0,0,0,0,4,1,0.2,0.2,0.6,0.8,15,56,41,0.0,0.0,0.0,0.0,0.0,0.01,0.05,0.06,0.01,0.06,Matches,FRA-L1,17-18
881ef58c,391,Javier Pastore,ARG,"MF,FW",Paris S-G,28,1989,25,14,1347,15.0,4,5,9,4,0,0,2,0,2.0,2.0,3.8,5.8,65,96,131,0.27,0.33,0.6,0.27,0.6,0.13,0.25,0.39,0.13,0.39,Matches,FRA-L1,17-18
450e277f,392,Mateo Pavlović,BIH,DF,Angers,27,1990,24,22,1966,21.8,2,0,2,2,0,0,8,0,2.9,2.9,0.1,3.0,4,59,2,0.09,0.0,0.09,0.09,0.09,0.13,0.01,0.14,0.13,0.14,Matches,FRA-L1,17-18
58ae47b2,393,Dimitri Payet,FRA,"MF,FW",Marseille,30,1987,31,28,2347,26.1,6,14,20,4,2,3,6,0,8.0,5.6,14.4,20.0,119,209,203,0.23,0.54,0.77,0.15,0.69,0.31,0.55,0.86,0.22,0.77,Matches,FRA-L1,17-18
2f8f43f3,394,Stef Peeters,BEL,MF,Caen,25,1992,20,11,1109,12.3,0,2,2,0,0,1,4,0,2.5,1.7,2.9,4.7,20,73,43,0.0,0.16,0.16,0.0,0.16,0.21,0.24,0.44,0.14,0.38,Matches,FRA-L1,17-18
88615858,395,Bryan Pelé,FRA,"FW,MF",Troyes,25,1992,31,19,1615,17.9,2,2,4,2,0,0,1,0,1.8,1.8,2.4,4.1,54,57,142,0.11,0.11,0.22,0.11,0.22,0.1,0.13,0.23,0.1,0.23,Matches,FRA-L1,17-18
76806215,396,Yohann Pelé,FRA,GK,Marseille,34,1982,10,7,738,8.2,0,0,0,0,0,0,1,0,0.0,0.0,0.0,0.0,0,0,0,0.0,0.0,0.0,0.0,0.0,0.0,0.0,0.0,0.0,0.0,Matches,FRA-L1,17-18
a44d3a3c,397,Pietro Pellegri,ITA,FW,Monaco,16,2001,3,0,24,0.3,0,0,0,0,0,0,0,0,0.0,0.0,0.0,0.0,3,0,3,0.0,0.0,0.0,0.0,0.0,0.0,0.0,0.0,0.0,0.0,Matches,FRA-L1,17-18
97fb4608,398,Théo Pellenard,FRA,DF,Bordeaux,23,1994,19,16,1428,15.9,0,0,0,0,0,0,4,0,0.0,0.0,0.9,0.9,26,64,48,0.0,0.0,0.0,0.0,0.0,0.0,0.05,0.06,0.0,0.06,Matches,FRA-L1,17-18
57e3f0c7,399,Nicolas Pépé,CIV,"FW,MF",Lille,22,1995,36,31,2841,31.6,13,4,17,12,1,1,5,0,8.2,7.4,3.9,11.3,97,90,285,0.41,0.13,0.54,0.38,0.51,0.26,0.12,0.38,0.23,0.36,Matches,FRA-L1,17-18
6dfd8f05,400,Romain Perraud,FRA,FW,Nice,19,1997,1,0,1,0.0,0,0,0,0,0,0,0,0,0.0,0.0,0.0,0.0,1,1,1,0.0,0.0,0.0,0.0,0.0,0.0,0.0,0.0,0.0,0.0,Matches,FRA-L1,17-18
6b200d45,401,Loïc Perrin,FRA,DF,Saint-Étienne,31,1985,28,28,2464,27.4,0,1,1,0,0,0,3,0,1.5,1.5,0.5,2.0,9,82,9,0.0,0.04,0.04,0.0,0.04,0.05,0.02,0.07,0.05,0.07,Matches,FRA-L1,17-18
8e2d5426,402,Chris Philipps,LUX,"MF,DF",Metz,23,1994,11,10,849,9.4,0,0,0,0,0,0,4,0,0.2,0.2,0.4,0.5,4,40,14,0.0,0.0,0.0,0.0,0.0,0.02,0.04,0.06,0.02,0.06,Matches,FRA-L1,17-18
b6dac747,403,Lebogang Phiri,RSA,MF,Guingamp,22,1994,22,9,1032,11.5,0,1,1,0,0,0,1,0,0.2,0.2,0.4,0.5,9,60,4,0.0,0.09,0.09,0.0,0.09,0.02,0.03,0.05,0.02,0.05,Matches,FRA-L1,17-18
64ba07c0,404,Ronaël Pierre-Gabriel,FRA,DF,Saint-Étienne,19,1998,16,13,1170,13.0,0,0,0,0,0,0,2,1,0.2,0.2,0.3,0.5,21,52,25,0.0,0.0,0.0,0.0,0.0,0.02,0.02,0.04,0.02,0.04,Matches,FRA-L1,17-18
fca455cc,405,Facundo Píriz,URU,MF,Montpellier,27,1990,15,8,807,9.0,0,0,0,0,0,0,4,0,0.6,0.6,0.1,0.6,5,29,8,0.0,0.0,0.0,0.0,0.0,0.06,0.01,0.07,0.06,0.07,Matches,FRA-L1,17-18
516dc25b,406,Jaroslav Plašil,CZE,MF,Bordeaux,35,1982,22,11,1044,11.6,0,1,1,0,0,0,2,0,0.2,0.2,1.5,1.7,14,77,21,0.0,0.09,0.09,0.0,0.09,0.02,0.13,0.14,0.02,0.14,Matches,FRA-L1,17-18
bc6bd723,407,Alassane Pléa,FRA,FW,Nice,24,1993,35,34,3041,33.8,16,5,21,15,1,2,6,0,13.9,12.3,3.0,15.3,93,117,294,0.47,0.15,0.62,0.44,0.59,0.41,0.09,0.5,0.36,0.45,Matches,FRA-L1,17-18
7add56e1,408,Morgan Poaty,CGO,DF,Montpellier,20,1997,3,2,171,1.9,0,0,0,0,0,0,1,0,0.0,0.0,0.1,0.1,10,6,5,0.0,0.0,0.0,0.0,0.0,0.0,0.04,0.04,0.0,0.04,Matches,FRA-L1,17-18
31bbb7e2,409,Gerónimo Poblete,ARG,MF,Metz,24,1993,25,17,1656,18.4,0,0,0,0,0,0,1,0,0.5,0.5,0.3,0.9,18,89,20,0.0,0.0,0.0,0.0,0.0,0.03,0.02,0.05,0.03,0.05,Matches,FRA-L1,17-18
1e23a224,410,Florentin Pogba,GUI,DF,Saint-Étienne,26,1990,5,4,321,3.6,0,0,0,0,0,0,1,0,0.0,0.0,0.2,0.2,5,13,7,0.0,0.0,0.0,0.0,0.0,0.0,0.05,0.05,0.0,0.05,Matches,FRA-L1,17-18
ccbbe661,411,Ezequiel Ponce,ARG,FW,Lille,20,1997,28,8,1097,12.2,2,1,3,2,0,0,2,0,2.9,2.9,1.9,4.8,8,17,65,0.16,0.08,0.25,0.16,0.25,0.24,0.15,0.39,0.24,0.39,Matches,FRA-L1,17-18
fa27b5a0,412,Jérémie Porsan-Clémenté,FRA,DF,Montpellier,19,1997,1,1,89,1.0,0,0,0,0,0,0,1,0,0.0,0.0,0.1,0.1,2,1,7,0.0,0.0,0.0,0.0,0.0,0.03,0.11,0.13,0.03,0.13,Matches,FRA-L1,17-18
b92edde2,413,Maxime Poundjé,FRA,DF,Bordeaux,24,1992,19,19,1703,18.9,0,1,1,0,0,0,5,0,0.5,0.5,1.0,1.5,63,70,69,0.0,0.05,0.05,0.0,0.05,0.03,0.05,0.08,0.03,0.08,Matches,FRA-L1,17-18
51c30111,414,Sanjin Prcić,BIH,MF,Rennes,23,1993,19,18,1565,17.4,1,2,3,1,0,0,3,0,0.5,0.5,0.4,0.9,16,118,17,0.06,0.12,0.17,0.06,0.17,0.03,0.02,0.05,0.03,0.05,Matches,FRA-L1,17-18
b0547a87,415,Nicolas de Préville,FRA,FW,Bordeaux,26,1991,29,22,1935,21.5,4,4,8,4,0,1,6,0,4.4,3.6,3.4,7.0,79,47,166,0.19,0.19,0.37,0.19,0.37,0.2,0.16,0.36,0.17,0.33,Matches,FRA-L1,17-18
b0547a87,416,Nicolas de Préville,FRA,"FW,MF",Lille,26,1991,4,3,285,3.2,2,0,2,1,1,1,0,0,1.8,1.0,0.2,1.2,9,7,20,0.63,0.0,0.63,0.32,0.32,0.58,0.06,0.64,0.33,0.39,Matches,FRA-L1,17-18
1061c207,417,Jérôme Prior,FRA,GK,Bordeaux,21,1995,2,2,180,2.0,0,0,0,0,0,0,0,0,0.0,0.0,0.0,0.0,0,0,0,0.0,0.0,0.0,0.0,0.0,0.0,0.0,0.0,0.0,0.0,Matches,FRA-L1,17-18
4df04a86,418,Sloan Privat,FRA,FW,Guingamp,28,1989,1,0,1,0.0,0,0,0,0,0,0,0,0,0.0,0.0,0.0,0.0,0,0,0,0.0,0.0,0.0,0.0,0.0,0.0,0.0,0.0,0.0,0.0,Matches,FRA-L1,17-18
bcb98316,419,Loïc Puyo,FRA,MF,Angers,28,1988,8,0,170,1.9,0,0,0,0,0,0,0,0,0.1,0.1,0.3,0.4,4,20,7,0.0,0.0,0.0,0.0,0.0,0.04,0.15,0.19,0.04,0.19,Matches,FRA-L1,17-18
8794e251,420,Adrien Rabiot,FRA,MF,Paris S-G,22,1995,33,27,2362,26.2,1,5,6,1,0,0,2,0,1.4,1.4,3.7,5.1,84,199,60,0.04,0.19,0.23,0.04,0.23,0.05,0.14,0.19,0.05,0.19,Matches,FRA-L1,17-18
9a1f2e1c,421,Rafael,BRA,DF,Lyon,27,1990,24,22,1812,20.1,1,2,3,1,0,0,9,0,0.7,0.7,2.9,3.5,74,88,95,0.05,0.1,0.15,0.05,0.15,0.03,0.14,0.18,0.03,0.18,Matches,FRA-L1,17-18
bd4f5f94,422,Andrea Raggi,ITA,DF,Monaco,33,1984,20,18,1607,17.9,1,0,1,1,0,0,3,0,0.7,0.7,0.2,0.9,9,51,33,0.06,0.0,0.06,0.06,0.06,0.04,0.01,0.05,0.04,0.05,Matches,FRA-L1,17-18
8dbff17c,423,Adil Rami,FRA,DF,Marseille,31,1985,33,33,2955,32.8,1,2,3,1,0,0,5,0,2.0,2.0,2.0,4.0,22,78,3,0.03,0.06,0.09,0.03,0.09,0.06,0.06,0.12,0.06,0.12,Matches,FRA-L1,17-18
276cce2e,424,Pedro Rebocho,POR,DF,Guingamp,22,1995,21,19,1721,19.1,0,2,2,0,0,0,4,0,0.1,0.1,1.0,1.2,39,79,76,0.0,0.1,0.1,0.0,0.1,0.01,0.05,0.06,0.01,0.06,Matches,FRA-L1,17-18
d504b3e1,425,Jeff Reine-Adélaïde,FRA,MF,Angers,19,1998,10,7,439,4.9,0,0,0,0,0,0,0,0,0.2,0.2,0.4,0.6,22,29,17,0.0,0.0,0.0,0.0,0.0,0.04,0.08,0.11,0.04,0.11,Matches,FRA-L1,17-18
e0d725fe,426,Jan Repas,SVN,"MF,FW",Caen,20,1997,15,12,902,10.0,0,0,0,0,0,0,1,0,0.6,0.6,0.6,1.2,21,25,91,0.0,0.0,0.0,0.0,0.0,0.06,0.06,0.12,0.06,0.12,Matches,FRA-L1,17-18
bcf1b2e9,427,Baptiste Reynet,FRA,GK,Dijon,26,1990,38,38,3420,38.0,0,0,0,0,0,0,3,0,0.0,0.0,0.3,0.3,0,0,0,0.0,0.0,0.0,0.0,0.0,0.0,0.01,0.01,0.0,0.01,Matches,FRA-L1,17-18
7a137df4,428,Kévin Rimane,GUF,DF,Paris S-G,26,1991,1,0,7,0.1,0,0,0,0,0,0,0,0,0.0,0.0,0.0,0.0,0,1,0,0.0,0.0,0.0,0.0,0.0,0.0,0.0,0.0,0.0,0.0,Matches,FRA-L1,17-18
2bae5658,429,Emmanuel Rivière,FRA,FW,Metz,27,1990,28,23,2009,22.3,5,2,7,3,2,2,1,0,10.9,9.4,2.0,11.4,19,28,180,0.22,0.09,0.31,0.13,0.22,0.49,0.09,0.58,0.42,0.51,Matches,FRA-L1,17-18
7af0e1f8,430,Jonathan Rivierez,MTQ,DF,Metz,28,1989,26,24,2064,22.9,0,0,0,0,0,0,6,0,0.2,0.2,0.4,0.7,15,74,41,0.0,0.0,0.0,0.0,0.0,0.01,0.02,0.03,0.01,0.03,Matches,FRA-L1,17-18
1f8c7aa9,431,Ronny Rodelin,FRA,"FW,MF",Caen,27,1989,37,36,3161,35.1,5,6,11,5,0,1,1,0,8.0,7.3,7.4,14.6,87,220,251,0.14,0.17,0.31,0.14,0.31,0.23,0.21,0.44,0.21,0.42,Matches,FRA-L1,17-18
0eeafda5,432,Rolando,POR,DF,Marseille,31,1985,31,28,2511,27.9,1,0,1,1,0,0,5,0,2.5,2.5,0.2,2.7,5,60,2,0.04,0.0,0.04,0.04,0.04,0.09,0.01,0.1,0.09,0.1,Matches,FRA-L1,17-18
ed45c4a5,433,Valentin Rongier,FRA,MF,Nantes,22,1994,32,29,2350,26.1,1,2,3,1,0,0,1,0,1.9,1.9,2.1,4.0,30,155,100,0.04,0.08,0.11,0.04,0.11,0.07,0.08,0.15,0.07,0.15,Matches,FRA-L1,17-18
9b6d9b53,434,Valentin Rosier,FRA,DF,Dijon,20,1996,36,31,2780,30.9,0,3,3,0,0,0,5,0,1.0,1.0,2.5,3.5,78,102,121,0.0,0.1,0.1,0.0,0.1,0.03,0.08,0.11,0.03,0.11,Matches,FRA-L1,17-18
13203c45,435,Jérôme Roussillon,FRA,DF,Montpellier,24,1993,22,22,1880,20.9,3,3,6,3,0,0,2,0,1.7,1.7,3.8,5.5,72,80,125,0.14,0.14,0.29,0.14,0.29,0.08,0.18,0.26,0.08,0.26,Matches,FRA-L1,17-18
3071a619,436,Nolan Roux,FRA,"FW,MF",Metz,29,1988,35,33,2834,31.5,15,1,16,15,0,1,8,0,9.0,8.2,1.9,10.1,42,81,216,0.48,0.03,0.51,0.48,0.51,0.29,0.06,0.35,0.26,0.32,Matches,FRA-L1,17-18
cac76a72,437,Stéphane Ruffier,FRA,GK,Saint-Étienne,30,1986,35,35,3112,34.6,0,0,0,0,0,0,1,1,0.0,0.0,0.0,0.0,0,0,0,0.0,0.0,0.0,0.0,0.0,0.0,0.0,0.0,0.0,0.0,Matches,FRA-L1,17-18
a87e9eb6,438,Vincent Rüfli,SUI,"DF,FW",Dijon,29,1988,3,0,25,0.3,0,0,0,0,0,0,0,0,0.0,0.0,0.0,0.0,1,1,1,0.0,0.0,0.0,0.0,0.0,0.0,0.0,0.0,0.0,0.0,Matches,FRA-L1,17-18
17f29fb0,439,Idriss Saadi,ALG,FW,Strasbourg,25,1992,26,10,941,10.5,4,0,4,4,0,0,1,0,3.7,3.7,0.5,4.2,12,15,65,0.38,0.0,0.38,0.38,0.38,0.35,0.05,0.4,0.35,0.4,Matches,FRA-L1,17-18
fbbb9269,440,Youssouf Sabaly,SEN,DF,Bordeaux,24,1993,35,35,3093,34.4,0,5,5,0,0,0,3,0,0.6,0.6,3.7,4.3,105,170,145,0.0,0.15,0.15,0.0,0.15,0.02,0.11,0.12,0.02,0.12,Matches,FRA-L1,17-18
68a87d66,441,Ihsan Sacko,FRA,"FW,MF",Nice,20,1997,8,3,257,2.9,0,1,1,0,0,0,1,0,0.0,0.0,0.6,0.6,7,5,18,0.0,0.35,0.35,0.0,0.35,0.0,0.21,0.21,0.0,0.21,Matches,FRA-L1,17-18
68a87d66,442,Ihsan Sacko,FRA,"FW,MF",Strasbourg,20,1997,17,8,709,7.9,0,0,0,0,0,0,1,0,0.6,0.6,0.7,1.3,16,13,41,0.0,0.0,0.0,0.0,0.0,0.08,0.09,0.17,0.08,0.17,Matches,FRA-L1,17-18
22c77851,443,Adrián Sahibeddine,FRA,"FW,MF",Dijon,22,1994,3,0,32,0.4,0,0,0,0,0,0,0,0,0.1,0.1,0.0,0.1,1,0,2,0.0,0.0,0.0,0.0,0.0,0.4,0.0,0.4,0.4,0.4,Matches,FRA-L1,17-18
90fcf472,444,Wesley Saïd,FRA,"FW,MF",Dijon,22,1995,29,20,1839,20.4,9,2,11,9,0,0,4,0,4.3,4.3,2.1,6.4,34,46,124,0.44,0.1,0.54,0.44,0.54,0.21,0.1,0.31,0.21,0.31,Matches,FRA-L1,17-18
2b16cb1a,445,Allan Saint-Maximin,FRA,"FW,MF",Nice,20,1997,30,26,2246,25.0,3,7,10,3,0,0,1,0,3.9,3.9,4.9,8.8,183,85,272,0.12,0.28,0.4,0.12,0.4,0.16,0.19,0.35,0.16,0.35,Matches,FRA-L1,17-18
2b16cb1a,446,Allan Saint-Maximin,FRA,MF,Monaco,20,1997,1,0,16,0.2,0,0,0,0,0,0,0,0,0.0,0.0,0.3,0.3,1,0,1,0.0,0.0,0.0,0.0,0.0,0.0,1.67,1.67,0.0,1.67,Matches,FRA-L1,17-18
d63e2912,447,Hiroki Sakai,JPN,DF,Marseille,27,1990,33,30,2520,28.0,0,3,3,0,0,0,1,0,0.1,0.1,1.4,1.5,50,112,117,0.0,0.11,0.11,0.0,0.11,0.0,0.05,0.05,0.0,0.05,Matches,FRA-L1,17-18
57c433c8,448,Diafra Sakho,SEN,FW,Rennes,27,1989,13,7,778,8.6,2,0,2,2,0,0,1,0,4.1,4.1,0.2,4.4,4,7,43,0.23,0.0,0.23,0.23,0.23,0.48,0.02,0.5,0.48,0.5,Matches,FRA-L1,17-18
5d59e0df,449,Emiliano Sala,ARG,FW,Nantes,26,1990,36,34,3031,33.7,12,4,16,8,4,5,4,1,16.2,12.3,2.7,15.0,34,67,223,0.36,0.12,0.48,0.24,0.36,0.48,0.08,0.56,0.36,0.45,Matches,FRA-L1,17-18
bb4a42be,450,Yannis Salibur,FRA,"FW,MF",Guingamp,26,1991,22,19,1521,16.9,3,3,6,3,0,0,4,0,3.7,3.7,3.7,7.4,73,66,136,0.18,0.18,0.36,0.18,0.36,0.22,0.22,0.44,0.22,0.44,Matches,FRA-L1,17-18
c3725db2,451,Yoann Salmier,GUF,DF,Strasbourg,24,1992,14,12,1107,12.3,0,1,1,0,0,0,2,0,0.4,0.4,0.1,0.6,6,29,2,0.0,0.08,0.08,0.0,0.08,0.03,0.01,0.05,0.03,0.05,Matches,FRA-L1,17-18
cfe852d8,452,Mamadou Samassa,MLI,GK,Troyes,27,1990,21,21,1890,21.0,0,0,0,0,0,0,1,0,0.0,0.0,0.0,0.0,0,1,0,0.0,0.0,0.0,0.0,0.0,0.0,0.0,0.0,0.0,0.0,Matches,FRA-L1,17-18
60d90c55,453,Brice Samba,FRA,GK,Caen,23,1994,4,3,316,3.5,0,0,0,0,0,0,0,0,0.0,0.0,0.0,0.0,0,0,0,0.0,0.0,0.0,0.0,0.0,0.0,0.0,0.0,0.0,0.0,Matches,FRA-L1,17-18
24eb7ed6,454,Junior Sambia,FRA,MF,Montpellier,20,1996,28,16,1543,17.1,1,4,5,1,0,0,3,0,1.9,1.9,3.4,5.3,44,76,131,0.06,0.23,0.29,0.06,0.29,0.11,0.2,0.31,0.11,0.31,Matches,FRA-L1,17-18
8802c1d5,455,Frédéric Sammaritano,FRA,"FW,MF",Dijon,31,1986,26,16,1429,15.9,0,4,4,0,0,0,1,0,1.7,1.7,2.3,4.0,45,76,109,0.0,0.25,0.25,0.0,0.25,0.11,0.14,0.25,0.11,0.25,Matches,FRA-L1,17-18
bced0375,456,Ibrahim Sangaré,CIV,MF,Toulouse,19,1997,20,18,1588,17.6,1,2,3,1,0,0,5,0,1.0,1.0,1.4,2.4,34,126,23,0.06,0.11,0.17,0.06,0.17,0.05,0.08,0.13,0.05,0.13,Matches,FRA-L1,17-18
c650629d,457,Younousse Sankharé,SEN,MF,Bordeaux,27,1989,29,20,1881,20.9,7,1,8,7,0,0,5,0,5.5,5.5,1.6,7.1,39,115,43,0.33,0.05,0.38,0.33,0.38,0.26,0.08,0.34,0.26,0.34,Matches,FRA-L1,17-18
a8b4a643,458,Baissama Sankoh,GUI,"MF,DF",Caen,25,1992,26,15,1540,17.1,0,0,0,0,0,0,3,0,0.1,0.1,1.2,1.3,16,52,19,0.0,0.0,0.0,0.0,0.0,0.01,0.07,0.08,0.01,0.08,Matches,FRA-L1,17-18
11ced928,459,Yaya Sanogo,FRA,FW,Toulouse,24,1993,27,17,1513,16.8,6,0,6,6,0,0,6,0,7.7,7.7,0.4,8.2,10,33,96,0.36,0.0,0.36,0.36,0.36,0.46,0.03,0.48,0.46,0.48,Matches,FRA-L1,17-18
6e7f1353,460,Morgan Sanson,FRA,MF,Marseille,22,1994,33,25,2165,24.1,9,2,11,9,0,0,8,0,5.7,5.7,3.6,9.3,93,94,195,0.37,0.08,0.46,0.37,0.46,0.24,0.15,0.39,0.24,0.39,Matches,FRA-L1,17-18
5e22e2a4,461,Baptiste Santamaria,FRA,MF,Angers,22,1995,31,30,2591,28.8,0,0,0,0,0,0,6,0,0.6,0.6,0.8,1.3,29,134,15,0.0,0.0,0.0,0.0,0.0,0.02,0.03,0.05,0.02,0.05,Matches,FRA-L1,17-18
086d7db3,462,Ivan Santini,CRO,FW,Caen,28,1989,32,31,2777,30.9,11,1,12,6,5,6,3,0,15.0,10.3,1.4,11.7,10,45,203,0.36,0.03,0.39,0.19,0.23,0.49,0.04,0.53,0.33,0.38,Matches,FRA-L1,17-18
a2da58b1,463,Yusuf Sari,TUR,FW,Marseille,18,1998,1,0,1,0.0,0,0,0,0,0,0,0,0,0.0,0.0,0.0,0.0,0,0,0,0.0,0.0,0.0,0.0,0.0,0.0,0.0,0.0,0.0,0.0,Matches,FRA-L1,17-18
1a4b9094,464,Bouna Sarr,SEN,"DF,FW",Marseille,25,1992,29,18,1789,19.9,0,3,3,0,0,0,5,0,1.1,1.1,2.8,4.0,95,67,107,0.0,0.15,0.15,0.0,0.15,0.06,0.14,0.2,0.06,0.2,Matches,FRA-L1,17-18
bfdb33aa,465,Ismaila Sarr,SEN,"FW,MF",Rennes,19,1998,24,22,1858,20.6,5,3,8,5,0,0,2,0,4.8,4.8,2.8,7.6,80,34,205,0.24,0.15,0.39,0.24,0.39,0.23,0.13,0.37,0.23,0.37,Matches,FRA-L1,17-18
4315f30d,466,Malang Sarr,FRA,DF,Nice,18,1999,21,13,1322,14.7,0,0,0,0,0,0,1,0,0.8,0.8,0.4,1.2,28,72,17,0.0,0.0,0.0,0.0,0.0,0.05,0.03,0.08,0.05,0.08,Matches,FRA-L1,17-18
e1b3413d,467,Ernest Seka,GUI,DF,Strasbourg,30,1987,27,25,2178,24.2,1,0,1,1,0,0,4,1,0.8,0.8,1.0,1.8,58,126,53,0.04,0.0,0.04,0.04,0.04,0.03,0.04,0.07,0.03,0.07,Matches,FRA-L1,17-18
6aeb647a,468,Vahid Selimović,LUX,DF,Metz,20,1997,13,12,1056,11.7,0,0,0,0,0,0,4,1,0.1,0.1,0.0,0.1,5,31,3,0.0,0.0,0.0,0.0,0.0,0.01,0.0,0.01,0.01,0.01,Matches,FRA-L1,17-18
4db2157a,469,Ole Selnæs,NOR,MF,Saint-Étienne,23,1994,26,23,2058,22.9,0,2,2,0,0,0,9,0,0.5,0.5,1.3,1.8,25,124,14,0.0,0.09,0.09,0.0,0.09,0.02,0.06,0.08,0.02,0.08,Matches,FRA-L1,17-18
10efd0e1,470,Jean Seri,CIV,MF,Nice,26,1991,31,30,2615,29.1,2,6,8,2,0,0,5,0,1.9,1.9,4.9,6.8,51,200,53,0.07,0.21,0.28,0.07,0.28,0.06,0.17,0.23,0.06,0.23,Matches,FRA-L1,17-18
7fb301af,471,Julien Serrano,FRA,DF,Monaco,19,1998,4,3,280,3.1,0,0,0,0,0,0,1,0,0.0,0.0,0.2,0.3,7,10,25,0.0,0.0,0.0,0.0,0.0,0.01,0.08,0.08,0.01,0.08,Matches,FRA-L1,17-18
c4527123,472,Grégory Sertic,FRA,"DF,MF",Marseille,27,1989,7,3,350,3.9,0,0,0,0,0,0,1,0,0.6,0.6,0.1,0.7,2,9,1,0.0,0.0,0.0,0.0,0.0,0.15,0.02,0.17,0.15,0.17,Matches,FRA-L1,17-18
35c5f9b1,473,Stéphane Sessègnon,BEN,"MF,FW",Montpellier,33,1984,16,11,985,10.9,1,2,3,1,0,0,1,0,1.1,1.1,1.0,2.1,21,70,43,0.09,0.18,0.27,0.09,0.27,0.1,0.1,0.2,0.1,0.2,Matches,FRA-L1,17-18
4c5b714f,474,Djibril Sidibé,FRA,DF,Monaco,25,1992,27,25,2153,23.9,2,7,9,2,0,0,4,0,0.9,0.9,4.3,5.2,56,187,170,0.08,0.29,0.38,0.08,0.38,0.04,0.18,0.22,0.04,0.22,Matches,FRA-L1,17-18
adf825b9,475,Kolbeinn Sigþórsson,ISL,FW,Nantes,27,1990,2,0,25,0.3,0,0,0,0,0,0,0,0,0.1,0.1,0.0,0.1,2,0,2,0.0,0.0,0.0,0.0,0.0,0.2,0.0,0.2,0.2,0.2,Matches,FRA-L1,17-18
4914ed4a,476,Gabriel Silva,BRA,DF,Saint-Étienne,26,1991,25,23,2077,23.1,1,2,3,1,0,0,2,1,0.7,0.7,0.8,1.5,39,95,104,0.04,0.09,0.13,0.04,0.13,0.03,0.03,0.06,0.03,0.06,Matches,FRA-L1,17-18
86e7deaf,477,Thiago Silva,BRA,DF,Paris S-G,32,1984,25,24,2115,23.5,1,0,1,1,0,0,5,0,0.9,0.9,0.2,1.1,16,112,1,0.04,0.0,0.04,0.04,0.04,0.04,0.01,0.05,0.04,0.05,Matches,FRA-L1,17-18
0fe7f7bc,478,Giovanni Sio,CIV,FW,Montpellier,28,1989,33,27,2193,24.4,10,3,13,10,0,1,5,1,12.4,11.6,2.9,14.5,36,57,222,0.41,0.12,0.53,0.41,0.53,0.51,0.12,0.63,0.48,0.6,Matches,FRA-L1,17-18
c2211709,479,Ellyes Skhiri,TUN,MF,Montpellier,22,1995,35,35,3049,33.9,4,1,5,4,0,0,8,0,2.3,2.3,1.4,3.7,28,178,49,0.12,0.03,0.15,0.12,0.15,0.07,0.04,0.11,0.07,0.11,Matches,FRA-L1,17-18
2e0367a6,480,Naïm Sliti,TUN,"FW,MF",Dijon,25,1992,31,26,2290,25.4,7,6,13,5,2,2,2,0,5.8,4.2,5.2,9.5,111,117,168,0.28,0.24,0.51,0.2,0.43,0.23,0.21,0.43,0.17,0.37,Matches,FRA-L1,17-18
ad625c12,481,Wesley Sneijder,NED,"MF,FW",Nice,33,1984,5,4,399,4.4,0,0,0,0,0,0,0,0,0.7,0.7,0.8,1.5,3,35,26,0.0,0.0,0.0,0.0,0.0,0.15,0.19,0.34,0.15,0.34,Matches,FRA-L1,17-18
c1febb46,482,Somália,BRA,"MF,FW",Toulouse,28,1988,27,23,2002,22.2,1,0,1,1,0,0,2,0,1.6,1.6,1.8,3.4,65,68,99,0.04,0.0,0.04,0.04,0.04,0.07,0.08,0.15,0.07,0.15,Matches,FRA-L1,17-18
7768df30,483,Jérémy Sorbon,FRA,DF,Guingamp,33,1983,29,29,2610,29.0,0,0,0,0,0,0,1,0,0.5,0.5,0.6,1.1,9,60,0,0.0,0.0,0.0,0.0,0.0,0.02,0.02,0.04,0.02,0.04,Matches,FRA-L1,17-18
e3ad3368,484,Rayan Souici,FRA,MF,Saint-Étienne,19,1998,1,0,12,0.1,0,0,0,0,0,0,0,0,0.0,0.0,0.0,0.0,0,0,0,0.0,0.0,0.0,0.0,0.0,0.0,0.0,0.0,0.0,0.0,Matches,FRA-L1,17-18
7b075c75,485,Adama Soumaoro,FRA,DF,Lille,25,1992,14,14,1192,13.2,0,0,0,0,0,0,2,0,0.1,0.1,0.1,0.2,3,17,0,0.0,0.0,0.0,0.0,0.0,0.01,0.01,0.01,0.01,0.01,Matches,FRA-L1,17-18
ae59b359,486,Boubakary Soumaré,FRA,MF,Lille,18,1999,14,3,511,5.7,0,0,0,0,0,0,1,0,0.0,0.0,0.1,0.1,14,34,8,0.0,0.0,0.0,0.0,0.0,0.0,0.03,0.03,0.0,0.03,Matches,FRA-L1,17-18
4e0afc5d,487,Arnaud Souquet,FRA,DF,Nice,25,1992,29,27,2415,26.8,0,2,2,0,0,0,4,0,0.3,0.3,1.7,2.0,70,100,123,0.0,0.07,0.07,0.0,0.07,0.01,0.06,0.07,0.01,0.07,Matches,FRA-L1,17-18
84549a07,488,Bassem Srarfi,TUN,"FW,MF",Nice,20,1997,26,10,870,9.7,3,0,3,3,0,0,1,0,2.3,2.3,0.8,3.2,41,23,77,0.31,0.0,0.31,0.31,0.31,0.24,0.09,0.33,0.24,0.33,Matches,FRA-L1,17-18
6fb7edd3,489,Timo Stavitski,FIN,"MF,FW",Caen,18,1999,9,3,401,4.5,0,0,0,0,0,0,1,0,0.0,0.0,0.3,0.4,12,5,31,0.0,0.0,0.0,0.0,0.0,0.01,0.07,0.08,0.01,0.08,Matches,FRA-L1,17-18
7b536033,490,Mariusz Stępiński,POL,FW,Nantes,22,1995,1,0,1,0.0,0,0,0,0,0,0,0,0,0.0,0.0,0.0,0.0,0,0,1,0.0,0.0,0.0,0.0,0.0,0.0,0.0,0.0,0.0,0.0,Matches,FRA-L1,17-18
f6db3bd5,491,Danijel Subašić,CRO,GK,Monaco,32,1984,34,34,2939,32.7,0,0,0,0,0,0,3,0,0.0,0.0,0.0,0.0,0,0,0,0.0,0.0,0.0,0.0,0.0,0.0,0.0,0.0,0.0,0.0,Matches,FRA-L1,17-18
821233cc,492,Neven Subotić,SRB,DF,Saint-Étienne,28,1988,16,16,1440,16.0,2,1,3,2,0,0,1,0,0.8,0.8,0.9,1.7,10,31,4,0.12,0.06,0.19,0.12,0.19,0.05,0.05,0.11,0.05,0.11,Matches,FRA-L1,17-18
beff5d14,493,Gilles Sunu,TOG,"MF,FW",Angers,26,1991,20,5,655,7.3,1,0,1,1,0,0,4,0,1.6,1.6,0.6,2.2,33,30,73,0.14,0.0,0.14,0.14,0.14,0.22,0.08,0.3,0.22,0.3,Matches,FRA-L1,17-18
8417953b,494,Seydou Sy,SEN,GK,Monaco,21,1995,3,2,256,2.8,0,0,0,0,0,0,1,0,0.0,0.0,0.0,0.0,0,0,0,0.0,0.0,0.0,0.0,0.0,0.0,0.0,0.0,0.0,0.0,Matches,FRA-L1,17-18
b99bec05,495,Issiaga Sylla,GUI,"DF,FW",Toulouse,23,1994,25,17,1602,17.8,1,3,4,1,0,0,5,0,0.4,0.4,2.0,2.4,49,105,87,0.06,0.17,0.22,0.06,0.22,0.02,0.11,0.14,0.02,0.14,Matches,FRA-L1,17-18
d8b97bb3,496,Moussa Sylla,MLI,FW,Monaco,17,1999,5,3,304,3.4,2,0,2,2,0,0,1,0,1.5,1.5,0.1,1.6,4,7,14,0.59,0.0,0.59,0.59,0.59,0.44,0.04,0.48,0.44,0.48,Matches,FRA-L1,17-18
e61d33f1,497,Alexander Søderlund,NOR,FW,Saint-Étienne,29,1987,12,2,363,4.0,0,1,1,0,0,0,0,1,0.6,0.6,0.2,0.8,1,9,30,0.0,0.25,0.25,0.0,0.25,0.15,0.05,0.2,0.15,0.2,Matches,FRA-L1,17-18
15e1afd5,498,Franck Tabanou,FRA,DF,Guingamp,28,1989,15,12,1048,11.6,0,2,2,0,0,0,5,0,0.1,0.1,1.2,1.3,17,43,41,0.0,0.17,0.17,0.0,0.17,0.01,0.11,0.11,0.01,0.11,Matches,FRA-L1,17-18
942c6dc3,499,Ervin Taha,FRA,FW,Bordeaux,18,1999,2,0,39,0.4,0,0,0,0,0,0,0,0,0.0,0.0,0.0,0.0,1,2,2,0.0,0.0,0.0,0.0,0.0,0.09,0.0,0.09,0.09,0.09,Matches,FRA-L1,17-18
ec1aa15e,500,Mehdi Tahrat,ALG,MF,Angers,27,1990,7,6,443,4.9,0,0,0,0,0,0,3,0,0.2,0.2,0.0,0.2,8,14,4,0.0,0.0,0.0,0.0,0.0,0.04,0.01,0.05,0.04,0.05,Matches,FRA-L1,17-18
a0f9b535,501,Flavien Tait,FRA,MF,Angers,24,1993,31,26,2235,24.8,4,3,7,4,0,0,4,1,4.0,4.0,5.3,9.2,111,103,182,0.16,0.12,0.28,0.16,0.28,0.16,0.21,0.37,0.16,0.37,Matches,FRA-L1,17-18
8da74c05,502,Adrien Tameze,CMR,MF,Nice,23,1994,26,19,1681,18.7,0,1,1,0,0,0,3,0,0.3,0.3,0.9,1.2,21,86,23,0.0,0.05,0.05,0.0,0.05,0.01,0.05,0.07,0.01,0.07,Matches,FRA-L1,17-18
730bd100,503,Oussama Tannane,MAR,FW,Saint-Étienne,23,1994,6,2,207,2.3,0,1,1,0,0,0,1,0,1.1,1.1,0.6,1.7,4,11,26,0.0,0.43,0.43,0.0,0.43,0.48,0.28,0.76,0.48,0.76,Matches,FRA-L1,17-18
b056e3da,504,Ciprian Tătărușanu,ROU,GK,Nantes,31,1986,37,37,3330,37.0,0,0,0,0,0,0,0,0,0.0,0.0,0.0,0.0,0,0,0,0.0,0.0,0.0,0.0,0.0,0.0,0.0,0.0,0.0,0.0,Matches,FRA-L1,17-18
d520120b,505,Júlio Tavares,CPV,FW,Dijon,28,1988,26,23,2055,22.8,12,2,14,9,3,3,3,0,10.0,7.7,1.9,9.6,19,32,139,0.53,0.09,0.61,0.39,0.48,0.44,0.08,0.52,0.34,0.42,Matches,FRA-L1,17-18
4f093689,506,Jordan Tell,GLP,"FW,MF",Rennes,20,1997,6,0,114,1.3,1,0,1,1,0,0,0,0,1.0,1.0,0.1,1.1,1,2,10,0.79,0.0,0.79,0.79,0.79,0.77,0.06,0.82,0.77,0.82,Matches,FRA-L1,17-18
5148dcc5,507,Martin Terrier,FRA,"FW,MF",Strasbourg,20,1997,25,19,1672,18.6,3,3,6,3,0,0,3,0,4.9,4.9,3.4,8.3,46,36,107,0.16,0.16,0.32,0.16,0.32,0.26,0.18,0.45,0.26,0.45,Matches,FRA-L1,17-18
77d7c96f,508,Kenny Tete,NED,DF,Lyon,21,1995,22,16,1608,17.9,1,4,5,1,0,0,3,0,0.7,0.7,2.7,3.4,45,74,86,0.06,0.22,0.28,0.06,0.28,0.04,0.15,0.19,0.04,0.19,Matches,FRA-L1,17-18
2b9fdeea,509,Florian Thauvin,FRA,FW,Marseille,24,1993,35,35,2950,32.8,22,11,33,19,3,4,7,0,16.7,13.6,12.2,25.7,192,210,325,0.67,0.34,1.01,0.58,0.92,0.51,0.37,0.88,0.41,0.79,Matches,FRA-L1,17-18
6b994195,510,Kévin Théophile-Catherine,FRA,DF,Saint-Étienne,27,1989,25,24,2165,24.1,0,0,0,0,0,0,6,0,0.4,0.4,0.3,0.7,10,77,4,0.0,0.0,0.0,0.0,0.0,0.02,0.01,0.03,0.02,0.03,Matches,FRA-L1,17-18
7de29631,511,Vincent Thill,LUX,MF,Metz,17,2000,1,0,27,0.3,0,0,0,0,0,0,0,0,0.0,0.0,0.0,0.0,2,1,3,0.0,0.0,0.0,0.0,0.0,0.0,0.0,0.0,0.0,0.0,Matches,FRA-L1,17-18
275e2c51,512,Romain Thomas,FRA,DF,Angers,29,1988,28,28,2470,27.4,2,0,2,2,0,0,5,0,1.8,1.8,1.0,2.8,5,60,5,0.07,0.0,0.07,0.07,0.07,0.07,0.04,0.1,0.07,0.1,Matches,FRA-L1,17-18
c76b7567,513,Adrien Thomasson,FRA,"MF,FW",Nantes,23,1993,36,29,2578,28.6,5,3,8,5,0,0,4,0,4.2,4.2,3.2,7.4,60,128,206,0.17,0.1,0.28,0.17,0.28,0.15,0.11,0.26,0.15,0.26,Matches,FRA-L1,17-18
6f8cd6d0,514,Marcus Thuram,FRA,FW,Guingamp,19,1997,32,20,1929,21.4,3,1,4,3,0,0,2,0,5.7,5.7,2.4,8.1,67,47,173,0.14,0.05,0.19,0.14,0.19,0.26,0.11,0.38,0.26,0.38,Matches,FRA-L1,17-18
56f7a928,515,Youri Tielemans,BEL,MF,Monaco,20,1997,27,18,1569,17.4,0,1,1,0,0,0,1,0,1.3,1.3,1.1,2.4,30,109,60,0.0,0.06,0.06,0.0,0.06,0.07,0.06,0.14,0.07,0.14,Matches,FRA-L1,17-18
871fc5f8,516,Jonathan Tinhan,BEN,"MF,FW",Troyes,28,1989,5,0,73,0.8,0,0,0,0,0,0,1,0,0.3,0.3,0.0,0.4,1,1,11,0.0,0.0,0.0,0.0,0.0,0.39,0.05,0.45,0.39,0.45,Matches,FRA-L1,17-18
de4fe7a2,517,Ola Toivonen,SWE,"FW,MF",Toulouse,31,1986,23,8,800,8.9,0,0,0,0,0,0,2,0,2.1,2.1,0.4,2.6,10,41,38,0.0,0.0,0.0,0.0,0.0,0.24,0.05,0.29,0.24,0.29,Matches,FRA-L1,17-18
5ceba7fc,518,Karl Toko Ekambi,CMR,"FW,MF",Angers,24,1992,37,33,3040,33.8,17,6,23,14,3,3,4,0,17.1,14.7,5.8,20.6,138,76,352,0.5,0.18,0.68,0.41,0.59,0.51,0.17,0.68,0.44,0.61,Matches,FRA-L1,17-18
7adea561,519,Jérémy Toulalan,FRA,DF,Bordeaux,33,1983,21,21,1890,21.0,0,0,0,0,0,0,4,0,0.1,0.1,0.1,0.2,16,91,1,0.0,0.0,0.0,0.0,0.0,0.01,0.0,0.01,0.01,0.01,Matches,FRA-L1,17-18
ef7cd87a,520,Abdoulaye Touré,GUI,MF,Nantes,23,1994,36,31,2810,31.2,1,1,2,1,0,0,3,0,1.5,1.5,0.9,2.4,24,184,34,0.03,0.03,0.06,0.03,0.06,0.05,0.03,0.08,0.05,0.08,Matches,FRA-L1,17-18
c8c60119,521,Almamy Touré,MLI,DF,Monaco,21,1996,20,13,1248,13.9,1,5,6,1,0,0,3,0,0.4,0.4,2.6,3.0,32,62,76,0.07,0.36,0.43,0.07,0.43,0.03,0.19,0.22,0.03,0.22,Matches,FRA-L1,17-18
d72db2f5,522,Thomas Touré,CIV,FW,Bordeaux,23,1993,1,0,8,0.1,0,0,0,0,0,0,0,0,0.0,0.0,0.0,0.0,0,1,0,0.0,0.0,0.0,0.0,0.0,0.0,0.0,0.0,0.0,0.0,Matches,FRA-L1,17-18
d72db2f5,523,Thomas Touré,CIV,MF,Angers,23,1993,7,0,128,1.4,0,1,1,0,0,0,1,0,0.3,0.3,0.7,1.0,4,5,19,0.0,0.7,0.7,0.0,0.7,0.2,0.5,0.7,0.2,0.7,Matches,FRA-L1,17-18
71ec39ef,524,Lucas Tousart,FRA,MF,Lyon,20,1997,37,37,3132,34.8,0,0,0,0,0,0,8,0,2.1,2.1,0.6,2.6,16,105,10,0.0,0.0,0.0,0.0,0.0,0.06,0.02,0.07,0.06,0.07,Matches,FRA-L1,17-18
1a6f2a66,525,Adama Traoré,MLI,"MF,FW",Monaco,22,1995,3,2,189,2.1,3,0,3,3,0,0,1,0,0.9,0.9,0.0,0.9,1,8,9,1.43,0.0,1.43,1.43,1.43,0.41,0.01,0.42,0.41,0.42,Matches,FRA-L1,17-18
c47541e0,526,Bertrand Traoré,BFA,FW,Lyon,21,1995,31,27,2284,25.4,13,4,17,13,0,0,3,0,8.9,8.9,2.7,11.6,108,82,270,0.51,0.16,0.67,0.51,0.67,0.35,0.11,0.46,0.35,0.46,Matches,FRA-L1,17-18
de488e56,527,Charles Traore,MLI,DF,Troyes,25,1992,34,33,2998,33.3,0,3,3,0,0,0,8,1,0.6,0.6,3.5,4.0,39,129,101,0.0,0.09,0.09,0.0,0.09,0.02,0.1,0.12,0.02,0.12,Matches,FRA-L1,17-18
a4b1028a,528,Hamari Traoré,MLI,DF,Rennes,25,1992,30,30,2637,29.3,0,1,1,0,0,0,10,0,0.4,0.4,1.3,1.8,55,134,90,0.0,0.03,0.03,0.0,0.03,0.02,0.05,0.06,0.02,0.06,Matches,FRA-L1,17-18
b666421b,529,Ismaël Traoré,CIV,DF,Angers,30,1986,32,32,2855,31.7,3,1,4,3,0,0,2,0,1.8,1.8,0.3,2.2,8,42,6,0.09,0.03,0.13,0.09,0.13,0.06,0.01,0.07,0.06,0.07,Matches,FRA-L1,17-18
883f251e,530,Lacina Traoré,CIV,FW,Amiens,27,1990,18,8,779,8.7,0,2,2,0,0,0,1,0,1.4,1.4,0.7,2.1,2,16,65,0.0,0.23,0.23,0.0,0.23,0.16,0.08,0.24,0.16,0.24,Matches,FRA-L1,17-18
ce17b5eb,531,Kevin Trapp,GER,GK,Paris S-G,27,1990,4,4,360,4.0,0,0,0,0,0,0,0,0,0.0,0.0,0.0,0.0,0,0,0,0.0,0.0,0.0,0.0,0.0,0.0,0.0,0.0,0.0,0.0,Matches,FRA-L1,17-18
cc41f558,532,Matthieu Udol,FRA,DF,Metz,21,1996,6,3,354,3.9,0,0,0,0,0,0,0,0,0.0,0.0,0.0,0.0,10,5,22,0.0,0.0,0.0,0.0,0.0,0.01,0.0,0.01,0.01,0.01,Matches,FRA-L1,17-18
dcf7cf44,533,Valentín Vada,ARG,MF,Bordeaux,21,1996,21,11,860,9.6,2,1,3,2,0,0,4,0,0.8,0.8,0.4,1.3,21,59,43,0.21,0.1,0.31,0.21,0.31,0.09,0.05,0.13,0.09,0.13,Matches,FRA-L1,17-18
8cb8dc58,534,Cédric Varrault,FRA,DF,Dijon,37,1980,11,10,883,9.8,1,0,1,1,0,0,0,0,0.3,0.3,0.1,0.4,5,34,1,0.1,0.0,0.1,0.1,0.1,0.03,0.01,0.04,0.03,0.04,Matches,FRA-L1,17-18
1d0900d4,535,Rémy Vercoutre,FRA,GK,Caen,37,1980,35,35,3103,34.5,0,0,0,0,0,0,1,1,0.0,0.0,0.0,0.0,0,0,0,0.0,0.0,0.0,0.0,0.0,0.0,0.0,0.0,0.0,0.0,Matches,FRA-L1,17-18
7cb9de24,536,Olivier Verdon,BEN,DF,Bordeaux,21,1995,1,0,11,0.1,0,0,0,0,0,0,0,0,0.0,0.0,0.0,0.0,0,0,0,0.0,0.0,0.0,0.0,0.0,0.0,0.0,0.0,0.0,0.0,Matches,FRA-L1,17-18
1467af0d,537,Marco Verratti,ITA,MF,Paris S-G,24,1992,22,20,1718,19.1,0,3,3,0,0,0,9,1,0.3,0.3,2.2,2.5,41,193,48,0.0,0.16,0.16,0.0,0.16,0.02,0.12,0.13,0.02,0.13,Matches,FRA-L1,17-18
446aa6e1,538,Oswaldo Vizcarrondo,VEN,DF,Troyes,33,1984,20,18,1715,19.1,0,0,0,0,0,0,7,1,0.6,0.6,0.1,0.7,3,42,1,0.0,0.0,0.0,0.0,0.0,0.03,0.01,0.04,0.03,0.04,Matches,FRA-L1,17-18
eb78322b,539,Anthony Walongwa,,DF,Nantes,23,1993,1,1,90,1.0,0,0,0,0,0,0,0,0,0.0,0.0,0.0,0.0,0,1,0,0.0,0.0,0.0,0.0,0.0,0.0,0.0,0.0,0.0,0.0,Matches,FRA-L1,17-18
0984c5d5,540,Rémi Walter,FRA,"MF,FW",Nice,22,1995,8,6,491,5.5,1,0,1,1,0,0,0,0,0.3,0.3,0.1,0.4,10,20,13,0.18,0.0,0.18,0.18,0.18,0.05,0.03,0.07,0.05,0.07,Matches,FRA-L1,17-18
0984c5d5,541,Rémi Walter,FRA,MF,Troyes,22,1995,12,12,997,11.1,0,1,1,0,0,0,1,0,0.4,0.4,0.1,0.5,10,36,5,0.0,0.09,0.09,0.0,0.09,0.03,0.01,0.04,0.03,0.04,Matches,FRA-L1,17-18
8eec784d,542,Timothy Weah,USA,FW,Paris S-G,17,2000,3,1,122,1.4,0,0,0,0,0,0,1,0,0.7,0.7,0.4,1.1,2,0,8,0.0,0.0,0.0,0.0,0.0,0.53,0.31,0.85,0.53,0.85,Matches,FRA-L1,17-18
f3600c02,543,Xeka,POR,MF,Dijon,22,1994,17,15,1393,15.5,2,3,5,2,0,0,4,0,2.4,2.4,2.2,4.6,18,61,41,0.13,0.19,0.32,0.13,0.32,0.15,0.14,0.29,0.15,0.29,Matches,FRA-L1,17-18
f3600c02,544,Xeka,POR,MF,Lille,22,1994,1,0,15,0.2,0,0,0,0,0,0,0,0,0.0,0.0,0.0,0.0,1,3,1,0.0,0.0,0.0,0.0,0.0,0.0,0.0,0.0,0.0,0.0,Matches,FRA-L1,17-18
7f9111ea,545,Steeve Yago,BFA,DF,Toulouse,24,1992,21,16,1577,17.5,0,0,0,0,0,0,7,0,0.0,0.0,0.6,0.6,19,67,28,0.0,0.0,0.0,0.0,0.0,0.0,0.03,0.03,0.0,0.03,Matches,FRA-L1,17-18
1c344204,546,Cédric Yamberé,CTA,DF,Dijon,26,1990,32,31,2829,31.4,3,0,3,3,0,0,7,2,1.2,1.2,0.3,1.5,35,90,5,0.1,0.0,0.1,0.1,0.1,0.04,0.01,0.05,0.04,0.05,Matches,FRA-L1,17-18
20573d10,547,Mapou Yanga-Mbiwa,FRA,DF,Lyon,28,1989,2,1,128,1.4,0,0,0,0,0,0,1,0,0.0,0.0,0.0,0.0,0,6,0,0.0,0.0,0.0,0.0,0.0,0.0,0.0,0.0,0.0,0.0,Matches,FRA-L1,17-18
e2f9bb5f,548,Zaydou Youssouf,FRA,FW,Bordeaux,18,1999,6,1,131,1.5,0,0,0,0,0,0,2,0,0.1,0.1,0.0,0.2,7,4,9,0.0,0.0,0.0,0.0,0.0,0.08,0.03,0.11,0.08,0.11,Matches,FRA-L1,17-18
6bb2c084,549,Andre-Frank Zambo Anguissa,CMR,MF,Marseille,21,1995,37,26,2439,27.1,0,0,0,0,0,0,4,0,1.6,1.6,3.2,4.8,59,145,37,0.0,0.0,0.0,0.0,0.0,0.06,0.12,0.18,0.06,0.18,Matches,FRA-L1,17-18
c8c02ac7,550,Mehdi Zeffane,ALG,"DF,MF",Rennes,25,1992,15,11,989,11.0,0,1,1,0,0,0,0,0,0.5,0.5,0.8,1.3,15,43,33,0.0,0.09,0.09,0.0,0.09,0.05,0.07,0.12,0.05,0.12,Matches,FRA-L1,17-18
e750cba4,551,Erwin Zelazny,FRA,GK,Troyes,25,1991,17,17,1530,17.0,0,0,0,0,0,0,2,0,0.0,0.0,0.0,0.0,0,0,0,0.0,0.0,0.0,0.0,0.0,0.0,0.0,0.0,0.0,0.0,Matches,FRA-L1,17-18
775185ae,552,Kévin Zohi,MLI,MF,Strasbourg,20,1996,1,0,1,0.0,0,0,0,0,0,0,0,0,0.0,0.0,0.0,0.0,0,0,1,0.0,0.0,0.0,0.0,0.0,0.0,0.0,0.0,0.0,0.0,Matches,FRA-L1,17-18
a8797cf1,553,Bongani Zungu,RSA,MF,Amiens,24,1992,26,24,2084,23.2,1,0,1,1,0,0,5,0,0.2,0.2,0.4,0.6,20,90,15,0.04,0.0,0.04,0.04,0.04,0.01,0.02,0.02,0.01,0.02,Matches,FRA-L1,17-18
