id,Unnamed: 0_level_0,Unnamed: 1_level_0,Unnamed: 2_level_0,Unnamed: 3_level_0,Unnamed: 4_level_0,Unnamed: 5_level_0,Unnamed: 6_level_0,Unnamed: 7_level_0,SCA,SCA,SCA Types,SCA Types,SCA Types,SCA Types,SCA Types,SCA Types,GCA,GCA,GCA Types,GCA Types,GCA Types,GCA Types,GCA Types,GCA Types,Unnamed: 24_level_0,Unnamed: league,Unnamed: season
,Rk,Player,Nation,Pos,Squad,Age,Born,90s,SCA,SCA90,PassLive,PassDead,TO,Sh,Fld,Def,GCA,GCA90,PassLive,PassDead,TO,Sh,Fld,Def,Matches,league,season
40b6bd38,1,Abel,ESP,DF,Osasuna,24-007,2000,1.7,4,2.42,4,0,0,0,0,0,0,0.0,0,0,0,0,0,0,Matches,ESP-LALIGA,24-25
cadfa7d1,2,Nabil Aberdin,FRA,MF,Getafe,22-005,2002,1.7,2,1.16,2,0,0,0,0,0,0,0.0,0,0,0,0,0,0,Matches,ESP-LALIGA,24-25
2bc7f211,3,Abdel Abqar,MAR,DF,Alavés,25-171,1999,2.0,0,0.0,0,0,0,0,0,0,0,0.0,0,0,0,0,0,0,Matches,ESP-LALIGA,24-25
8bc8829a,4,Lucien Agoume,FRA,MF,Sevilla,22-201,2002,2.0,3,1.49,3,0,0,0,0,0,0,0.0,0,0,0,0,0,0,Matches,ESP-LALIGA,24-25
014aa7bd,5,Álvaro Aguado,ESP,MF,Espanyol,28-119,1996,0.2,2,8.57,2,0,0,0,0,0,0,0.0,0,0,0,0,0,0,Matches,ESP-LALIGA,24-25
b8bd60fe,6,Ilias Akhomach,MAR,MF,Villarreal,20-134,2004,1.0,3,2.93,2,0,0,0,1,0,0,0.0,0,0,0,0,0,0,Matches,ESP-LALIGA,24-25
4bd414c1,7,Raúl Albiol,ESP,DF,Villarreal,38-359,1985,2.1,1,0.48,1,0,0,0,0,0,1,0.48,1,0,0,0,0,0,Matches,ESP-LALIGA,24-25
bb08bce9,8,Omar Alderete,PAR,DF,Getafe,27-246,1996,2.0,3,1.5,2,1,0,0,0,0,0,0.0,0,0,0,0,0,0,Matches,ESP-LALIGA,24-25
6c811eb7,9,Carles Aleñá,ESP,MF,Getafe,26-236,1998,1.4,2,1.45,1,0,0,0,1,0,0,0.0,0,0,0,0,0,0,Matches,ESP-LALIGA,24-25
1c772b46,10,Alfon,ESP,FW,Celta Vigo,25-116,1999,0.8,8,10.43,2,0,3,3,0,0,1,1.3,0,0,0,1,0,0,Matches,ESP-LALIGA,24-25
e6697917,11,Domingos André Ribeiro Almeida,POR,"FW,MF",Valencia,24-090,2000,1.7,5,2.9,3,1,1,0,0,0,0,0.0,0,0,0,0,0,0,Matches,ESP-LALIGA,24-25
0b32f721,12,Iker Almena,ESP,"FW,DF",Girona,20-116,2004,0.5,3,5.63,2,0,1,0,0,0,2,3.75,1,0,1,0,0,0,Matches,ESP-LALIGA,24-25
757a3431,13,Adrià Altimira,ESP,MF,Leganés,23-153,2001,0.0,0,0.0,0,0,0,0,0,0,0,0.0,0,0,0,0,0,0,Matches,ESP-LALIGA,24-25
94acdd4e,14,Sergi Altimira,ESP,MF,Betis,23-003,2001,0.2,2,12.86,2,0,0,0,0,0,0,0.0,0,0,0,0,0,0,Matches,ESP-LALIGA,24-25
6f392eb8,15,Hugo Álvarez,ESP,"DF,MF",Celta Vigo,21-057,2003,2.4,4,1.69,4,0,0,0,0,0,2,0.85,2,0,0,0,0,0,Matches,ESP-LALIGA,24-25
15ab5a2b,16,Julián Álvarez,ARG,FW,Atlético Madrid,24-210,2000,1.0,1,0.97,1,0,0,0,0,0,1,0.97,1,0,0,0,0,0,Matches,ESP-LALIGA,24-25
3ecc11d8,17,Yeray Álvarez,ESP,DF,Athletic Club,29-217,1995,2.0,3,1.5,3,0,0,0,0,0,1,0.5,1,0,0,0,0,0,Matches,ESP-LALIGA,24-25
00eba9c9,18,Selim Amallah,MAR,MF,Valladolid,27-287,1996,1.1,3,2.67,1,1,0,0,0,1,0,0.0,0,0,0,0,0,0,Matches,ESP-LALIGA,24-25
f3b1d9a2,19,Amath,SEN,"FW,MF",Valladolid,28-043,1996,0.8,5,6.0,5,0,0,0,0,0,1,1.2,1,0,0,0,0,0,Matches,ESP-LALIGA,24-25
ae86d473,20,Marcos André,BRA,FW,Valladolid,27-313,1996,0.8,0,0.0,0,0,0,0,0,0,0,0.0,0,0,0,0,0,0,Matches,ESP-LALIGA,24-25
af784a9e,21,Antoniu,ESP,MF,Espanyol,21-358,2002,0.3,3,9.31,2,0,0,0,1,0,0,0.0,0,0,0,0,0,0,Matches,ESP-LALIGA,24-25
f28876e5,22,Aritz Arambarri,ESP,DF,Leganés,26-210,1998,2.0,1,0.51,1,0,0,0,0,0,0,0.0,0,0,0,0,0,0,Matches,ESP-LALIGA,24-25
58afe001,23,Mauro Arambarri,URU,"MF,FW",Getafe,28-333,1995,0.5,0,0.0,0,0,0,0,0,0,0,0.0,0,0,0,0,0,0,Matches,ESP-LALIGA,24-25
dc7a172e,24,Jon Aramburu,VEN,DF,Real Sociedad,22-036,2002,0.3,1,3.75,1,0,0,0,0,0,1,3.75,1,0,0,0,0,0,Matches,ESP-LALIGA,24-25
a461f098,25,Adu Ares,ESP,FW,Athletic Club,22-321,2001,0.2,1,4.74,1,0,0,0,0,0,0,0.0,0,0,0,0,0,0,Matches,ESP-LALIGA,24-25
94e01ec6,26,Jesús Areso,ESP,DF,Osasuna,25-057,1999,1.9,6,3.2,5,1,0,0,0,0,0,0.0,0,0,0,0,0,0,Matches,ESP-LALIGA,24-25
13ddc856,27,Takuma Asano,JPN,FW,Mallorca,29-292,1994,1.8,3,1.71,1,0,1,1,0,0,0,0.0,0,0,0,0,0,0,Matches,ESP-LALIGA,24-25
7dcf86f6,28,Iago Aspas,ESP,"MF,FW",Celta Vigo,37-027,1987,2.2,4,1.83,4,0,0,0,0,0,1,0.46,1,0,0,0,0,0,Matches,ESP-LALIGA,24-25
253a06b9,29,Ezequiel Ávila,ARG,FW,Betis,30-204,1994,0.5,5,9.18,4,0,0,1,0,0,0,0.0,0,0,0,0,0,0,Matches,ESP-LALIGA,24-25
53cad200,30,César Azpilicueta,ESP,DF,Atlético Madrid,35-000,1989,2.0,1,0.5,1,0,0,0,0,0,0,0.0,0,0,0,0,0,0,Matches,ESP-LALIGA,24-25
114bbdee,31,Loïc Bade,FRA,DF,Sevilla,24-139,2000,2.0,3,1.5,2,0,0,1,0,0,0,0.0,0,0,0,0,0,0,Matches,ESP-LALIGA,24-25
518f2234,32,Alex Baena,ESP,MF,Villarreal,23-039,2001,2.6,18,7.01,9,6,0,1,2,0,1,0.39,1,0,0,0,0,0,Matches,ESP-LALIGA,24-25
a1232f4e,33,Eric Bailly,CIV,DF,Villarreal,30-138,1994,2.6,1,0.39,1,0,0,0,0,0,0,0.0,0,0,0,0,0,0,Matches,ESP-LALIGA,24-25
5ccc9672,34,Alejandro Balde,ESP,DF,Barcelona,20-315,2003,2.0,8,4.04,6,0,0,0,2,0,2,1.01,1,0,0,0,1,0,Matches,ESP-LALIGA,24-25
cee88597,35,Iván Balliu,ALB,DF,Rayo Vallecano,32-240,1992,2.1,2,0.94,2,0,0,0,0,0,1,0.47,1,0,0,0,0,0,Matches,ESP-LALIGA,24-25
b2bd0f6c,36,Jonathan Bamba,CIV,"FW,MF",Celta Vigo,28-155,1996,1.8,8,4.47,6,0,1,1,0,0,1,0.56,1,0,0,0,0,0,Matches,ESP-LALIGA,24-25
200e89e1,37,Ander Barrenetxea,ESP,MF,Real Sociedad,22-245,2001,0.3,1,3.91,1,0,0,0,0,0,0,0.0,0,0,0,0,0,0,Matches,ESP-LALIGA,24-25
45736cec,38,Pablo Barrios,ESP,MF,Atlético Madrid,21-074,2003,2.0,8,4.0,7,0,0,0,0,1,3,1.5,3,0,0,0,0,0,Matches,ESP-LALIGA,24-25
52c3244b,39,Thierno Barry,FRA,FW,Villarreal,21-312,2002,0.6,1,1.55,0,0,0,0,1,0,0,0.0,0,0,0,0,0,0,Matches,ESP-LALIGA,24-25
b742cc0d,40,Marc Bartra,ESP,DF,Betis,33-226,1991,1.9,1,0.51,1,0,0,0,0,0,0,0.0,0,0,0,0,0,0,Matches,ESP-LALIGA,24-25
22a312ec,41,Aboubacar Bassinga,CIV,MF,Las Palmas,19-046,2005,0.0,0,0.0,0,0,0,0,0,0,0,0.0,0,0,0,0,0,0,Matches,ESP-LALIGA,24-25
8eb55dbb,42,Sheraldo Becker,SUR,"FW,MF",Real Sociedad,29-201,1995,1.9,3,1.54,3,0,0,0,0,0,0,0.0,0,0,0,0,0,0,Matches,ESP-LALIGA,24-25
57d88cf9,43,Jude Bellingham,ENG,MF,Real Madrid,21-060,2003,1.0,4,4.14,3,1,0,0,0,0,0,0.0,0,0,0,0,0,0,Matches,ESP-LALIGA,24-25
ed5c5fa3,44,Fran Beltrán,ESP,MF,Celta Vigo,25-207,1999,2.1,7,3.37,6,0,0,1,0,0,1,0.48,1,0,0,0,0,0,Matches,ESP-LALIGA,24-25
9fb45456,45,Carlos Benavídez,URU,MF,Alavés,26-151,1998,0.3,1,3.6,1,0,0,0,0,0,0,0.0,0,0,0,0,0,0,Matches,ESP-LALIGA,24-25
b6e50615,46,Yuri Berchiche,ESP,DF,Athletic Club,34-200,1990,2.0,2,1.0,1,1,0,0,0,0,0,0.0,0,0,0,0,0,0,Matches,ESP-LALIGA,24-25
dc1c2fce,47,Álex Berenguer,ESP,FW,Athletic Club,29-055,1995,1.6,3,1.9,2,0,0,0,1,0,1,0.63,0,0,0,0,1,0,Matches,ESP-LALIGA,24-25
29117812,48,Marc Bernal,ESP,MF,Barcelona,17-094,2007,2.7,1,0.37,0,1,0,0,0,0,0,0.0,0,0,0,0,0,0,Matches,ESP-LALIGA,24-25
506daeac,49,Antonio Blanco,ESP,MF,Alavés,24-036,2000,2.0,3,1.5,3,0,0,0,0,0,1,0.5,1,0,0,0,0,0,Matches,ESP-LALIGA,24-25
691bef82,50,Daley Blind,NED,DF,Girona,34-172,1990,2.0,2,1.0,2,0,0,0,0,0,0,0.0,0,0,0,0,0,0,Matches,ESP-LALIGA,24-25
3a99bc13,51,Enzo Boyomo,CMR,DF,Valladolid,22-326,2001,2.0,0,0.0,0,0,0,0,0,0,0,0.0,0,0,0,0,0,0,Matches,ESP-LALIGA,24-25
4accb7e0,52,Darko Brašanac,SRB,MF,Leganés,32-198,1992,1.6,1,0.61,1,0,0,0,0,0,0,0.0,0,0,0,0,0,0,Matches,ESP-LALIGA,24-25
8f3565b3,53,Ante Budimir,CRO,FW,Osasuna,33-037,1991,1.9,3,1.61,1,0,0,2,0,0,0,0.0,0,0,0,0,0,0,Matches,ESP-LALIGA,24-25
69cbc8b6,54,Leandro Cabrera,URU,DF,Espanyol,33-072,1991,2.0,4,2.0,4,0,0,0,0,0,0,0.0,0,0,0,0,0,0,Matches,ESP-LALIGA,24-25
873619c6,55,Sergio Camello,ESP,FW,Rayo Vallecano,23-200,2001,1.2,4,3.27,4,0,0,0,0,0,0,0.0,0,0,0,0,0,0,Matches,ESP-LALIGA,24-25
e1846dde,56,Cárdenas,ESP,GK,Rayo Vallecano,27-153,1997,3.0,1,0.33,0,1,0,0,0,0,0,0.0,0,0,0,0,0,0,Matches,ESP-LALIGA,24-25
5e080f73,57,Irvin Cardona,FRA,"MF,FW",Espanyol,27-020,1997,1.1,4,3.56,4,0,0,0,0,0,0,0.0,0,0,0,0,0,0,Matches,ESP-LALIGA,24-25
b92b456a,58,Marc Cardona,ESP,FW,Las Palmas,29-051,1995,0.0,0,0.0,0,0,0,0,0,0,0,0.0,0,0,0,0,0,0,Matches,ESP-LALIGA,24-25
74e90475,59,Sergi Cardona,ESP,DF,Villarreal,25-051,1999,3.0,11,3.67,10,0,0,1,0,0,2,0.67,2,0,0,0,0,0,Matches,ESP-LALIGA,24-25
7426f085,60,Johnny Cardoso,USA,MF,Betis,22-343,2001,0.2,0,0.0,0,0,0,0,0,0,0,0.0,0,0,0,0,0,0,Matches,ESP-LALIGA,24-25
2dce876a,61,Carmona,ESP,DF,Sevilla,22-212,2002,3.0,6,2.0,4,0,0,1,1,0,0,0.0,0,0,0,0,0,0,Matches,ESP-LALIGA,24-25
8d6a9c93,62,Sergio Carreira,ESP,MF,Celta Vigo,23-320,2000,1.1,1,0.88,0,0,1,0,0,0,0,0.0,0,0,0,0,0,0,Matches,ESP-LALIGA,24-25
4958bfb2,63,Dani Carvajal,ESP,DF,Real Madrid,32-230,1992,2.0,3,1.53,3,0,0,0,0,0,0,0.0,0,0,0,0,0,0,Matches,ESP-LALIGA,24-25
dee86451,64,William Carvalho,POR,MF,Betis,32-143,1992,1.8,6,3.25,6,0,0,0,0,0,0,0.0,0,0,0,0,0,0,Matches,ESP-LALIGA,24-25
2ef08833,65,Marc Casado,ESP,MF,Barcelona,20-349,2003,1.0,5,5.0,5,0,0,0,0,0,0,0.0,0,0,0,0,0,0,Matches,ESP-LALIGA,24-25
274ab13c,66,Catena,ESP,DF,Osasuna,29-305,1994,2.0,3,1.5,3,0,0,0,0,0,0,0.0,0,0,0,0,0,0,Matches,ESP-LALIGA,24-25
c0617e2b,67,Dani Ceballos,ESP,"MF,FW",Real Madrid,28-021,1996,0.1,1,15.0,1,0,0,0,0,0,1,15.0,1,0,0,0,0,0,Matches,ESP-LALIGA,24-25
63c5e56b,68,Pep Chavarría,ESP,"MF,FW",Rayo Vallecano,26-140,1998,0.4,1,2.31,1,0,0,0,0,0,0,0.0,0,0,0,0,0,0,Matches,ESP-LALIGA,24-25
92dacb99,69,Julián Chicco,ARG,MF,Leganés,26-228,1998,0.2,0,0.0,0,0,0,0,0,0,0,0.0,0,0,0,0,0,0,Matches,ESP-LALIGA,24-25
1cb49278,70,Andreas Christensen,DEN,DF,Barcelona,28-140,1996,0.3,0,0.0,0,0,0,0,0,0,0,0.0,0,0,0,0,0,0,Matches,ESP-LALIGA,24-25
04ac8285,71,Jasper Cillessen,NED,GK,Las Palmas,35-128,1989,2.0,0,0.0,0,0,0,0,0,0,0,0.0,0,0,0,0,0,0,Matches,ESP-LALIGA,24-25
9a0408b6,72,Pathé Ciss,SEN,MF,Rayo Vallecano,30-165,1994,1.4,2,1.48,2,0,0,0,0,0,1,0.74,1,0,0,0,0,0,Matches,ESP-LALIGA,24-25
0d13e455,73,Seydouba Cissé,GUI,MF,Leganés,23-200,2001,1.7,4,2.35,3,0,0,1,0,0,0,0.0,0,0,0,0,0,0,Matches,ESP-LALIGA,24-25
15937e17,74,Eray Cömert,SUI,"DF,MF",Valladolid,26-206,1998,1.9,2,1.05,2,0,0,0,0,0,0,0.0,0,0,0,0,0,0,Matches,ESP-LALIGA,24-25
5ae499d0,75,Santi Comesaña,ESP,MF,Villarreal,27-328,1996,2.8,7,2.5,7,0,0,0,0,0,0,0.0,0,0,0,0,0,0,Matches,ESP-LALIGA,24-25
4eae5bc4,76,Diego Conde,ESP,GK,Villarreal,25-305,1998,3.0,1,0.33,1,0,0,0,0,0,1,0.33,1,0,0,0,0,0,Matches,ESP-LALIGA,24-25
f61143dd,77,Tomás Conechny,ARG,"FW,MF",Alavés,26-151,1998,1.4,1,0.71,1,0,0,0,0,0,0,0.0,0,0,0,0,0,0,Matches,ESP-LALIGA,24-25
0f26ffd7,78,Copete,ESP,MF,Mallorca,24-323,1999,0.0,0,0.0,0,0,0,0,0,0,0,0.0,0,0,0,0,0,0,Matches,ESP-LALIGA,24-25
01eb744d,79,Ángel Correa,ARG,FW,Atlético Madrid,29-172,1995,0.6,2,3.27,1,0,1,0,0,0,0,0.0,0,0,0,0,0,0,Matches,ESP-LALIGA,24-25
c78b352d,80,Thierry Correia,POR,DF,Valencia,25-172,1999,1.8,2,1.08,1,0,1,0,0,0,0,0.0,0,0,0,0,0,0,Matches,ESP-LALIGA,24-25
bfb2056e,81,Logan Costa,CPV,DF,Villarreal,23-149,2001,0.4,0,0.0,0,0,0,0,0,0,0,0.0,0,0,0,0,0,0,Matches,ESP-LALIGA,24-25
76c2a023,82,Samu Costa,POR,MF,Mallorca,23-275,2000,3.0,8,2.67,7,0,0,0,1,0,0,0.0,0,0,0,0,0,0,Matches,ESP-LALIGA,24-25
1840e36d,83,Thibaut Courtois,BEL,GK,Real Madrid,32-109,1992,2.0,0,0.0,0,0,0,0,0,0,0,0.0,0,0,0,0,0,0,Matches,ESP-LALIGA,24-25
a56da3ba,84,Juan Cruz Armada,ESP,DF,Osasuna,32-031,1992,0.3,1,2.9,1,0,0,0,0,0,0,0.0,0,0,0,0,0,0,Matches,ESP-LALIGA,24-25
cc2dd8a5,85,Juan Cruz,ESP,"FW,MF",Leganés,24-125,2000,1.0,4,3.96,2,2,0,0,0,0,1,0.99,1,0,0,0,0,0,Matches,ESP-LALIGA,24-25
cc7888f3,86,Pau Cubarsí,ESP,DF,Barcelona,17-219,2007,2.7,2,0.74,2,0,0,0,0,0,0,0.0,0,0,0,0,0,0,Matches,ESP-LALIGA,24-25
f08490a6,87,Arnaut Danjuma,NED,FW,Villarreal,27-210,1997,2.2,2,0.9,2,0,0,0,0,0,0,0.0,0,0,0,0,0,0,Matches,ESP-LALIGA,24-25
070a3904,88,Sergi Darder,ESP,MF,Mallorca,30-250,1993,2.6,7,2.67,2,2,2,1,0,0,0,0.0,0,0,0,0,0,0,Matches,ESP-LALIGA,24-25
162efffd,89,Rodrigo De Paul,ARG,MF,Atlético Madrid,30-096,1994,0.9,2,2.12,2,0,0,0,0,0,0,0.0,0,0,0,0,0,0,Matches,ESP-LALIGA,24-25
698f11e3,90,Moussa Diarra,MLI,DF,Alavés,23-292,2000,1.0,1,0.97,1,0,0,0,0,0,0,0.0,0,0,0,0,0,0,Matches,ESP-LALIGA,24-25
407feb71,91,Brahim Díaz,MAR,FW,Real Madrid,25-025,1999,0.3,3,10.8,3,0,0,0,0,0,1,3.6,1,0,0,0,0,0,Matches,ESP-LALIGA,24-25
eea5130e,92,Pedro Díaz,ESP,FW,Rayo Vallecano,26-084,1998,0.1,0,0.0,0,0,0,0,0,0,0,0.0,0,0,0,0,0,0,Matches,ESP-LALIGA,24-25
b85a5126,93,Diego,ESP,FW,Leganés,24-132,2000,0.1,0,0.0,0,0,0,0,0,0,0,0.0,0,0,0,0,0,0,Matches,ESP-LALIGA,24-25
a4971d84,94,Djené,TOG,DF,Getafe,32-241,1991,2.0,0,0.0,0,0,0,0,0,0,0,0.0,0,0,0,0,0,0,Matches,ESP-LALIGA,24-25
54880c9b,95,Marc Domenech,ESP,FW,Mallorca,18-240,2006,0.1,0,0.0,0,0,0,0,0,0,0,0.0,0,0,0,0,0,0,Matches,ESP-LALIGA,24-25
3521abfe,96,Carlos Dominguez,ESP,DF,Celta Vigo,23-199,2001,2.0,0,0.0,0,0,0,0,0,0,0,0.0,0,0,0,0,0,0,Matches,ESP-LALIGA,24-25
853ca71c,97,Anastasios Douvikas,GRE,FW,Celta Vigo,25-026,1999,1.8,2,1.13,0,0,0,0,2,0,0,0.0,0,0,0,0,0,0,Matches,ESP-LALIGA,24-25
6db116ec,98,Pablo Durán,ESP,FW,Celta Vigo,23-095,2001,0.0,0,0.0,0,0,0,0,0,0,0,0.0,0,0,0,0,0,0,Matches,ESP-LALIGA,24-25
37e103f8,99,Hugo Duro,ESP,FW,Valencia,24-292,1999,1.8,1,0.54,0,0,0,1,0,0,0,0.0,0,0,0,0,0,0,Matches,ESP-LALIGA,24-25
e7f3e8a7,100,Chidera Ejuke,NGA,"FW,MF",Sevilla,26-239,1998,1.2,12,9.91,8,2,2,0,0,0,0,0.0,0,0,0,0,0,0,Matches,ESP-LALIGA,24-25
f7dc2ae5,101,Aritz Elustondo,ESP,DF,Real Sociedad,30-153,1994,2.0,1,0.5,1,0,0,0,0,0,0,0.0,0,0,0,0,0,0,Matches,ESP-LALIGA,24-25
db8f0eba,102,Adri Embarba,ESP,"MF,FW",Rayo Vallecano,32-113,1992,2.1,3,1.4,1,1,0,0,1,0,0,0.0,0,0,0,0,0,0,Matches,ESP-LALIGA,24-25
a2728fbf,103,Endrick,BRA,FW,Real Madrid,18-038,2006,0.1,0,0.0,0,0,0,0,0,0,0,0.0,0,0,0,0,0,0,Matches,ESP-LALIGA,24-25
db001fa9,104,Alfonso Espino,URU,DF,Rayo Vallecano,32-236,1992,3.0,3,1.0,0,3,0,0,0,0,0,0.0,0,0,0,0,0,0,Matches,ESP-LALIGA,24-25
bed68338,105,Abde Ezzalzouli,MAR,FW,Betis,22-255,2001,0.7,2,3.0,2,0,0,0,0,0,0,0.0,0,0,0,0,0,0,Matches,ESP-LALIGA,24-25
1ccd3dae,106,Peter Federico,DOM,MF,Getafe,22-034,2002,0.7,1,1.45,1,0,0,0,0,0,0,0.0,0,0,0,0,0,0,Matches,ESP-LALIGA,24-25
bece776f,107,Nabil Fekir,FRA,MF,Betis,31-041,1993,2.0,12,6.0,9,2,0,0,0,1,1,0.5,0,1,0,0,0,0,Matches,ESP-LALIGA,24-25
e5d01ecf,108,Kiko Femenía,ESP,DF,Villarreal,33-208,1991,3.0,5,1.67,5,0,0,0,0,0,1,0.33,1,0,0,0,0,0,Matches,ESP-LALIGA,24-25
82927de4,109,Pablo Fornals,ESP,FW,Betis,28-188,1996,1.5,11,7.44,9,1,0,1,0,0,0,0.0,0,0,0,0,0,0,Matches,ESP-LALIGA,24-25
45e17712,110,Dimitri Foulquier,FRA,"MF,DF",Valencia,31-158,1993,0.4,1,2.31,1,0,0,0,0,0,0,0.0,0,0,0,0,0,0,Matches,ESP-LALIGA,24-25
40883e3a,111,Enric Franquesa,ESP,"FW,DF",Leganés,27-184,1997,1.1,0,0.0,0,0,0,0,0,0,0,0.0,0,0,0,0,0,0,Matches,ESP-LALIGA,24-25
38ce1150,112,Jorge de Frutos,ESP,"MF,FW",Rayo Vallecano,27-190,1997,2.2,4,1.81,3,0,1,0,0,0,2,0.9,1,0,1,0,0,0,Matches,ESP-LALIGA,24-25
618f396a,113,Manuel Fuster,ESP,"MF,FW",Las Palmas,26-311,1997,0.3,5,16.67,3,2,0,0,0,0,1,3.33,1,0,0,0,0,0,Matches,ESP-LALIGA,24-25
c2731c10,114,Conor Gallagher,ENG,MF,Atlético Madrid,24-204,2000,0.4,0,0.0,0,0,0,0,0,0,0,0.0,0,0,0,0,0,0,Matches,ESP-LALIGA,24-25
90bbd822,115,Álvaro García,ESP,"MF,FW",Rayo Vallecano,31-306,1992,0.9,2,2.17,1,0,0,0,0,1,0,0.0,0,0,0,0,0,0,Matches,ESP-LALIGA,24-25
2bed3eab,116,Eric García,ESP,MF,Barcelona,23-232,2001,0.3,0,0.0,0,0,0,0,0,0,0,0.0,0,0,0,0,0,0,Matches,ESP-LALIGA,24-25
7226539b,117,Fran Garcia,ESP,DF,Real Madrid,25-014,1999,1.0,3,3.0,3,0,0,0,0,0,0,0.0,0,0,0,0,0,0,Matches,ESP-LALIGA,24-25
87b498b0,118,Joan García,ESP,GK,Espanyol,23-116,2001,2.0,0,0.0,0,0,0,0,0,0,0,0.0,0,0,0,0,0,0,Matches,ESP-LALIGA,24-25
5c96b017,119,Rubén García,ESP,"FW,MF",Osasuna,31-045,1993,1.6,9,5.51,6,3,0,0,0,0,0,0.0,0,0,0,0,0,0,Matches,ESP-LALIGA,24-25
20a65cdf,120,Yarek Gasiorowski,ESP,DF,Valencia,19-229,2005,2.0,3,1.5,3,0,0,0,0,0,0,0.0,0,0,0,0,0,0,Matches,ESP-LALIGA,24-25
63d17038,121,Paulo Gazzaniga,ARG,GK,Girona,32-239,1992,2.0,0,0.0,0,0,0,0,0,0,0,0.0,0,0,0,0,0,0,Matches,ESP-LALIGA,24-25
7b5ab7f2,122,Bryan Gil,ESP,FW,Girona,23-199,2001,1.9,9,4.76,7,0,1,0,0,1,0,0.0,0,0,0,0,0,0,Matches,ESP-LALIGA,24-25
0e5ddc7c,123,Dani Gómez,ESP,FW,Valencia,26-029,1998,0.4,0,0.0,0,0,0,0,0,0,0,0.0,0,0,0,0,0,0,Matches,ESP-LALIGA,24-25
5a626448,124,Moi Gómez,ESP,MF,Osasuna,30-066,1994,0.9,5,5.7,3,2,0,0,0,0,0,0.0,0,0,0,0,0,0,Matches,ESP-LALIGA,24-25
bc6f5f06,125,Sergi Gómez,ESP,DF,Espanyol,32-153,1992,1.0,1,1.0,1,0,0,0,0,0,0,0.0,0,0,0,0,0,0,Matches,ESP-LALIGA,24-25
01e5f06e,126,Sergio Gómez,ESP,"MF,FW",Real Sociedad,23-359,2000,1.3,5,3.98,2,1,1,1,0,0,0,0.0,0,0,0,0,0,0,Matches,ESP-LALIGA,24-25
37db6cae,127,Unai Gómez,ESP,MF,Athletic Club,21-095,2003,0.7,3,4.35,1,1,0,0,1,0,0,0.0,0,0,0,0,0,0,Matches,ESP-LALIGA,24-25
c4f5eb61,128,Urko González,ESP,MF,Real Sociedad,23-161,2001,0.5,1,2.0,1,0,0,0,0,0,0,0.0,0,0,0,0,0,0,Matches,ESP-LALIGA,24-25
6f5f82c0,129,Andoni Gorosabel,ESP,DF,Athletic Club,28-024,1996,0.9,0,0.0,0,0,0,0,0,0,0,0.0,0,0,0,0,0,0,Matches,ESP-LALIGA,24-25
ee45d138,130,José Gragera,ESP,MF,Espanyol,23-272,2000,1.8,1,0.57,0,0,0,0,0,1,0,0.0,0,0,0,0,0,0,Matches,ESP-LALIGA,24-25
30061f53,131,Dominik Greif,SVK,GK,Mallorca,27-144,1997,2.0,0,0.0,0,0,0,0,0,0,0,0.0,0,0,0,0,0,0,Matches,ESP-LALIGA,24-25
df69b544,132,Antoine Griezmann,FRA,"FW,MF",Atlético Madrid,33-160,1991,1.7,5,2.87,4,1,0,0,0,0,2,1.15,2,0,0,0,0,0,Matches,ESP-LALIGA,24-25
0076ab7f,133,Nemanja Gudelj,SRB,DF,Sevilla,32-286,1991,1.8,2,1.13,1,1,0,0,0,0,0,0.0,0,0,0,0,0,0,Matches,ESP-LALIGA,24-25
3828f130,134,Javier Guerra,ESP,MF,Valencia,21-240,2003,1.6,5,3.1,4,0,0,0,1,0,0,0.0,0,0,0,0,0,0,Matches,ESP-LALIGA,24-25
8e48dc61,135,Ander Guevara,ESP,MF,Alavés,27-052,1997,1.7,4,2.32,3,0,1,0,0,0,0,0.0,0,0,0,0,0,0,Matches,ESP-LALIGA,24-25
7155e3e1,136,Pape Gueye,SEN,MF,Villarreal,25-217,1999,1.4,2,1.4,2,0,0,0,0,0,0,0.0,0,0,0,0,0,0,Matches,ESP-LALIGA,24-25
f7c12fbf,137,Hugo Guillamón,ESP,MF,Valencia,24-210,2000,0.1,0,0.0,0,0,0,0,0,0,0,0.0,0,0,0,0,0,0,Matches,ESP-LALIGA,24-25
3741ca58,138,Arda Güler,TUR,MF,Real Madrid,19-185,2005,0.8,7,8.87,3,2,1,1,0,0,1,1.27,0,1,0,0,0,0,Matches,ESP-LALIGA,24-25
ac454a4f,139,Gerard Gumbau,ESP,MF,Rayo Vallecano,29-254,1994,0.8,1,1.25,0,0,1,0,0,0,0,0.0,0,0,0,0,0,0,Matches,ESP-LALIGA,24-25
4c0a6a48,140,Jon Guridi,ESP,MF,Alavés,29-182,1995,0.9,1,1.11,1,0,0,0,0,0,1,1.11,1,0,0,0,0,0,Matches,ESP-LALIGA,24-25
6b5ea2f4,141,Gorka Guruzeta,ESP,FW,Athletic Club,27-351,1996,1.1,2,1.75,2,0,0,0,0,0,1,0.87,1,0,0,0,0,0,Matches,ESP-LALIGA,24-25
7e98cff1,142,Miguel Gutiérrez,ESP,DF,Girona,23-032,2001,2.0,5,2.5,5,0,0,0,0,0,0,0.0,0,0,0,0,0,0,Matches,ESP-LALIGA,24-25
9a76c2e9,143,Javi Hernández,ESP,DF,Leganés,26-118,1998,2.0,3,1.5,3,0,0,0,0,0,1,0.5,1,0,0,0,0,0,Matches,ESP-LALIGA,24-25
e19c989c,144,Jorge Herrando,ESP,DF,Osasuna,23-182,2001,2.0,1,0.5,1,0,0,0,0,0,0,0.0,0,0,0,0,0,0,Matches,ESP-LALIGA,24-25
436a9dd0,145,Ander Herrera,ESP,MF,Athletic Club,35-014,1989,0.5,2,3.83,2,0,0,0,0,0,0,0.0,0,0,0,0,0,0,Matches,ESP-LALIGA,24-25
a4995f48,146,Sergio Herrera,ESP,GK,Osasuna,31-084,1993,2.0,0,0.0,0,0,0,0,0,0,0,0.0,0,0,0,0,0,0,Matches,ESP-LALIGA,24-25
5083a734,147,Yangel Herrera,VEN,MF,Girona,26-227,1998,1.8,7,3.96,6,0,0,0,1,0,0,0.0,0,0,0,0,0,0,Matches,ESP-LALIGA,24-25
139560df,148,Omar El Hilali,MAR,DF,Espanyol,20-351,2003,2.0,2,1.02,2,0,0,0,0,0,0,0.0,0,0,0,0,0,0,Matches,ESP-LALIGA,24-25
3701906c,149,Pablo Ibáñez,ESP,MF,Osasuna,25-343,1998,0.1,0,0.0,0,0,0,0,0,0,0,0.0,0,0,0,0,0,0,Matches,ESP-LALIGA,24-25
974322dc,150,Iglesias,ESP,DF,Getafe,26-056,1998,2.0,4,2.0,0,1,3,0,0,0,1,0.5,0,1,0,0,0,0,Matches,ESP-LALIGA,24-25
75645f0e,151,Borja Iglesias,ESP,FW,Celta Vigo,31-224,1993,1.2,2,1.62,1,0,0,0,1,0,1,0.81,0,0,0,0,1,0,Matches,ESP-LALIGA,24-25
c92e1a31,152,Kelechi Iheanacho,NGA,FW,Sevilla,27-330,1996,0.8,3,3.6,2,0,0,1,0,0,0,0.0,0,0,0,0,0,0,Matches,ESP-LALIGA,24-25
aa81d8f8,153,Karl Jakob Hein,EST,GK,Valladolid,22-137,2002,2.0,0,0.0,0,0,0,0,0,0,0,0.0,0,0,0,0,0,0,Matches,ESP-LALIGA,24-25
2f5c78ca,154,Mikel Jauregizar,ESP,MF,Athletic Club,20-290,2003,0.3,0,0.0,0,0,0,0,0,0,0,0.0,0,0,0,0,0,0,Matches,ESP-LALIGA,24-25
030ef8d6,155,Jofre,ESP,MF,Espanyol,23-072,2001,1.1,4,3.5,2,0,1,1,0,0,0,0.0,0,0,0,0,0,0,Matches,ESP-LALIGA,24-25
84399660,156,Juanmi,ESP,FW,Betis,31-100,1993,1.3,1,0.75,1,0,0,0,0,0,0,0.0,0,0,0,0,0,0,Matches,ESP-LALIGA,24-25
7111d552,157,Vinicius Júnior,BRA,FW,Real Madrid,24-047,2000,1.9,14,7.37,11,0,3,0,0,0,1,0.53,1,0,0,0,0,0,Matches,ESP-LALIGA,24-25
21a87181,158,Stanko Jurić,CRO,MF,Valladolid,28-012,1996,1.1,2,1.82,1,0,0,0,0,1,0,0.0,0,0,0,0,0,0,Matches,ESP-LALIGA,24-25
6a7353d7,159,Willy Kambwala,FRA,DF,Villarreal,20-003,2004,1.0,0,0.0,0,0,0,0,0,0,0,0.0,0,0,0,0,0,0,Matches,ESP-LALIGA,24-25
e897d8ba,160,Kiké,ESP,FW,Alavés,34-277,1989,1.7,4,2.32,4,0,0,0,0,0,0,0.0,0,0,0,0,0,0,Matches,ESP-LALIGA,24-25
55126f3b,161,Koke,ESP,MF,Atlético Madrid,32-233,1992,1.1,3,2.84,3,0,0,0,0,0,0,0.0,0,0,0,0,0,0,Matches,ESP-LALIGA,24-25
4d1666ff,162,Jules Koundé,FRA,DF,Barcelona,25-290,1998,3.0,8,2.67,8,0,0,0,0,0,0,0.0,0,0,0,0,0,0,Matches,ESP-LALIGA,24-25
e717705a,163,Alex Král,CZE,MF,Espanyol,26-101,1998,1.4,3,2.18,3,0,0,0,0,0,0,0.0,0,0,0,0,0,0,Matches,ESP-LALIGA,24-25
5b5c2228,164,Ladislav Krejčí,CZE,DF,Girona,25-130,1999,0.1,0,0.0,0,0,0,0,0,0,0,0.0,0,0,0,0,0,0,Matches,ESP-LALIGA,24-25
16aa3654,165,Takefusa Kubo,JPN,"FW,MF",Real Sociedad,23-085,2001,1.0,5,4.89,2,1,1,0,0,1,1,0.98,0,0,1,0,0,0,Matches,ESP-LALIGA,24-25
a40819d9,166,Marash Kumbulla,ALB,DF,Espanyol,24-202,2000,1.0,0,0.0,0,0,0,0,0,0,0,0.0,0,0,0,0,0,0,Matches,ESP-LALIGA,24-25
e7af9060,167,Cyle Larin,CAN,FW,Mallorca,29-133,1995,1.2,2,1.61,2,0,0,0,0,0,0,0.0,0,0,0,0,0,0,Matches,ESP-LALIGA,24-25
9a64e67e,168,Robin Le Normand,ESP,DF,Atlético Madrid,27-291,1996,2.0,0,0.0,0,0,0,0,0,0,0,0.0,0,0,0,0,0,0,Matches,ESP-LALIGA,24-25
6eaed4eb,169,Florian Lejeune,FRA,DF,Rayo Vallecano,33-100,1991,3.0,0,0.0,0,0,0,0,0,0,0,0.0,0,0,0,0,0,0,Matches,ESP-LALIGA,24-25
59b7d823,170,Iñigo Lekue,ESP,DF,Athletic Club,31-116,1993,1.1,1,0.9,1,0,0,0,0,0,0,0.0,0,0,0,0,0,0,Matches,ESP-LALIGA,24-25
8d78e732,171,Robert Lewandowski,POL,FW,Barcelona,36-007,1988,3.0,9,3.0,6,0,0,1,2,0,0,0.0,0,0,0,0,0,0,Matches,ESP-LALIGA,24-25
2a295d33,172,Samuel Lino,BRA,"MF,DF",Atlético Madrid,24-249,1999,1.7,4,2.29,4,0,0,0,0,0,0,0.0,0,0,0,0,0,0,Matches,ESP-LALIGA,24-25
bba30585,173,Diego Llorente,ESP,DF,Betis,31-012,1993,2.0,0,0.0,0,0,0,0,0,0,0,0.0,0,0,0,0,0,0,Matches,ESP-LALIGA,24-25
02c15616,174,Marcos Llorente,ESP,"DF,MF",Atlético Madrid,29-211,1995,2.0,5,2.5,5,0,0,0,0,0,3,1.5,3,0,0,0,0,0,Matches,ESP-LALIGA,24-25
6bca20fe,175,Enzo Loiodice,FRA,MF,Las Palmas,23-275,2000,1.0,5,4.84,2,3,0,0,0,0,0,0.0,0,0,0,0,0,0,Matches,ESP-LALIGA,24-25
f03f284b,176,David López,ESP,DF,Girona,34-324,1989,2.0,1,0.5,1,0,0,0,0,0,0,0.0,0,0,0,0,0,0,Matches,ESP-LALIGA,24-25
c487901c,177,Diego López,ESP,MF,Valencia,22-107,2002,1.6,5,3.19,4,0,1,0,0,0,1,0.64,1,0,0,0,0,0,Matches,ESP-LALIGA,24-25
c1fe5f0b,178,Fermin López,ESP,MF,Barcelona,21-109,2003,0.3,1,3.1,1,0,0,0,0,0,0,0.0,0,0,0,0,0,0,Matches,ESP-LALIGA,24-25
e9ada8cf,179,Javi López,ESP,DF,Real Sociedad,22-156,2002,2.0,3,1.5,3,0,0,0,0,0,0,0.0,0,0,0,0,0,0,Matches,ESP-LALIGA,24-25
2a8c9f98,180,Roberto López,ESP,DF,Leganés,24-126,2000,0.0,0,0.0,0,0,0,0,0,0,0,0.0,0,0,0,0,0,0,Matches,ESP-LALIGA,24-25
88050721,181,Unai López,ESP,MF,Rayo Vallecano,28-303,1995,1.3,3,2.27,2,1,0,0,0,0,0,0.0,0,0,0,0,0,0,Matches,ESP-LALIGA,24-25
ea610f00,182,Pol Lozano,ESP,MF,Espanyol,24-327,1999,0.6,0,0.0,0,0,0,0,0,0,0,0.0,0,0,0,0,0,0,Matches,ESP-LALIGA,24-25
0c61c77c,183,Dodi Lukebakio,BEL,FW,Sevilla,26-339,1997,2.4,11,4.67,6,2,1,1,1,0,0,0.0,0,0,0,0,0,0,Matches,ESP-LALIGA,24-25
ed6ea4d9,184,Darwin Machís,VEN,MF,Valladolid,31-203,1993,0.6,0,0.0,0,0,0,0,0,0,0,0.0,0,0,0,0,0,0,Matches,ESP-LALIGA,24-25
5db04597,185,Pablo Maffeo,ESP,DF,Mallorca,27-047,1997,3.0,7,2.33,7,0,0,0,0,0,0,0.0,0,0,0,0,0,0,Matches,ESP-LALIGA,24-25
d4b73232,186,Giorgi Mamardashvili,GEO,GK,Valencia,23-334,2000,2.0,1,0.5,1,0,0,0,0,0,0,0.0,0,0,0,0,0,0,Matches,ESP-LALIGA,24-25
c20bdcd7,187,Reinildo Mandava,MOZ,DF,Atlético Madrid,30-220,1994,0.8,0,0.0,0,0,0,0,0,0,0,0.0,0,0,0,0,0,0,Matches,ESP-LALIGA,24-25
758dd7f0,188,Javier Manquillo,ESP,DF,Celta Vigo,30-115,1994,1.3,0,0.0,0,0,0,0,0,0,0,0.0,0,0,0,0,0,0,Matches,ESP-LALIGA,24-25
133faa84,189,Marcão,BRA,DF,Sevilla,28-084,1996,0.4,0,0.0,0,0,0,0,0,0,0,0.0,0,0,0,0,0,0,Matches,ESP-LALIGA,24-25
44330c36,190,Alberto Marí,ESP,FW,Valencia,23-048,2001,0.1,1,12.86,1,0,0,0,0,0,0,0.0,0,0,0,0,0,0,Matches,ESP-LALIGA,24-25
f0da930c,191,José María Giménez,URU,DF,Atlético Madrid,29-221,1995,1.5,0,0.0,0,0,0,0,0,0,0,0.0,0,0,0,0,0,0,Matches,ESP-LALIGA,24-25
a83c19cf,192,Pablo Marín,ESP,MF,Real Sociedad,21-056,2003,0.1,0,0.0,0,0,0,0,0,0,0,0.0,0,0,0,0,0,0,Matches,ESP-LALIGA,24-25
e7630876,193,Mika Màrmol,ESP,DF,Las Palmas,22-057,2002,2.0,4,2.0,4,0,0,0,0,0,1,0.5,1,0,0,0,0,0,Matches,ESP-LALIGA,24-25
64035864,194,Carlos Martín,ESP,FW,Alavés,22-128,2002,0.3,0,0.0,0,0,0,0,0,0,0,0.0,0,0,0,0,0,0,Matches,ESP-LALIGA,24-25
b792c59d,195,Gerard Martín,ESP,DF,Barcelona,22-240,2002,1.0,4,3.91,4,0,0,0,0,0,0,0.0,0,0,0,0,0,0,Matches,ESP-LALIGA,24-25
ae48c5cb,196,Iván Martín,ESP,MF,Girona,25-196,1999,1.6,6,3.67,6,0,0,0,0,0,0,0.0,0,0,0,0,0,0,Matches,ESP-LALIGA,24-25
a9aff11a,197,Mario Martín,ESP,MF,Valladolid,20-176,2004,0.2,1,4.5,1,0,0,0,0,0,0,0.0,0,0,0,0,0,0,Matches,ESP-LALIGA,24-25
c3e66ffe,198,Arnau Martinez,ESP,DF,Girona,21-125,2003,2.0,3,1.5,3,0,0,0,0,0,0,0.0,0,0,0,0,0,0,Matches,ESP-LALIGA,24-25
3fc45c73,199,Iñigo Martínez,ESP,DF,Barcelona,33-103,1991,3.0,4,1.33,3,0,0,1,0,0,1,0.33,1,0,0,0,0,0,Matches,ESP-LALIGA,24-25
efaefda0,200,Marvin,ESP,"FW,DF",Las Palmas,24-056,2000,1.7,4,2.37,3,1,0,0,0,0,0,0.0,0,0,0,0,0,0,Matches,ESP-LALIGA,24-25
11fd2b75,201,Omar Mascarell,EQG,MF,Mallorca,31-208,1993,1.9,1,0.54,1,0,0,0,0,0,0,0.0,0,0,0,0,0,0,Matches,ESP-LALIGA,24-25
02319ad7,202,Jaime Mata,ESP,FW,Las Palmas,35-309,1988,0.9,0,0.0,0,0,0,0,0,0,0,0.0,0,0,0,0,0,0,Matches,ESP-LALIGA,24-25
42fd9c7f,203,Kylian Mbappé,FRA,FW,Real Madrid,25-252,1998,1.9,0,0.0,0,0,0,0,0,0,0,0.0,0,0,0,0,0,0,Matches,ESP-LALIGA,24-25
78b8ac63,204,Oliver McBurnie,SCO,FW,Las Palmas,28-085,1996,2.0,7,3.58,5,0,0,1,1,0,1,0.51,1,0,0,0,0,0,Matches,ESP-LALIGA,24-25
4e5a4cbc,205,Scott McKenna,SCO,DF,Las Palmas,27-290,1996,1.2,0,0.0,0,0,0,0,0,0,0,0.0,0,0,0,0,0,0,Matches,ESP-LALIGA,24-25
c9e39d91,206,Brais Méndez,ESP,MF,Real Sociedad,27-234,1997,1.7,2,1.16,2,0,0,0,0,0,0,0.0,0,0,0,0,0,0,Matches,ESP-LALIGA,24-25
3cefcaef,207,Ferland Mendy,FRA,DF,Real Madrid,29-081,1995,1.0,0,0.0,0,0,0,0,0,0,0,0.0,0,0,0,0,0,0,Matches,ESP-LALIGA,24-25
428a06a7,208,Víctor Meseguer,ESP,MF,Valladolid,25-080,1999,0.9,0,0.0,0,0,0,0,0,0,0,0.0,0,0,0,0,0,0,Matches,ESP-LALIGA,24-25
6763373d,209,Miguel,ESP,FW,Leganés,24-360,1999,1.9,3,1.61,0,0,0,0,3,0,0,0.0,0,0,0,0,0,0,Matches,ESP-LALIGA,24-25
2784f898,210,Éder Militão,BRA,DF,Real Madrid,26-223,1998,2.0,3,1.5,3,0,0,0,0,0,1,0.5,1,0,0,0,0,0,Matches,ESP-LALIGA,24-25
19c36442,211,Luis Milla,ESP,MF,Getafe,29-326,1994,2.0,9,4.5,3,5,0,0,1,0,1,0.5,0,1,0,0,0,0,Matches,ESP-LALIGA,24-25
335039a2,212,Pere Milla,ESP,MF,Espanyol,31-340,1992,0.7,1,1.5,1,0,0,0,0,0,0,0.0,0,0,0,0,0,0,Matches,ESP-LALIGA,24-25
056269d7,213,Óscar Mingueza,ESP,"DF,MF",Celta Vigo,25-107,1999,2.5,7,2.8,6,1,0,0,0,0,3,1.2,3,0,0,0,0,0,Matches,ESP-LALIGA,24-25
72e442c5,214,Bojan Miovski,MKD,FW,Girona,25-065,1999,0.4,1,2.81,0,0,0,1,0,0,0,0.0,0,0,0,0,0,0,Matches,ESP-LALIGA,24-25
bbf5c11b,215,Rafa Mir,ESP,"MF,FW",Valencia,27-071,1997,1.8,1,0.57,0,0,0,1,0,0,1,0.57,0,0,0,1,0,0,Matches,ESP-LALIGA,24-25
6025fab1,216,Luka Modrić,CRO,MF,Real Madrid,38-354,1985,0.6,4,7.2,4,0,0,0,0,0,1,1.8,1,0,0,0,0,0,Matches,ESP-LALIGA,24-25
608f2092,217,Johan Mojica,COL,DF,Mallorca,32-007,1992,3.0,9,3.0,8,0,1,0,0,0,0,0.0,0,0,0,0,0,0,Matches,ESP-LALIGA,24-25
c2c8897d,218,Alberto Moleiro,ESP,"FW,MF",Las Palmas,20-333,2003,1.7,8,4.77,6,0,2,0,0,0,0,0.0,0,0,0,0,0,0,Matches,ESP-LALIGA,24-25
23610943,219,Nahuel Molina,ARG,DF,Atlético Madrid,26-144,1998,0.4,0,0.0,0,0,0,0,0,0,0,0.0,0,0,0,0,0,0,Matches,ESP-LALIGA,24-25
9939e168,220,Jon Moncayola,ESP,MF,Osasuna,26-107,1998,1.5,6,4.0,5,1,0,0,0,0,0,0.0,0,0,0,0,0,0,Matches,ESP-LALIGA,24-25
81f0781e,221,Gerard Moreno,ESP,FW,Villarreal,32-143,1992,1.3,7,5.48,6,0,0,1,0,0,1,0.78,0,0,0,1,0,0,Matches,ESP-LALIGA,24-25
f4c69aa6,222,Ilaix Moriba,GUI,MF,Celta Vigo,21-222,2003,0.9,2,2.17,2,0,0,0,0,0,0,0.0,0,0,0,0,0,0,Matches,ESP-LALIGA,24-25
a0255c67,223,Manu Morlanes,ESP,MF,Mallorca,25-229,1999,1.3,6,4.5,6,0,0,0,0,0,0,0.0,0,0,0,0,0,0,Matches,ESP-LALIGA,24-25
919dd4b1,224,Raúl Moro,ESP,"FW,MF",Valladolid,21-267,2002,1.4,6,4.39,5,0,1,0,0,0,0,0.0,0,0,0,0,0,0,Matches,ESP-LALIGA,24-25
dc1ce4f5,225,Cristhian Mosquera,ESP,DF,Valencia,20-062,2004,2.0,0,0.0,0,0,0,0,0,0,0,0.0,0,0,0,0,0,0,Matches,ESP-LALIGA,24-25
5487adcd,226,Abdul Mumin,GHA,DF,Rayo Vallecano,26-083,1998,3.0,1,0.33,1,0,0,0,0,0,1,0.33,1,0,0,0,0,0,Matches,ESP-LALIGA,24-25
853f211e,227,Álex Muñoz,ESP,DF,Las Palmas,30-029,1994,1.6,3,1.87,3,0,0,0,0,0,0,0.0,0,0,0,0,0,0,Matches,ESP-LALIGA,24-25
175ece4c,228,Iker Muñoz,ESP,MF,Osasuna,21-297,2002,0.5,0,0.0,0,0,0,0,0,0,0,0.0,0,0,0,0,0,0,Matches,ESP-LALIGA,24-25
ec7c84c2,229,Javier Muñoz,ESP,MF,Las Palmas,29-182,1995,2.0,4,2.0,4,0,0,0,0,0,1,0.5,1,0,0,0,0,0,Matches,ESP-LALIGA,24-25
0cadc46d,230,Vedat Muriqi,KVX,FW,Mallorca,30-126,1994,2.9,8,2.76,5,0,1,2,0,0,0,0.0,0,0,0,0,0,0,Matches,ESP-LALIGA,24-25
94bccc82,231,Natan,BRA,DF,Betis,23-204,2001,0.1,0,0.0,0,0,0,0,0,0,0,0.0,0,0,0,0,0,0,Matches,ESP-LALIGA,24-25
3f10bd22,232,Jesús Navas,ESP,FW,Sevilla,38-281,1985,0.5,5,10.47,4,1,0,0,0,0,0,0.0,0,0,0,0,0,0,Matches,ESP-LALIGA,24-25
0ad37003,233,Yvan Neyou,CMR,MF,Leganés,27-238,1997,2.0,2,1.0,2,0,0,0,0,0,1,0.5,1,0,0,0,0,0,Matches,ESP-LALIGA,24-25
5853ac44,234,Tanguy Nianzou,FRA,DF,Sevilla,22-082,2002,1.0,1,1.0,1,0,0,0,0,0,0,0.0,0,0,0,0,0,0,Matches,ESP-LALIGA,24-25
c14bc029,235,Saúl Ñíguez,ESP,MF,Sevilla,29-281,1994,2.0,7,3.54,5,0,0,1,0,1,1,0.51,1,0,0,0,0,0,Matches,ESP-LALIGA,24-25
5458f670,236,Hugo Novoa,ESP,FW,Alavés,21-240,2003,0.4,2,5.45,2,0,0,0,0,0,0,0.0,0,0,0,0,0,0,Matches,ESP-LALIGA,24-25
a6103274,237,Randy Nteka,ANG,FW,Rayo Vallecano,26-266,1997,1.8,4,2.25,3,1,0,0,0,0,0,0.0,0,0,0,0,0,0,Matches,ESP-LALIGA,24-25
bdedffac,238,Ørjan Nyland,NOR,GK,Sevilla,33-353,1990,3.0,1,0.33,1,0,0,0,0,0,0,0.0,0,0,0,0,0,0,Matches,ESP-LALIGA,24-25
ee8508c0,239,Jan Oblak,SVN,GK,Atlético Madrid,31-234,1993,2.0,0,0.0,0,0,0,0,0,0,0,0.0,0,0,0,0,0,0,Matches,ESP-LALIGA,24-25
a08b974a,240,Lucas Ocampos,ARG,FW,Sevilla,30-048,1994,1.9,7,3.6,7,0,0,0,0,0,2,1.03,2,0,0,0,0,0,Matches,ESP-LALIGA,24-25
3d99999d,241,Olasagasti,ESP,MF,Real Sociedad,24-012,2000,0.3,0,0.0,0,0,0,0,0,0,0,0.0,0,0,0,0,0,0,Matches,ESP-LALIGA,24-25
a3e4bf46,242,Brian Oliván,ESP,"MF,DF",Espanyol,30-149,1994,0.3,1,3.91,0,1,0,0,0,0,0,0.0,0,0,0,0,0,0,Matches,ESP-LALIGA,24-25
5132b92c,243,Lucas Oliveira Rosa,BRA,DF,Valladolid,24-147,2000,2.0,3,1.5,2,1,0,0,0,0,0,0.0,0,0,0,0,0,0,Matches,ESP-LALIGA,24-25
ae44e8e2,244,Dani Olmo,ESP,MF,Barcelona,26-113,1998,0.5,3,6.0,3,0,0,0,0,0,0,0.0,0,0,0,0,0,0,Matches,ESP-LALIGA,24-25
7c363088,245,Aimar Oroz,ESP,"FW,MF",Osasuna,22-275,2001,1.9,9,4.85,6,0,0,2,1,0,1,0.54,0,0,0,1,0,0,Matches,ESP-LALIGA,24-25
349a7574,246,Gabriel Osei Misehouy,NED,"FW,MF",Girona,19-041,2005,0.2,1,4.29,1,0,0,0,0,0,0,0.0,0,0,0,0,0,0,Matches,ESP-LALIGA,24-25
c83e3553,247,David Otorbi,ESP,MF,Valencia,16-317,2007,0.2,0,0.0,0,0,0,0,0,0,0,0.0,0,0,0,0,0,0,Matches,ESP-LALIGA,24-25
8c3c640c,248,Mikel Oyarzabal,ESP,FW,Real Sociedad,27-129,1997,1.6,4,2.43,2,0,0,1,1,0,0,0.0,0,0,0,0,0,0,Matches,ESP-LALIGA,24-25
44150beb,249,Jon Pacheco,ESP,DF,Real Sociedad,23-233,2001,2.0,3,1.5,2,1,0,0,0,0,0,0.0,0,0,0,0,0,0,Matches,ESP-LALIGA,24-25
a275838a,250,Alex Padilla,ESP,GK,Athletic Club,20-362,2003,2.0,0,0.0,0,0,0,0,0,0,0,0.0,0,0,0,0,0,0,Matches,ESP-LALIGA,24-25
49dbab27,251,Isaac Palazón Camacho,ESP,"FW,MF",Rayo Vallecano,29-245,1994,2.3,6,2.6,3,1,0,1,1,0,0,0.0,0,0,0,0,0,0,Matches,ESP-LALIGA,24-25
b906757a,252,Aitor Paredes,ESP,DF,Athletic Club,24-121,2000,0.9,1,1.13,1,0,0,0,0,0,0,0.0,0,0,0,0,0,0,Matches,ESP-LALIGA,24-25
7460ca0d,253,Daniel Parejo,ESP,MF,Villarreal,35-134,1989,2.2,6,2.74,5,0,0,1,0,0,3,1.37,2,0,0,1,0,0,Matches,ESP-LALIGA,24-25
0d9b2d31,254,Pedri,ESP,MF,Barcelona,21-277,2002,2.3,12,5.24,12,0,0,0,0,0,1,0.44,1,0,0,0,0,0,Matches,ESP-LALIGA,24-25
112521d1,255,Adrià Pedrosa,ESP,DF,Sevilla,26-107,1998,3.0,5,1.67,3,1,1,0,0,0,0,0.0,0,0,0,0,0,0,Matches,ESP-LALIGA,24-25
1f079188,256,Rubén Peña,ESP,FW,Osasuna,33-041,1991,0.1,1,6.92,1,0,0,0,0,0,0,0.0,0,0,0,0,0,0,Matches,ESP-LALIGA,24-25
57e3f0c7,257,Nicolas Pépé,CIV,"FW,MF",Villarreal,29-091,1995,1.3,2,1.54,1,0,0,1,0,0,0,0.0,0,0,0,0,0,0,Matches,ESP-LALIGA,24-25
cb971b4f,258,Peque,ESP,FW,Sevilla,21-329,2002,0.1,0,0.0,0,0,0,0,0,0,0,0.0,0,0,0,0,0,0,Matches,ESP-LALIGA,24-25
819aa8e7,259,Ayoze Pérez,ESP,FW,Villarreal,31-030,1993,0.9,2,2.17,2,0,0,0,0,0,0,0.0,0,0,0,0,0,0,Matches,ESP-LALIGA,24-25
a8f21b9f,260,Carles Pérez,ESP,"FW,MF",Getafe,26-194,1998,1.4,5,3.6,3,1,1,0,0,0,0,0.0,0,0,0,0,0,0,Matches,ESP-LALIGA,24-25
237a3851,261,Kike Pérez,ESP,MF,Valladolid,27-196,1997,1.8,5,2.73,3,1,0,0,1,0,0,0.0,0,0,0,0,0,0,Matches,ESP-LALIGA,24-25
b7c04927,262,Luis Pérez,ESP,DF,Valladolid,29-206,1995,2.0,5,2.5,4,1,0,0,0,0,0,0.0,0,0,0,0,0,0,Matches,ESP-LALIGA,24-25
6dfd8f05,263,Romain Perraud,FRA,DF,Betis,26-341,1997,1.5,3,2.0,1,0,1,1,0,0,1,0.67,0,0,0,1,0,0,Matches,ESP-LALIGA,24-25
540ec57b,264,Yeremi Pino,ESP,MF,Villarreal,21-313,2002,1.6,6,3.72,4,0,2,0,0,0,0,0.0,0,0,0,0,0,0,Matches,ESP-LALIGA,24-25
1bda5842,265,Portu,ESP,"FW,MF",Girona,32-099,1992,1.1,2,1.84,2,0,0,0,0,0,0,0.0,0,0,0,0,0,0,Matches,ESP-LALIGA,24-25
1f60244a,266,Beñat Prados,ESP,MF,Athletic Club,23-202,2001,1.5,1,0.68,1,0,0,0,0,0,0,0.0,0,0,0,0,0,0,Matches,ESP-LALIGA,24-25
d1b060e2,267,Abdón Prats,ESP,FW,Mallorca,31-265,1992,0.2,0,0.0,0,0,0,0,0,0,0,0.0,0,0,0,0,0,0,Matches,ESP-LALIGA,24-25
2683eda7,268,Javi Puado,ESP,FW,Espanyol,26-095,1998,2.0,3,1.5,2,0,0,0,1,0,0,0.0,0,0,0,0,0,0,Matches,ESP-LALIGA,24-25
ea6a7ab4,269,Dani Raba,ESP,"MF,FW",Leganés,28-304,1995,1.0,8,8.09,3,1,1,1,0,2,0,0.0,0,0,0,0,0,0,Matches,ESP-LALIGA,24-25
b857bd29,270,Antonio Raillo,ESP,DF,Mallorca,32-325,1991,3.0,1,0.33,0,1,0,0,0,0,0,0.0,0,0,0,0,0,0,Matches,ESP-LALIGA,24-25
db714daf,271,Benito Ramírez,ESP,DF,Las Palmas,29-048,1995,0.1,0,0.0,0,0,0,0,0,0,0,0.0,0,0,0,0,0,0,Matches,ESP-LALIGA,24-25
833fb62e,272,Sandro Ramírez,ESP,FW,Las Palmas,29-050,1995,1.3,4,3.21,1,2,0,1,0,0,0,0.0,0,0,0,0,0,0,Matches,ESP-LALIGA,24-25
3423f250,273,Raphinha,BRA,"MF,FW",Barcelona,27-258,1996,3.0,12,4.0,7,3,1,0,1,0,3,1.0,2,0,0,0,1,0,Matches,ESP-LALIGA,24-25
b1b99435,274,Andrei Ratiu,ROU,DF,Rayo Vallecano,26-069,1998,0.9,2,2.28,0,2,0,0,0,0,0,0.0,0,0,0,0,0,0,Matches,ESP-LALIGA,24-25
18f0a9f0,275,Raúl,ESP,FW,Osasuna,23-299,2000,0.1,0,0.0,0,0,0,0,0,0,0,0.0,0,0,0,0,0,0,Matches,ESP-LALIGA,24-25
374ee424,276,Álex Remiro,ESP,GK,Real Sociedad,29-157,1995,2.0,0,0.0,0,0,0,0,0,0,0,0.0,0,0,0,0,0,0,Matches,ESP-LALIGA,24-25
d9ba39fc,277,Diego Rico,ESP,DF,Getafe,31-187,1993,2.0,4,2.0,2,2,0,0,0,0,0,0.0,0,0,0,0,0,0,Matches,ESP-LALIGA,24-25
eb3dd471,278,Luis Rioja,ESP,FW,Alavés,30-317,1993,0.3,1,3.91,1,0,0,0,0,0,0,0.0,0,0,0,0,0,0,Matches,ESP-LALIGA,24-25
eb3dd471,279,Luis Rioja,ESP,MF,Valencia,30-317,1993,0.3,1,3.0,1,0,0,0,0,0,0,0.0,0,0,0,0,0,0,Matches,ESP-LALIGA,24-25
65154df0,280,Rodrigo Riquelme,ESP,DF,Atlético Madrid,24-148,2000,0.6,2,3.16,2,0,0,0,0,0,0,0.0,0,0,0,0,0,0,Matches,ESP-LALIGA,24-25
36286814,281,Alberto Risco,ESP,FW,Getafe,18-364,2005,0.2,0,0.0,0,0,0,0,0,0,0,0.0,0,0,0,0,0,0,Matches,ESP-LALIGA,24-25
da27e268,282,Marc Roca,ESP,MF,Betis,27-276,1996,1.8,4,2.17,4,0,0,0,0,0,0,0.0,0,0,0,0,0,0,Matches,ESP-LALIGA,24-25
85bed4ee,283,Rodri,ESP,FW,Betis,24-104,2000,0.5,4,7.66,1,1,0,1,0,1,0,0.0,0,0,0,0,0,0,Matches,ESP-LALIGA,24-25
19709006,284,Óscar Rodríguez Arnaiz,ESP,MF,Leganés,26-061,1998,1.0,6,6.28,3,0,1,0,1,1,2,2.09,1,0,0,0,0,1,Matches,ESP-LALIGA,24-25
22371dee,285,Damián Rodríguez,ESP,MF,Celta Vigo,21-164,2003,3.0,5,1.67,3,2,0,0,0,0,1,0.33,1,0,0,0,0,0,Matches,ESP-LALIGA,24-25
70f8e0bd,286,Dani Rodríguez,ESP,FW,Mallorca,36-083,1988,1.9,6,3.18,2,3,0,0,1,0,2,1.06,1,1,0,0,0,0,Matches,ESP-LALIGA,24-25
08ec5e71,287,Javi Rodríguez,ESP,DF,Celta Vigo,21-063,2003,1.3,2,1.51,1,0,0,0,1,0,0,0.0,0,0,0,0,0,0,Matches,ESP-LALIGA,24-25
9b130479,288,Kirian Rodríguez,ESP,MF,Las Palmas,28-176,1996,2.0,2,1.03,2,0,0,0,0,0,0,0.0,0,0,0,0,0,0,Matches,ESP-LALIGA,24-25
7f78ad23,289,Ricardo Rodríguez,SUI,DF,Betis,32-003,1992,0.5,1,2.0,1,0,0,0,0,0,0,0.0,0,0,0,0,0,0,Matches,ESP-LALIGA,24-25
8f5e92a6,290,Rodrygo,BRA,FW,Real Madrid,23-232,2001,1.8,5,2.85,5,0,0,0,0,0,1,0.57,1,0,0,0,0,0,Matches,ESP-LALIGA,24-25
924ff27e,291,Leo Román,ESP,GK,Mallorca,24-053,2000,1.0,0,0.0,0,0,0,0,0,0,0,0.0,0,0,0,0,0,0,Matches,ESP-LALIGA,24-25
23cbf863,292,Carlos Romero,ESP,DF,Espanyol,22-304,2001,2.0,9,4.6,5,2,2,0,0,0,0,0.0,0,0,0,0,0,0,Matches,ESP-LALIGA,24-25
be719093,293,Isaac Romero,ESP,FW,Sevilla,24-102,2000,2.1,5,2.41,3,0,1,0,1,0,1,0.48,1,0,0,0,0,0,Matches,ESP-LALIGA,24-25
ca6edaa0,294,Luka Romero,ARG,"FW,MF",Alavés,19-284,2004,1.0,1,1.03,1,0,0,0,0,0,0,0.0,0,0,0,0,0,0,Matches,ESP-LALIGA,24-25
4b511457,295,Oriol Romeu,ESP,MF,Girona,32-339,1991,1.4,1,0.73,1,0,0,0,0,0,0,0.0,0,0,0,0,0,0,Matches,ESP-LALIGA,24-25
9b6d9b53,296,Valentin Rosier,FRA,DF,Leganés,28-009,1996,2.0,1,0.5,0,1,0,0,0,0,0,0.0,0,0,0,0,0,0,Matches,ESP-LALIGA,24-25
18b896d6,297,Antonio Rüdiger,GER,DF,Real Madrid,31-178,1993,2.0,3,1.5,2,0,0,1,0,0,0,0.0,0,0,0,0,0,0,Matches,ESP-LALIGA,24-25
a55d8df5,298,Aitor Ruibal,ESP,FW,Betis,28-159,1996,1.5,8,5.5,8,0,0,0,0,0,0,0.0,0,0,0,0,0,0,Matches,ESP-LALIGA,24-25
6cbf8d0d,299,Abel Ruiz,ESP,FW,Girona,24-213,2000,1.5,0,0.0,0,0,0,0,0,0,0,0.0,0,0,0,0,0,0,Matches,ESP-LALIGA,24-25
fbbb9269,300,Youssouf Sabaly,SEN,DF,Betis,31-176,1993,2.0,2,1.0,2,0,0,0,0,0,0,0.0,0,0,0,0,0,0,Matches,ESP-LALIGA,24-25
686cbe7d,301,Umar Sadiq,NGA,FW,Real Sociedad,27-208,1997,0.3,0,0.0,0,0,0,0,0,0,0,0.0,0,0,0,0,0,0,Matches,ESP-LALIGA,24-25
0a69de7b,302,Kike Salas,ESP,DF,Sevilla,22-127,2002,0.9,1,1.07,1,0,0,0,0,0,0,0.0,0,0,0,0,0,0,Matches,ESP-LALIGA,24-25
1b4f1169,303,Albert Sambi Lokonga,BEL,MF,Sevilla,24-311,1999,0.7,1,1.45,1,0,0,0,0,0,0,0.0,0,0,0,0,0,0,Matches,ESP-LALIGA,24-25
0525a80f,304,Chuky san jose,ESP,MF,Valladolid,20-121,2004,0.1,0,0.0,0,0,0,0,0,0,0,0.0,0,0,0,0,0,0,Matches,ESP-LALIGA,24-25
bdb624a3,305,Oihan Sancet,ESP,MF,Athletic Club,24-125,2000,1.7,0,0.0,0,0,0,0,0,0,0,0.0,0,0,0,0,0,0,Matches,ESP-LALIGA,24-25
a254bbe0,306,Antonio Sánchez,ESP,FW,Mallorca,27-240,1997,1.1,3,2.7,2,0,0,1,0,0,0,0.0,0,0,0,0,0,0,Matches,ESP-LALIGA,24-25
70107d4d,307,Iván Sánchez,ESP,"MF,FW",Valladolid,31-340,1992,1.2,2,1.62,2,0,0,0,0,0,0,0.0,0,0,0,0,0,0,Matches,ESP-LALIGA,24-25
60359288,308,Javi Sánchez,ESP,DF,Valladolid,27-167,1997,0.7,2,2.95,2,0,0,0,0,0,0,0.0,0,0,0,0,0,0,Matches,ESP-LALIGA,24-25
cc6de655,309,Juanlu Sánchez,ESP,MF,Sevilla,21-013,2003,2.0,6,3.0,6,0,0,0,0,0,0,0.0,0,0,0,0,0,0,Matches,ESP-LALIGA,24-25
ffacd3d5,310,Manu Sánchez,ESP,DF,Alavés,24-004,2000,1.0,1,1.0,1,0,0,0,0,0,0,0.0,0,0,0,0,0,0,Matches,ESP-LALIGA,24-25
bc49fd34,311,Jesús Santiago,ESP,MF,Getafe,20-095,2004,0.4,0,0.0,0,0,0,0,0,0,0,0.0,0,0,0,0,0,0,Matches,ESP-LALIGA,24-25
a35134ae,312,Aleksandar Sedlar,SRB,DF,Alavés,32-259,1991,0.9,0,0.0,0,0,0,0,0,0,0,0.0,0,0,0,0,0,0,Matches,ESP-LALIGA,24-25
65ac6ea0,313,Sergi,ESP,DF,Leganés,32-130,1992,2.0,2,1.0,2,0,0,0,0,0,1,0.5,1,0,0,0,0,0,Matches,ESP-LALIGA,24-25
ea83bfa6,314,Rui Silva,POR,GK,Betis,30-203,1994,2.0,0,0.0,0,0,0,0,0,0,0,0.0,0,0,0,0,0,0,Matches,ESP-LALIGA,24-25
b4819112,315,Jailson Siqueira,BRA,"DF,MF",Celta Vigo,28-356,1995,2.5,1,0.4,0,0,0,1,0,0,0,0.0,0,0,0,0,0,0,Matches,ESP-LALIGA,24-25
9970da54,316,Antonio Sivera,ESP,GK,Alavés,28-017,1996,2.0,1,0.5,0,1,0,0,0,0,0,0.0,0,0,0,0,0,0,Matches,ESP-LALIGA,24-25
5fa714d5,317,Alex Sola,ESP,"MF,FW",Getafe,25-080,1999,1.7,5,2.96,3,0,2,0,0,0,0,0.0,0,0,0,0,0,0,Matches,ESP-LALIGA,24-25
1282939a,318,Jhon Solis,COL,MF,Girona,19-330,2004,0.6,0,0.0,0,0,0,0,0,0,0,0.0,0,0,0,0,0,0,Matches,ESP-LALIGA,24-25
8f8c6934,319,David Soria,ESP,GK,Getafe,31-146,1993,2.0,0,0.0,0,0,0,0,0,0,0,0.0,0,0,0,0,0,0,Matches,ESP-LALIGA,24-25
5512b1a9,320,Juan Soriano,ESP,GK,Leganés,27-005,1997,2.0,0,0.0,0,0,0,0,0,0,0,0.0,0,0,0,0,0,0,Matches,ESP-LALIGA,24-25
4c6facae,321,Djibril Sow,SUI,"MF,FW",Sevilla,27-204,1997,2.2,9,4.05,8,0,0,1,0,0,0,0.0,0,0,0,0,0,0,Matches,ESP-LALIGA,24-25
5cfec13d,322,Carl Starfelt,SWE,DF,Celta Vigo,29-088,1995,1.7,1,0.6,1,0,0,0,0,0,0,0.0,0,0,0,0,0,0,Matches,ESP-LALIGA,24-25
4e257184,323,Stoichkov,ESP,"FW,MF",Alavés,30-297,1993,0.9,5,5.42,2,0,1,0,1,1,0,0.0,0,0,0,0,0,0,Matches,ESP-LALIGA,24-25
220c11f1,324,Cristhian Stuani,URU,FW,Girona,37-321,1986,0.1,0,0.0,0,0,0,0,0,0,0,0.0,0,0,0,0,0,0,Matches,ESP-LALIGA,24-25
9c137b36,325,Álex Suárez,ESP,DF,Las Palmas,31-163,1993,1.7,0,0.0,0,0,0,0,0,0,0,0.0,0,0,0,0,0,0,Matches,ESP-LALIGA,24-25
1e1378e1,326,Luka Sučić,CRO,FW,Real Sociedad,21-355,2002,0.1,1,11.25,1,0,0,0,0,0,1,11.25,1,0,0,0,0,0,Matches,ESP-LALIGA,24-25
184fe4b2,327,Williot Swedberg,SWE,"FW,DF",Celta Vigo,20-209,2004,1.4,4,2.77,2,0,1,1,0,0,1,0.69,1,0,0,0,0,0,Matches,ESP-LALIGA,24-25
e5ec95f8,328,Mamadou Sylla,SEN,FW,Valladolid,30-161,1994,1.2,1,0.82,0,0,0,1,0,0,0,0.0,0,0,0,0,0,0,Matches,ESP-LALIGA,24-25
e92cd3f7,329,Alexander Sørloth,NOR,FW,Atlético Madrid,28-267,1995,0.6,0,0.0,0,0,0,0,0,0,0,0.0,0,0,0,0,0,0,Matches,ESP-LALIGA,24-25
34269bdf,330,Renato Tapia,PER,MF,Leganés,29-031,1995,0.4,0,0.0,0,0,0,0,0,0,0,0.0,0,0,0,0,0,0,Matches,ESP-LALIGA,24-25
4f255115,331,Aurélien Tchouaméni,FRA,MF,Real Madrid,24-214,2000,1.7,2,1.18,2,0,0,0,0,0,0,0.0,0,0,0,0,0,0,Matches,ESP-LALIGA,24-25
868ce848,332,Álvaro Tejero,ESP,"MF,DF",Espanyol,28-039,1996,0.8,2,2.47,2,0,0,0,0,0,0,0.0,0,0,0,0,0,0,Matches,ESP-LALIGA,24-25
f99cc198,333,Martín Tejón,ESP,"DF,MF",Valencia,20-138,2004,0.3,0,0.0,0,0,0,0,0,0,0,0.0,0,0,0,0,0,0,Matches,ESP-LALIGA,24-25
66654daa,334,Nahuel Tenaglia,ARG,DF,Alavés,28-189,1996,2.0,0,0.0,0,0,0,0,0,0,0,0.0,0,0,0,0,0,0,Matches,ESP-LALIGA,24-25
6f51e382,335,Marc-André ter Stegen,GER,GK,Barcelona,32-120,1992,3.0,0,0.0,0,0,0,0,0,0,0,0.0,0,0,0,0,0,0,Matches,ESP-LALIGA,24-25
f36016a5,336,Ramón Terrats,ESP,MF,Villarreal,23-315,2000,0.0,0,0.0,0,0,0,0,0,0,0,0.0,0,0,0,0,0,0,Matches,ESP-LALIGA,24-25
381dbcfc,337,David Torres,ESP,DF,Valladolid,21-176,2003,0.1,0,0.0,0,0,0,0,0,0,0,0.0,0,0,0,0,0,0,Matches,ESP-LALIGA,24-25
9e1035f8,338,Ferrán Torres,ESP,FW,Barcelona,24-181,2000,1.9,5,2.65,3,1,1,0,0,0,1,0.53,1,0,0,0,0,0,Matches,ESP-LALIGA,24-25
0e4fef6e,339,Lucas Torró,ESP,MF,Osasuna,30-040,1994,2.0,2,1.0,1,0,0,1,0,0,0,0.0,0,0,0,0,0,0,Matches,ESP-LALIGA,24-25
a4b1028a,340,Hamari Traoré,MLI,DF,Real Sociedad,32-214,1992,1.7,3,1.73,3,0,0,0,0,0,1,0.58,1,0,0,0,0,0,Matches,ESP-LALIGA,24-25
fc647b34,341,Óscar Trejo,ARG,MF,Rayo Vallecano,36-124,1988,0.7,0,0.0,0,0,0,0,0,0,0,0.0,0,0,0,0,0,0,Matches,ESP-LALIGA,24-25
f7e87032,342,Viktor Tsyhankov,UKR,FW,Girona,26-287,1997,0.7,3,4.03,2,1,0,0,0,0,0,0.0,0,0,0,0,0,0,Matches,ESP-LALIGA,24-25
068f4dec,343,Beñat Turrientes,ESP,MF,Real Sociedad,22-210,2002,1.5,1,0.68,1,0,0,0,0,0,0,0.0,0,0,0,0,0,0,Matches,ESP-LALIGA,24-25
87941696,344,Chrisantus Uche,NGA,FW,Getafe,21-101,2003,2.0,1,0.5,0,0,0,0,1,0,0,0.0,0,0,0,0,0,0,Matches,ESP-LALIGA,24-25
592f3158,345,Óscar Valentín,ESP,MF,Rayo Vallecano,30-008,1994,2.7,1,0.36,1,0,0,0,0,0,0,0.0,0,0,0,0,0,0,Matches,ESP-LALIGA,24-25
f2c6ac01,346,Martin Valjent,SVK,DF,Mallorca,28-261,1995,3.0,2,0.67,2,0,0,0,0,0,0,0.0,0,0,0,0,0,0,Matches,ESP-LALIGA,24-25
0959c2a2,347,Federico Valverde,URU,MF,Real Madrid,26-037,1998,2.0,6,3.0,6,0,0,0,0,0,0,0.0,0,0,0,0,0,0,Matches,ESP-LALIGA,24-25
27dc1378,348,José Luis García Vayá,ESP,MF,Valencia,26-017,1998,2.0,5,2.5,1,4,0,0,0,0,0,0.0,0,0,0,0,0,0,Matches,ESP-LALIGA,24-25
106c142c,349,Jesus Vazquez,ESP,DF,Valencia,21-239,2003,1.8,1,0.54,1,0,0,0,0,0,1,0.54,1,0,0,0,0,0,Matches,ESP-LALIGA,24-25
fd51b456,350,Lucas Vázquez,ESP,DF,Real Madrid,33-058,1991,0.0,0,0.0,0,0,0,0,0,0,0,0.0,0,0,0,0,0,0,Matches,ESP-LALIGA,24-25
3f7bafbe,351,Alejo Véliz,ARG,FW,Espanyol,20-344,2003,1.8,1,0.57,0,0,0,1,0,0,0,0.0,0,0,0,0,0,0,Matches,ESP-LALIGA,24-25
b0fce72c,352,Mikel Vesga,ESP,MF,Athletic Club,31-099,1993,1.3,0,0.0,0,0,0,0,0,0,0,0.0,0,0,0,0,0,0,Matches,ESP-LALIGA,24-25
90df343e,353,Carlos Vicente,ESP,"DF,MF",Alavés,25-127,1999,2.0,2,1.02,2,0,0,0,0,0,0,0.0,0,0,0,0,0,0,Matches,ESP-LALIGA,24-25
e6e7c819,354,Pau Victor Delgado,ESP,FW,Barcelona,22-276,2001,0.1,2,25.71,2,0,0,0,0,0,0,0.0,0,0,0,0,0,0,Matches,ESP-LALIGA,24-25
3a9c4b7b,355,Nacho Vidal,ESP,DF,Osasuna,29-217,1995,0.1,0,0.0,0,0,0,0,0,0,0,0.0,0,0,0,0,0,0,Matches,ESP-LALIGA,24-25
57be54ec,356,Asier Villalibre,ESP,FW,Alavés,26-333,1997,0.1,0,0.0,0,0,0,0,0,0,0,0.0,0,0,0,0,0,0,Matches,ESP-LALIGA,24-25
cde52ef5,357,Iván Villar,ESP,GK,Celta Vigo,27-050,1997,3.0,0,0.0,0,0,0,0,0,0,0,0.0,0,0,0,0,0,0,Matches,ESP-LALIGA,24-25
c56a2d27,358,Viti,ESP,DF,Las Palmas,26-347,1997,0.5,1,2.2,1,0,0,0,0,0,0,0.0,0,0,0,0,0,0,Matches,ESP-LALIGA,24-25
ab7bf91d,359,Daniel Vivian,ESP,DF,Athletic Club,25-044,1999,1.1,2,1.8,2,0,0,0,0,0,0,0.0,0,0,0,0,0,0,Matches,ESP-LALIGA,24-25
6a99e0b1,360,Iñaki Williams,GHA,FW,Athletic Club,30-074,1994,1.9,1,0.54,1,0,0,0,0,0,0,0.0,0,0,0,0,0,0,Matches,ESP-LALIGA,24-25
afdc14d7,361,Nico Williams,ESP,FW,Athletic Club,22-047,2002,1.2,6,4.95,4,0,2,0,0,0,1,0.83,1,0,0,0,0,0,Matches,ESP-LALIGA,24-25
5dfc6ad5,362,Axel Witsel,BEL,DF,Atlético Madrid,35-229,1989,0.5,0,0.0,0,0,0,0,0,0,0,0.0,0,0,0,0,0,0,Matches,ESP-LALIGA,24-25
82ec26c1,363,Lamine Yamal,ESP,FW,Barcelona,17-046,2007,2.9,24,8.21,14,0,5,3,2,0,3,1.03,1,0,1,1,0,0,Matches,ESP-LALIGA,24-25
a96103b2,364,Bryan Zaragoza,ESP,MF,Osasuna,23-125,2001,1.3,7,5.21,3,1,2,0,1,0,0,0.0,0,0,0,0,0,0,Matches,ESP-LALIGA,24-25
3ee0dd59,365,Martín Zubimendi,ESP,MF,Real Sociedad,25-208,1999,1.5,0,0.0,0,0,0,0,0,0,0,0.0,0,0,0,0,0,0,Matches,ESP-LALIGA,24-25
