id,Unnamed: 0_level_0,Unnamed: 1_level_0,Unnamed: 2_level_0,Unnamed: 3_level_0,Unnamed: 4_level_0,Unnamed: 5_level_0,Unnamed: 6_level_0,Unnamed: 7_level_0,Touches,Touches,Touches,Touches,Touches,Touches,Touches,Take-Ons,Take-Ons,Take-Ons,Take-Ons,Take-Ons,Carries,Carries,Carries,Carries,Carries,Carries,Carries,Carries,Receiving,Receiving,Unnamed: 30_level_0,Unnamed: league,Unnamed: season
,Rk,Player,Nation,Pos,Squad,Age,Born,90s,Touches,Def Pen,Def 3rd,Mid 3rd,Att 3rd,Att Pen,Live,Att,Succ,Succ%,Tkld,Tkld%,Carries,TotDist,PrgDist,PrgC,1/3,CPA,Mis,Dis,Rec,PrgR,Matches,league,season
f586779e,1,Tammy Abraham,ENG,FW,Chelsea,21,1997,6.3,200,13,17,104,82,38,200,8,3,37.5,5,62.5,88,354,143,3,5,2,20,11,132,25,Matches,UCL,19-20
2b09d998,2,Tyler Adams,USA,"MF,DF",RB Leipzig,20,1999,0.9,92,4,22,46,24,1,92,2,2,100.0,0,0.0,53,216,93,0,3,0,1,0,66,4,Matches,UCL,19-20
ee926a02,3,Arijan Ademi,MKD,"MF,DF",Dinamo Zagreb,28,1991,5.7,220,14,55,137,33,11,220,10,7,70.0,3,30.0,123,755,406,11,6,3,6,2,129,10,Matches,UCL,19-20
f76e6b4e,4,Adrián,ESP,GK,Liverpool,32,1987,3.3,105,89,103,2,0,0,105,0,0,,0,,51,199,119,0,0,0,0,0,49,0,Matches,UCL,19-20
4d034881,5,Sergio Agüero,ARG,FW,Manchester City,31,1988,2.2,77,1,4,25,48,23,76,8,4,50.0,4,50.0,56,276,109,5,3,4,3,6,62,16,Matches,UCL,19-20
89ac64a6,6,Manuel Akanji,SUI,DF,Dortmund,24,1995,5.8,446,37,197,231,20,2,446,2,1,50.0,1,50.0,264,1398,793,5,5,0,3,2,321,1,Matches,UCL,19-20
05439de2,7,David Alaba,AUT,DF,Bayern Munich,27,1992,7.5,639,39,251,357,32,2,639,2,2,100.0,0,0.0,473,2422,1391,11,3,1,2,0,510,6,Matches,UCL,19-20
834d0be5,8,Lucas Alario,ARG,FW,Leverkusen,26,1992,2.4,71,2,5,35,32,13,71,3,2,66.7,1,33.3,49,229,68,4,1,0,6,2,53,11,Matches,UCL,19-20
4601e194,9,Jordi Alba,ESP,DF,Barcelona,30,1989,3.9,265,13,75,125,67,6,265,3,1,33.3,2,66.7,144,565,261,2,4,0,2,2,178,21,Matches,UCL,19-20
a7a9d95a,10,Paco Alcácer,ESP,FW,Dortmund,25,1993,1.3,32,2,3,14,15,5,32,1,1,100.0,0,0.0,17,56,6,0,0,0,1,1,19,3,Matches,UCL,19-20
77e84962,11,Thiago Alcántara,ESP,MF,Bayern Munich,28,1991,9.1,921,17,173,612,143,11,921,16,13,81.3,3,18.8,574,2464,1203,13,12,1,12,7,685,11,Matches,UCL,19-20
f7d50789,12,Toby Alderweireld,BEL,DF,Tottenham,30,1989,6.0,401,67,220,181,3,0,401,0,0,,0,,278,950,391,0,0,0,1,0,280,1,Matches,UCL,19-20
6c811eb7,13,Carles Aleñá,ESP,MF,Barcelona,21,1998,1.0,103,0,17,72,16,1,103,3,3,100.0,0,0.0,85,295,156,1,2,0,2,1,93,5,Matches,UCL,19-20
cd1acf9d,14,Trent Alexander-Arnold,ENG,DF,Liverpool,20,1998,6.5,795,14,146,414,241,6,795,8,3,37.5,5,62.5,480,1706,1033,10,11,1,6,1,537,43,Matches,UCL,19-20
7a2e46a8,15,Alisson,BRA,GK,Liverpool,26,1992,5.0,181,132,178,4,0,0,181,0,0,,0,,123,513,356,0,0,0,1,0,91,0,Matches,UCL,19-20
cc700722,16,Allan,BRA,MF,Napoli,28,1991,4.9,344,16,99,210,37,0,344,11,7,63.6,4,36.4,163,677,278,0,3,0,9,11,222,1,Matches,UCL,19-20
cea4ee8f,17,Dele Alli,ENG,"MF,FW",Tottenham,23,1996,5.7,303,5,24,165,115,17,303,17,6,35.3,11,64.7,206,958,390,14,10,2,16,13,217,35,Matches,UCL,19-20
67b3d74b,18,André Almeida,POR,DF,Benfica,28,1990,1.0,64,8,25,26,14,1,64,2,0,0.0,2,100.0,24,106,64,0,0,0,1,2,30,2,Matches,UCL,19-20
f4290206,19,Marcos Alonso,ESP,DF,Chelsea,28,1990,4.4,346,9,100,142,107,17,346,5,3,60.0,2,40.0,195,961,524,9,10,2,5,7,207,39,Matches,UCL,19-20
8ce30c57,20,Éder Álvarez Balanta,COL,MF,Club Brugge,26,1993,3.2,188,2,43,116,33,2,188,2,2,100.0,0,0.0,119,584,298,7,5,0,6,3,113,3,Matches,UCL,19-20
8b3ab7ad,21,Edson Álvarez,MEX,MF,Ajax,21,1997,4.2,296,14,77,169,53,12,296,0,0,,0,,202,1019,496,2,6,1,5,3,213,2,Matches,UCL,19-20
555d5edd,22,Nadiem Amiri,GER,"FW,MF",Leverkusen,22,1996,2.6,180,2,29,96,60,4,180,8,6,75.0,2,25.0,120,559,265,9,5,0,5,4,126,14,Matches,UCL,19-20
10b9fa99,23,Ethan Ampadu,WAL,DF,RB Leipzig,18,2000,2.0,224,14,86,136,2,0,224,0,0,,0,,149,859,552,2,0,0,0,0,175,0,Matches,UCL,19-20
e34fc66d,24,Joachim Andersen,DEN,DF,Lyon,23,1996,4.4,297,54,156,136,8,2,297,1,1,100.0,0,0.0,154,614,286,0,0,0,1,0,170,0,Matches,UCL,19-20
dc008610,25,Florin Andone,ROU,FW,Galatasaray,26,1993,1.8,58,1,4,27,27,10,58,3,1,33.3,2,66.7,32,261,56,5,2,4,5,1,41,8,Matches,UCL,19-20
ef9c1c95,26,Benjamin André,FRA,MF,Lille,28,1990,4.5,255,12,48,152,59,13,255,4,3,75.0,1,25.0,102,427,175,3,5,0,8,6,138,8,Matches,UCL,19-20
b35db3f6,27,Miguel Ángel Guerrero,ESP,FW,Olympiacos,29,1990,3.5,106,8,12,60,34,10,106,2,1,50.0,1,50.0,54,277,126,4,4,1,7,5,77,16,Matches,UCL,19-20
30941e96,28,Angeliño,ESP,"DF,MF",RB Leipzig,22,1997,4.0,271,4,51,119,103,18,271,6,5,83.3,1,16.7,147,580,322,9,8,4,5,2,182,37,Matches,UCL,19-20
30941e96,29,Angeliño,ESP,DF,Manchester City,22,1997,1.0,88,1,14,40,34,0,88,1,0,0.0,1,100.0,67,262,168,2,7,0,0,0,66,2,Matches,UCL,19-20
108fe016,30,Marcos Antônio,BRA,MF,Shakhtar,19,2000,0.3,30,0,10,17,4,0,30,0,0,,0,,23,81,32,0,0,0,2,0,21,0,Matches,UCL,19-20
a5db0bec,31,Houssem Aouar,ALG,"MF,FW",Lyon,21,1998,7.9,433,4,63,247,132,23,433,58,35,60.3,23,39.7,311,2007,1158,33,17,12,22,24,333,35,Matches,UCL,19-20
c63f6e46,32,Youssef El-Arabi,MAR,FW,Olympiacos,32,1987,3.1,100,1,5,63,32,10,99,8,2,25.0,6,75.0,56,270,66,1,1,1,8,4,71,13,Matches,UCL,19-20
56413b1f,33,Charles Aránguiz,CHI,MF,Leverkusen,30,1989,4.6,425,10,74,261,95,10,425,8,3,37.5,5,62.5,230,918,407,4,7,3,6,4,320,7,Matches,UCL,19-20
fa18c72e,34,Luiz Araújo,BRA,"FW,MF",Lille,23,1996,3.1,125,2,11,69,48,7,125,13,8,61.5,5,38.5,86,603,330,7,8,2,7,6,95,7,Matches,UCL,19-20
2f965a72,35,Alphonse Areola,FRA,GK,Real Madrid,26,1993,1.5,61,49,60,1,0,0,61,0,0,,0,,25,147,99,0,0,0,0,0,29,0,Matches,UCL,19-20
fdd60087,36,Santiago Arias,COL,DF,Atlético Madrid,27,1992,2.0,163,8,29,69,66,6,163,1,0,0.0,1,100.0,91,420,235,5,6,1,0,2,104,25,Matches,UCL,19-20
28d596a0,37,Kepa Arrizabalaga,ESP,GK,Chelsea,24,1994,6.0,189,163,188,1,0,0,189,0,0,,0,,95,484,316,0,0,0,0,0,86,0,Matches,UCL,19-20
089550f5,38,Kwadwo Asamoah,GHA,"FW,DF",Inter,30,1988,2.9,119,6,40,49,30,0,119,2,1,50.0,1,50.0,63,293,132,3,1,1,3,2,73,7,Matches,UCL,19-20
45af8a54,39,Marco Asensio,ESP,FW,Real Madrid,23,1996,0.3,16,0,1,8,7,2,16,1,0,0.0,1,100.0,11,64,28,1,1,1,0,0,15,2,Matches,UCL,19-20
552e00b9,40,Majeed Ashimeru,GHA,MF,RB Salzburg,21,1997,0.7,46,1,4,28,14,0,46,0,0,,0,,27,124,41,1,0,0,0,3,38,1,Matches,UCL,19-20
8f5bfaac,41,Iyayi Atiemwen,NGA,FW,Dinamo Zagreb,23,1996,0.1,5,0,1,2,2,0,5,0,0,,0,,2,25,0,0,1,0,2,1,3,1,Matches,UCL,19-20
5c2b4f07,42,Serge Aurier,CIV,DF,Tottenham,26,1992,5.0,329,17,76,153,101,8,329,14,5,35.7,9,64.3,199,765,366,13,11,3,7,13,203,34,Matches,UCL,19-20
10549b49,43,Sardar Azmoun,IRN,FW,Zenit,24,1995,5.1,174,9,24,81,72,18,174,10,5,50.0,5,50.0,98,546,254,11,9,8,14,4,128,26,Matches,UCL,19-20
53cad200,44,César Azpilicueta,ESP,DF,Chelsea,29,1989,6.8,529,19,150,243,138,14,529,2,1,50.0,1,50.0,278,1211,765,17,12,3,3,2,329,48,Matches,UCL,19-20
6438d426,45,Ryan Babel,NED,FW,Galatasaray,32,1986,3.7,163,3,14,79,71,5,163,8,5,62.5,3,37.5,108,546,169,7,5,0,17,8,133,18,Matches,UCL,19-20
3a233281,46,Leon Bailey,JAM,"FW,MF",Leverkusen,21,1997,1.3,76,0,11,30,37,7,76,9,5,55.6,4,44.4,51,299,135,5,2,1,5,4,56,14,Matches,UCL,19-20
a58bb1e1,47,Gareth Bale,WAL,"FW,MF",Real Madrid,30,1989,1.3,60,1,5,23,32,4,60,3,2,66.7,1,33.3,41,234,102,3,2,2,4,1,48,15,Matches,UCL,19-20
7c3ed041,48,Leonardo Balerdi,ARG,MF,Dortmund,20,1999,0.1,1,0,1,0,0,0,1,0,0,,0,,0,0,0,0,0,0,0,0,0,0,Matches,UCL,19-20
b2bd0f6c,49,Jonathan Bamba,CIV,"FW,MF",Lille,23,1996,3.1,166,1,24,60,86,13,166,9,7,77.8,2,22.2,90,618,336,9,3,3,11,6,109,29,Matches,UCL,19-20
6928979a,50,Nicolò Barella,ITA,MF,Inter,22,1997,3.2,171,6,44,99,31,5,171,8,5,62.5,3,37.5,102,548,246,3,1,1,6,5,113,12,Matches,UCL,19-20
d7c09951,51,Dmitri Barinov,RUS,MF,Loko Moscow,22,1996,5.0,201,12,53,117,31,3,201,2,2,100.0,0,0.0,96,313,116,1,2,0,6,1,108,7,Matches,UCL,19-20
3a24769f,52,Ross Barkley,ENG,"FW,MF",Chelsea,25,1993,1.8,56,1,12,26,20,6,55,8,4,50.0,4,50.0,47,275,128,5,5,2,2,3,44,8,Matches,UCL,19-20
8e7f49d3,53,Wílmar Barrios,COL,MF,Zenit,25,1993,6.0,336,18,130,179,28,1,336,12,6,50.0,6,50.0,182,805,330,3,5,1,2,6,188,4,Matches,UCL,19-20
e5bf73f3,54,Musa Barrow,GAM,MF,Atalanta,20,1998,0.0,3,0,1,2,0,0,3,1,1,100.0,0,0.0,3,17,4,0,0,0,1,0,3,2,Matches,UCL,19-20
2973d8ff,55,Michy Batshuayi,BEL,FW,Chelsea,25,1993,1.0,45,1,1,18,26,12,45,1,1,100.0,0,0.0,27,105,29,1,1,1,3,6,34,10,Matches,UCL,19-20
69374ff5,56,Julian Baumgartlinger,AUT,MF,Leverkusen,31,1988,3.8,292,3,51,190,52,3,292,1,1,100.0,0,0.0,162,633,253,2,1,0,2,1,209,3,Matches,UCL,19-20
7bcc0708,57,Ömer Bayram,TUR,"FW,MF",Galatasaray,28,1991,2.8,136,3,26,57,55,4,136,15,10,66.7,5,33.3,89,568,241,9,4,2,12,7,96,17,Matches,UCL,19-20
50dc94ce,58,Donny van de Beek,NED,MF,Ajax,22,1997,5.0,210,2,34,115,64,19,210,6,4,66.7,2,33.3,128,411,196,2,3,0,5,5,121,22,Matches,UCL,19-20
e204ec12,59,Younès Belhanda,MAR,"MF,FW",Galatasaray,29,1990,3.4,182,1,32,103,48,2,182,7,4,57.1,3,42.9,106,483,185,4,4,1,9,7,147,18,Matches,UCL,19-20
bee0bab1,60,Karim Bellarabi,GER,"FW,MF",Leverkusen,29,1990,4.6,283,2,31,96,165,19,283,25,16,64.0,9,36.0,187,1337,803,25,17,5,13,8,209,62,Matches,UCL,19-20
c50281a0,61,Lars Bender,GER,DF,Leverkusen,30,1989,3.0,310,8,70,156,86,3,310,1,1,100.0,0,0.0,179,790,390,10,11,0,3,2,220,18,Matches,UCL,19-20
070ec0b1,62,Sven Bender,GER,DF,Leverkusen,30,1989,6.0,537,45,270,261,9,3,537,0,0,,0,,310,1429,534,2,3,0,6,1,375,2,Matches,UCL,19-20
3b8674e6,63,Rodrigo Bentancur,URU,MF,Juventus,22,1997,4.7,360,6,44,196,128,6,360,16,9,56.3,7,43.8,185,1027,503,6,11,0,12,4,260,28,Matches,UCL,19-20
70d74ece,64,Karim Benzema,FRA,FW,Real Madrid,31,1987,7.2,370,6,16,120,234,55,370,16,10,62.5,6,37.5,232,1383,708,27,22,11,14,10,314,65,Matches,UCL,19-20
6fbde63a,65,Yassine Benzia,ALG,MF,Olympiacos,24,1994,0.9,48,1,5,32,11,1,48,1,1,100.0,0,0.0,27,100,34,0,1,0,1,1,34,6,Matches,UCL,19-20
d0b6129f,66,Sander Berge,NOR,MF,Genk,21,1998,6.0,350,23,100,203,54,3,350,11,8,72.7,3,27.3,178,1056,458,5,7,0,6,6,207,6,Matches,UCL,19-20
a29b1131,67,Steven Bergwijn,NED,"MF,FW",Tottenham,21,1997,1.0,30,0,2,15,14,6,30,1,1,100.0,0,0.0,18,97,52,2,2,1,1,0,23,5,Matches,UCL,19-20
ee93c1a9,68,Federico Bernardeschi,ITA,MF,Juventus,25,1994,2.9,127,2,17,48,63,6,127,8,6,75.0,2,25.0,75,544,249,9,6,3,4,9,97,18,Matches,UCL,19-20
433dc9a2,69,Juan Bernat,ESP,DF,Paris S-G,26,1993,9.7,639,38,196,292,160,20,639,31,17,54.8,14,45.2,351,1624,875,11,14,3,8,3,414,47,Matches,UCL,19-20
07a821e4,70,Antoine Bernede,FRA,MF,RB Salzburg,20,1999,1.0,71,4,19,48,4,0,71,1,0,0.0,1,100.0,37,223,104,3,0,0,0,3,46,0,Matches,UCL,19-20
9e1577aa,71,Cristiano Biraghi,ITA,"DF,FW",Inter,26,1992,2.4,121,9,33,44,45,2,121,0,0,,0,,36,176,72,4,1,1,1,1,54,8,Matches,UCL,19-20
691bef82,72,Daley Blind,NED,DF,Ajax,29,1990,4.7,380,25,179,181,22,1,380,4,3,75.0,1,25.0,263,1216,790,7,3,1,2,2,252,0,Matches,UCL,19-20
27f0fcda,73,Richmond Boakye,GHA,FW,Red Star,26,1993,2.1,82,6,15,43,26,5,82,5,4,80.0,1,20.0,62,224,86,0,0,1,6,2,64,13,Matches,UCL,19-20
2db2fd7b,74,Jérôme Boateng,GER,DF,Bayern Munich,30,1988,6.4,517,38,208,302,8,0,517,1,0,0.0,1,100.0,346,1365,743,3,2,0,1,1,400,0,Matches,UCL,19-20
24b98f95,75,Serhiy Bolbat,UKR,DF,Shakhtar,26,1993,2.7,157,11,51,77,32,6,157,1,0,0.0,1,100.0,102,631,295,4,4,1,5,2,94,8,Matches,UCL,19-20
0da6a13e,76,Theo Bongonda,COD,"MF,FW",Genk,23,1995,2.9,120,3,17,41,66,6,120,20,9,45.0,11,55.0,78,819,439,16,12,3,10,2,85,15,Matches,UCL,19-20
52ec54d0,77,Leonardo Bonucci,ITA,DF,Juventus,32,1987,7.0,679,57,236,421,26,5,679,3,3,100.0,0,0.0,390,2035,1312,3,3,0,1,0,519,0,Matches,UCL,19-20
9f936061,78,Neto Borges,BRA,DF,Genk,22,1996,0.1,5,0,0,2,3,1,5,0,0,,0,,3,6,3,0,0,0,0,0,3,1,Matches,UCL,19-20
2b3efa4a,79,Jan Bořil,CZE,DF,Slavia Prague,28,1991,6.0,411,18,91,202,118,8,411,6,3,50.0,3,50.0,200,978,536,12,8,2,15,0,235,22,Matches,UCL,19-20
5e8936be,80,Milan Borjan,CAN,GK,Red Star,31,1987,6.0,230,212,229,1,0,0,230,0,0,,0,,93,635,519,0,0,0,0,0,55,0,Matches,UCL,19-20
1c07b06e,81,Andreas Bouchalakis,GRE,MF,Olympiacos,26,1993,5.3,255,15,58,159,41,7,255,8,4,50.0,4,50.0,121,552,248,3,2,0,1,5,154,7,Matches,UCL,19-20
8bbe2df5,82,Domagoj Bradarić,CRO,"MF,DF",Lille,19,1999,3.0,170,5,41,79,56,0,170,11,5,45.5,6,54.5,87,582,335,11,11,0,3,1,90,15,Matches,UCL,19-20
a167537f,83,Julian Brandt,GER,"MF,FW",Dortmund,23,1996,5.4,350,5,39,167,150,25,350,11,10,90.9,1,9.1,238,1156,511,17,17,1,22,7,271,51,Matches,UCL,19-20
10072610,84,Claudio Bravo,CHI,GK,Manchester City,36,1983,1.4,50,42,50,0,0,0,50,0,0,,0,,37,192,145,0,0,0,0,0,29,0,Matches,UCL,19-20
33b8d077,85,Marcelo Brozović,CRO,MF,Inter,26,1992,5.8,401,28,125,231,51,0,401,8,7,87.5,1,12.5,221,1217,429,6,6,0,7,6,264,7,Matches,UCL,19-20
4e204552,86,Jacob Bruun Larsen,DEN,FW,Dortmund,20,1998,0.2,4,0,0,2,2,0,4,1,0,0.0,1,100.0,3,15,1,0,0,0,0,0,3,0,Matches,UCL,19-20
e40d028b,87,Gianluigi Buffon,ITA,GK,Juventus,41,1978,1.0,41,39,41,0,0,0,41,0,0,,0,,14,129,102,0,0,0,0,0,15,0,Matches,UCL,19-20
70a9cba5,88,Mick van Buren,NED,FW,Slavia Prague,26,1992,0.5,27,0,0,5,22,4,27,1,0,0.0,1,100.0,15,83,44,1,0,0,1,2,19,3,Matches,UCL,19-20
9d12e142,89,Roman Bürki,SUI,GK,Dortmund,28,1990,8.0,261,223,261,0,0,0,261,1,1,100.0,0,0.0,146,742,390,0,0,0,0,0,130,0,Matches,UCL,19-20
5ab0ea87,90,Sergio Busquets,ESP,MF,Barcelona,31,1988,5.6,480,17,101,318,62,4,480,2,1,50.0,1,50.0,276,1028,449,2,6,0,1,6,374,2,Matches,UCL,19-20
720611fe,91,Adem Büyük,TUR,FW,Galatasaray,31,1987,1.0,37,1,3,19,15,4,37,2,1,50.0,1,50.0,24,79,24,0,2,0,4,2,33,1,Matches,UCL,19-20
a179d516,92,Willy Caballero,ARG,GK,Chelsea,37,1981,2.0,85,78,85,0,0,0,85,0,0,,0,,51,273,159,0,0,0,0,0,37,0,Matches,UCL,19-20
ac7e640b,93,Mattia Caldara,ITA,DF,Atalanta,25,1994,2.8,99,19,50,48,3,1,99,1,1,100.0,0,0.0,52,218,48,0,0,0,0,1,44,0,Matches,UCL,19-20
78841da9,94,José Callejón,ESP,"MF,FW",Napoli,32,1987,6.3,316,6,69,143,106,12,316,2,0,0.0,2,100.0,159,651,290,8,6,2,8,0,244,32,Matches,UCL,19-20
13ea2544,95,Mohamed Camara,GUI,MF,Olympiacos,22,1997,4.6,248,7,47,167,36,2,248,13,12,92.3,1,7.7,123,721,354,6,4,0,5,8,166,6,Matches,UCL,19-20
a65ce836,96,Emre Can,GER,MF,Dortmund,25,1994,2.0,130,2,31,71,31,2,130,8,6,75.0,2,25.0,74,477,262,3,4,1,2,5,98,3,Matches,UCL,19-20
ab77f2d9,97,José Cañas,ESP,MF,Red Star,32,1987,3.5,163,7,53,105,5,0,163,2,2,100.0,0,0.0,89,368,81,0,1,0,6,2,121,0,Matches,UCL,19-20
bd6351cd,98,João Cancelo,POR,DF,Manchester City,25,1994,6.3,589,7,103,297,194,14,589,25,14,56.0,11,44.0,419,1874,1069,28,21,6,3,5,422,40,Matches,UCL,19-20
356c9002,99,Antonio Candreva,ITA,"FW,DF",Inter,32,1987,4.3,224,12,75,104,49,9,224,6,5,83.3,1,16.7,106,710,382,13,7,5,5,0,138,21,Matches,UCL,19-20
f81ef10d,100,Maxence Caqueret,FRA,MF,Lyon,19,2000,3.0,109,5,36,56,19,1,109,6,6,100.0,0,0.0,62,188,62,2,2,0,8,4,53,6,Matches,UCL,19-20
de39485a,101,Yannick Carrasco,BEL,"MF,FW",Atlético Madrid,25,1993,1.0,53,3,6,21,26,8,53,4,3,75.0,1,25.0,33,203,75,4,2,2,7,4,34,8,Matches,UCL,19-20
4958bfb2,102,Dani Carvajal,ESP,DF,Real Madrid,27,1992,6.9,598,34,174,232,195,14,598,10,6,60.0,4,40.0,312,1607,1068,20,18,2,8,11,387,38,Matches,UCL,19-20
4d224fe8,103,Casemiro,BRA,MF,Real Madrid,27,1992,7.7,597,19,152,364,87,2,597,7,7,100.0,0,0.0,306,1265,706,7,13,0,6,4,410,2,Matches,UCL,19-20
197640fd,104,Timothy Castagne,BEL,DF,Atalanta,23,1995,4.4,254,14,47,122,89,9,254,3,2,66.7,1,33.3,148,519,265,7,10,1,6,3,159,24,Matches,UCL,19-20
527f063d,105,Edinson Cavani,URU,FW,Paris S-G,32,1987,1.5,44,1,12,19,13,4,43,1,0,0.0,1,100.0,27,66,9,0,0,0,7,1,31,6,Matches,UCL,19-20
31a62dc7,106,Zeki Çelik,TUR,"DF,MF",Lille,22,1997,6.0,394,25,108,170,118,12,394,11,4,36.4,7,63.6,189,919,532,17,8,4,6,3,213,46,Matches,UCL,19-20
10fe831e,107,Murilo Cerqueira,BRA,"MF,DF",Loko Moscow,22,1997,4.1,136,23,60,70,7,1,136,1,1,100.0,0,0.0,45,155,35,0,0,0,0,1,41,0,Matches,UCL,19-20
5e1028e5,108,Franco Cervi,ARG,MF,Benfica,25,1994,4.4,209,3,46,78,87,11,209,6,1,16.7,5,83.3,107,595,263,5,3,0,4,1,121,22,Matches,UCL,19-20
b34c63a5,109,Rayan Cherki,FRA,"DF,MF",Lyon,15,2003,0.4,16,0,3,7,6,1,16,1,1,100.0,0,0.0,12,60,36,1,0,0,2,3,11,2,Matches,UCL,19-20
0ac94a23,110,Denis Cheryshev,RUS,"MF,FW",Valencia,28,1990,2.9,110,2,13,58,40,5,110,2,2,100.0,0,0.0,52,252,153,4,1,0,4,0,69,17,Matches,UCL,19-20
262e5a82,111,Chiquinho,POR,FW,Benfica,24,1995,3.0,147,2,20,66,62,10,147,4,1,25.0,3,75.0,95,544,294,11,8,2,7,4,107,20,Matches,UCL,19-20
1cb49278,112,Andreas Christensen,DEN,DF,Chelsea,23,1996,4.0,201,27,109,91,1,1,201,0,0,,0,,119,440,149,0,1,0,1,1,132,0,Matches,UCL,19-20
04ac8285,113,Jasper Cillessen,NED,GK,Valencia,30,1989,6.0,221,192,221,0,0,0,221,0,0,,0,,100,557,421,0,0,0,0,0,75,0,Matches,UCL,19-20
042e8a49,114,Kingsley Coman,FRA,FW,Bayern Munich,23,1996,6.1,360,1,19,86,258,60,360,37,23,62.2,14,37.8,274,1825,975,37,16,25,18,10,296,121,Matches,UCL,19-20
0331786b,115,Dion Cools,MAS,MF,Club Brugge,23,1996,0.0,0,0,0,0,0,0,0,0,0,,0,,0,0,0,0,0,0,0,0,0,0,Matches,UCL,19-20
a6951bf8,116,Francis Coquelin,FRA,"MF,DF",Valencia,28,1991,4.8,256,27,102,137,19,2,256,12,7,58.3,5,41.7,119,476,184,1,3,1,3,5,153,1,Matches,UCL,19-20
6ceef869,117,Vedran Ćorluka,CRO,DF,Loko Moscow,33,1986,5.8,252,56,140,111,2,1,252,0,0,,0,,130,714,415,1,0,0,0,0,128,0,Matches,UCL,19-20
beb391dd,118,Maxwel Cornet,CIV,"DF,MF",Lyon,22,1996,6.1,299,13,67,110,124,17,299,15,7,46.7,8,53.3,165,896,510,19,8,8,6,4,167,49,Matches,UCL,19-20
5c07e176,119,Carlos Coronel,PAR,GK,RB Salzburg,22,1996,2.6,81,77,81,0,0,0,81,0,0,,0,,32,168,107,0,0,0,0,0,26,0,Matches,UCL,19-20
01eb744d,120,Ángel Correa,ARG,"MF,FW",Atlético Madrid,24,1995,4.9,204,4,39,75,92,27,204,12,4,33.3,8,66.7,126,712,338,12,11,10,19,16,134,39,Matches,UCL,19-20
c78b352d,121,Thierry Correia,POR,DF,Valencia,20,1999,0.2,15,3,6,6,3,0,15,0,0,,0,,8,43,32,1,0,0,0,0,9,3,Matches,UCL,19-20
a190d597,122,Diego Costa,ESP,FW,Atlético Madrid,30,1988,5.1,145,10,22,54,70,15,145,4,4,100.0,0,0.0,87,416,156,6,3,1,11,10,110,21,Matches,UCL,19-20
4fa7cb9b,123,Douglas Costa,BRA,MF,Juventus,28,1990,0.2,28,0,0,8,20,2,28,5,4,80.0,1,20.0,15,118,67,2,1,0,1,0,23,5,Matches,UCL,19-20
808d48f3,124,Jaume Costa,ESP,DF,Valencia,31,1988,2.7,156,18,51,73,35,4,156,1,0,0.0,1,100.0,74,417,255,7,3,1,3,0,84,12,Matches,UCL,19-20
c56ee8f7,125,Gaëtan Coucke,BEL,GK,Genk,20,1998,5.0,239,199,236,3,0,0,239,0,0,,0,,126,739,526,0,0,0,0,0,96,0,Matches,UCL,19-20
fdf3cb77,126,Vladimír Coufal,CZE,DF,Slavia Prague,26,1992,6.0,391,17,106,156,133,8,391,5,3,60.0,2,40.0,187,826,356,5,7,0,4,3,243,37,Matches,UCL,19-20
1840e36d,127,Thibaut Courtois,BEL,GK,Real Madrid,27,1992,6.5,255,231,255,0,0,0,255,0,0,,0,,141,738,421,0,1,1,0,0,129,0,Matches,UCL,19-20
0ef89a37,128,Philippe Coutinho,BRA,"MF,FW",Bayern Munich,27,1992,5.8,425,0,13,181,234,29,425,26,16,61.5,10,38.5,284,1646,895,27,27,9,14,7,315,40,Matches,UCL,19-20
0ab1f153,129,Juan Cuadrado,COL,"DF,FW",Juventus,31,1988,5.5,481,17,91,262,131,2,481,11,10,90.9,1,9.1,277,1387,818,13,17,2,4,5,376,37,Matches,UCL,19-20
574fff8c,130,Carlos Cuesta,COL,"DF,MF",Genk,20,1999,4.0,156,32,84,65,8,1,156,1,1,100.0,0,0.0,57,276,154,2,1,1,1,0,66,0,Matches,UCL,19-20
dc62b55d,131,Matheus Cunha,BRA,FW,RB Leipzig,20,1999,0.9,43,1,5,19,20,7,43,1,1,100.0,0,0.0,29,187,116,4,1,2,5,3,30,8,Matches,UCL,19-20
44eb9093,132,Danilo D'Ambrosio,ITA,"DF,FW",Inter,30,1988,2.0,127,3,51,58,18,3,127,4,3,75.0,1,25.0,70,326,156,2,2,0,0,3,90,8,Matches,UCL,19-20
9591723b,133,Jacopo Da Riva,ITA,MF,Atalanta,18,2000,0.1,4,0,1,3,0,0,4,0,0,,0,,3,33,0,0,1,1,1,0,2,0,Matches,UCL,19-20
29c02c9f,134,Colin Dagba,FRA,DF,Paris S-G,20,1998,1.0,67,1,22,27,18,3,67,1,0,0.0,1,100.0,33,117,68,2,0,2,0,0,42,8,Matches,UCL,19-20
db4ed67b,135,Mahmoud Dahoud,GER,MF,Dortmund,23,1996,0.3,26,1,8,14,5,0,26,0,0,,0,,20,67,28,0,1,0,2,0,21,0,Matches,UCL,19-20
ca45605e,136,Patson Daka,ZAM,FW,RB Salzburg,20,1998,2.7,103,1,5,31,69,20,103,6,3,50.0,3,50.0,52,201,100,6,3,2,15,2,70,30,Matches,UCL,19-20
94b2001f,137,Danilo,BRA,DF,Juventus,28,1991,5.2,464,17,126,253,90,6,464,2,1,50.0,1,50.0,219,1000,617,9,8,1,2,1,337,23,Matches,UCL,19-20
d781d855,138,Alphonso Davies,CAN,DF,Bayern Munich,18,2000,7.9,620,18,139,329,166,16,620,36,26,72.2,10,27.8,383,2461,1522,49,30,9,14,5,399,40,Matches,UCL,19-20
44781702,139,Ben Davies,WAL,DF,Tottenham,26,1993,3.0,210,9,54,117,40,5,210,1,0,0.0,1,100.0,140,510,325,5,3,1,1,0,147,10,Matches,UCL,19-20
e46012d4,140,Kevin De Bruyne,BEL,"MF,FW",Manchester City,28,1991,6.3,416,6,26,155,242,21,415,17,14,82.4,3,17.6,271,1311,698,21,23,6,12,8,280,47,Matches,UCL,19-20
2ef7c612,141,Charles De Ketelaere,BEL,"MF,FW",Club Brugge,18,2001,1.4,80,0,5,46,30,6,80,2,1,50.0,1,50.0,52,279,123,7,2,2,2,5,58,10,Matches,UCL,19-20
ae4e2852,142,Mattia De Sciglio,ITA,DF,Juventus,26,1992,2.0,133,10,43,73,18,2,133,7,4,57.1,3,42.9,50,464,249,7,2,2,2,2,80,4,Matches,UCL,19-20
c8e65157,143,Miloš Degenek,AUS,DF,Red Star,25,1994,6.0,290,65,160,127,3,3,290,1,1,100.0,0,0.0,133,910,492,2,1,1,2,1,150,0,Matches,UCL,19-20
fe641c1a,144,Thomas Delaney,DEN,MF,Dortmund,27,1991,2.7,207,9,59,112,37,2,207,2,2,100.0,0,0.0,113,278,67,0,0,0,1,1,144,2,Matches,UCL,19-20
6b6cbca4,145,Simon Deli,CIV,DF,Club Brugge,27,1991,6.0,340,51,181,138,26,5,340,2,2,100.0,0,0.0,222,1408,842,7,5,0,1,0,204,1,Matches,UCL,19-20
e7986081,146,Moussa Dembélé,FRA,FW,Lyon,23,1996,6.9,223,11,24,96,107,27,223,14,11,78.6,3,21.4,129,565,187,6,7,1,30,17,158,25,Matches,UCL,19-20
b19db005,147,Ousmane Dembélé,FRA,FW,Barcelona,22,1997,1.5,99,1,5,35,64,12,99,14,6,42.9,8,57.1,71,787,388,11,6,7,7,5,74,17,Matches,UCL,19-20
e3cceee6,148,Merih Demiral,TUR,DF,Juventus,21,1998,1.0,66,11,47,21,0,0,66,1,1,100.0,0,0.0,30,218,113,0,0,0,0,0,39,0,Matches,UCL,19-20
54b4dc4e,149,Kerem Demirbay,GER,MF,Leverkusen,26,1993,4.1,340,8,61,175,109,4,340,11,8,72.7,3,27.3,203,980,536,11,9,1,11,11,216,9,Matches,UCL,19-20
dc3fa3b5,150,Diego Demme,GER,MF,RB Leipzig,27,1991,4.1,404,10,73,250,84,2,404,6,3,50.0,3,50.0,244,1320,796,13,9,0,7,2,316,6,Matches,UCL,19-20
dc3fa3b5,151,Diego Demme,GER,MF,Napoli,27,1991,1.4,84,8,26,52,6,0,84,1,0,0.0,1,100.0,52,193,65,0,0,0,0,0,65,0,Matches,UCL,19-20
47af88b8,152,Jason Denayer,BEL,"DF,MF",Lyon,24,1995,8.7,467,62,240,215,16,4,467,5,3,60.0,2,40.0,283,1464,896,3,3,0,5,0,299,0,Matches,UCL,19-20
2c44a35d,153,Emmanuel Dennis,NGA,"FW,MF",Club Brugge,21,1997,5.0,259,0,27,88,153,34,259,33,16,48.5,17,51.5,174,1219,592,22,14,13,28,17,176,61,Matches,UCL,19-20
85686f86,154,Dentinho,BRA,"FW,DF",Shakhtar,30,1989,0.2,10,0,0,7,3,0,10,0,0,,0,,5,21,6,0,0,0,0,1,6,0,Matches,UCL,19-20
5976f83e,155,Sergiño Dest,USA,DF,Ajax,18,2000,4.5,271,9,67,136,71,8,271,6,4,66.7,2,33.3,204,986,547,15,13,2,5,7,186,28,Matches,UCL,19-20
365836c9,156,Sébastien Dewaest,BEL,DF,Genk,28,1991,4.0,233,39,140,85,9,5,233,1,1,100.0,0,0.0,100,560,328,1,0,0,2,0,126,2,Matches,UCL,19-20
230a2fac,157,Giovanni Di Lorenzo,ITA,"DF,MF",Napoli,25,1993,8.0,559,20,201,271,95,8,559,14,5,35.7,9,64.3,319,1652,1007,17,7,3,10,11,377,26,Matches,UCL,19-20
19cda00b,158,Ángel Di María,ARG,"FW,MF",Paris S-G,31,1988,8.3,461,8,55,186,221,25,461,26,15,57.7,11,42.3,282,1705,785,27,11,9,20,11,340,70,Matches,UCL,19-20
aeed5c06,159,Moussa Diaby,FRA,"MF,FW",Leverkusen,20,1999,2.0,119,0,6,55,60,7,119,16,7,43.8,9,56.3,94,646,353,17,7,4,6,2,94,24,Matches,UCL,19-20
dda3969e,160,Mbaye Diagne,SEN,FW,Club Brugge,27,1991,0.5,17,0,0,5,12,4,16,1,0,0.0,1,100.0,12,37,6,0,0,1,2,1,15,7,Matches,UCL,19-20
d2110326,161,Mouctar Diakhaby,GUI,DF,Valencia,22,1996,3.4,193,46,125,66,4,2,193,2,2,100.0,0,0.0,95,500,204,2,0,0,4,0,96,0,Matches,UCL,19-20
fc62f087,162,Abdou Diallo,SEN,DF,Paris S-G,23,1996,1.2,90,7,37,49,4,0,90,0,0,,0,,60,258,178,0,1,0,0,0,67,1,Matches,UCL,19-20
31c69ef1,163,Rúben Dias,POR,DF,Benfica,22,1997,6.0,354,61,196,155,6,1,354,2,2,100.0,0,0.0,198,1106,680,4,2,0,2,2,223,0,Matches,UCL,19-20
8104e41e,164,Krépin Diatta,SEN,"FW,MF",Club Brugge,20,1999,4.8,225,2,41,86,101,5,225,18,11,61.1,7,38.9,137,953,405,9,6,4,5,9,124,35,Matches,UCL,19-20
407feb71,165,Brahim Díaz,MAR,FW,Real Madrid,19,1999,0.2,18,0,4,8,7,1,18,4,1,25.0,3,75.0,12,83,38,1,1,0,2,0,14,1,Matches,UCL,19-20
ac861941,166,Eric Dier,ENG,"DF,MF",Tottenham,25,1994,3.5,254,21,91,150,13,3,254,3,2,66.7,1,33.3,173,668,355,4,2,0,3,0,173,0,Matches,UCL,19-20
db3cb6ee,167,Emir Dilaver,AUT,DF,Dinamo Zagreb,28,1991,6.0,265,44,146,119,2,2,265,0,0,,0,,138,694,297,0,0,0,2,0,125,0,Matches,UCL,19-20
b2336681,168,Tiago Djaló,POR,DF,Lille,19,2000,3.0,179,23,94,79,8,0,179,2,1,50.0,1,50.0,104,544,387,3,5,0,2,1,114,3,Matches,UCL,19-20
6eee05f1,169,Berat Djimsiti,ALB,DF,Atalanta,26,1993,5.7,288,27,124,142,23,8,288,3,3,100.0,0,0.0,162,617,222,2,0,0,3,1,172,3,Matches,UCL,19-20
b5f7d10b,170,Dodô,BRA,DF,Shakhtar,20,1998,3.1,194,5,47,104,45,7,194,7,7,100.0,0,0.0,133,801,450,11,6,2,4,2,131,15,Matches,UCL,19-20
c9cb972b,171,Jaume Doménech,ESP,GK,Valencia,28,1990,2.0,78,62,78,0,0,0,78,0,0,,0,,36,194,137,0,0,0,0,0,25,0,Matches,UCL,19-20
d072a976,172,Ryan Donk,SUR,DF,Galatasaray,33,1986,4.0,179,23,98,71,14,5,179,2,2,100.0,0,0.0,91,528,250,3,2,0,4,1,100,2,Matches,UCL,19-20
6fd8a334,173,Aleksandar Dragović,AUT,DF,Leverkusen,28,1991,1.0,58,1,27,27,4,2,58,0,0,,0,,37,195,98,0,1,0,1,0,39,0,Matches,UCL,19-20
1a992676,174,Julian Draxler,GER,"MF,FW",Paris S-G,25,1993,0.8,60,0,8,40,14,2,60,5,5,100.0,0,0.0,47,263,154,4,2,0,2,0,51,4,Matches,UCL,19-20
60e86875,175,Sebastián Driussi,ARG,MF,Zenit,23,1996,4.0,253,8,37,121,98,9,253,8,4,50.0,4,50.0,133,644,338,13,5,1,12,5,147,11,Matches,UCL,19-20
ff0ab48c,176,Leo Dubois,FRA,DF,Lyon,24,1994,8.4,563,25,153,268,144,6,563,21,12,57.1,9,42.9,309,1474,844,28,16,2,4,4,344,37,Matches,UCL,19-20
e0921a4f,177,Paulo Dybala,ARG,"FW,MF",Juventus,25,1993,3.5,272,2,19,112,142,20,272,21,12,57.1,9,42.9,160,993,417,17,10,8,7,5,225,31,Matches,UCL,19-20
448a3608,178,Artem Dzyuba,RUS,FW,Zenit,30,1988,6.0,294,3,17,153,127,14,294,15,6,40.0,9,60.0,174,771,380,10,12,1,13,10,240,43,Matches,UCL,19-20
f0fc9d0e,179,Éder,POR,FW,Loko Moscow,31,1987,3.8,118,10,15,69,42,6,118,7,4,57.1,3,42.9,77,410,194,6,8,1,15,13,88,27,Matches,UCL,19-20
3bb7b8b4,180,Ederson,BRA,GK,Manchester City,25,1993,7.5,268,214,264,4,0,0,268,0,0,,0,,189,831,653,0,0,0,0,0,152,0,Matches,UCL,19-20
73d6a176,181,Jurgen Ekkelenkamp,NED,MF,Ajax,19,2000,0.0,5,0,0,3,2,0,5,1,1,100.0,0,0.0,4,14,6,0,0,0,0,1,3,1,Matches,UCL,19-20
4f56170e,182,Omar Elabdellaoui,NOR,DF,Olympiacos,27,1991,5.1,344,19,106,175,65,3,344,4,2,50.0,2,50.0,151,600,315,5,2,0,7,2,213,25,Matches,UCL,19-20
cf007308,183,Elif Elmas,MKD,MF,Napoli,19,1999,1.2,97,3,16,58,24,1,97,7,5,71.4,2,28.6,59,322,136,1,3,0,3,2,72,1,Matches,UCL,19-20
980522ec,184,Christian Eriksen,DEN,MF,Tottenham,27,1992,3.3,225,4,18,115,95,6,225,3,0,0.0,3,100.0,160,697,343,3,10,0,6,2,165,13,Matches,UCL,19-20
1c78737d,185,Aleksandr Erokhin,RUS,"MF,FW",Zenit,29,1989,1.8,82,4,21,31,31,2,82,3,1,33.3,2,66.7,47,203,76,3,2,1,4,0,47,12,Matches,UCL,19-20
7ff93107,186,Sebastiano Esposito,ITA,"MF,FW",Inter,17,2002,0.6,19,2,2,4,13,6,19,2,0,0.0,2,100.0,12,86,51,2,1,2,1,0,14,7,Matches,UCL,19-20
7f3b388c,187,Fabinho,BRA,MF,Liverpool,25,1993,5.4,439,2,67,312,65,3,439,4,4,100.0,0,0.0,278,1108,517,6,11,0,3,2,311,3,Matches,UCL,19-20
8263d615,188,Malachi Fagan-Walcott,ENG,DF,Tottenham,17,2002,0.0,5,0,4,1,0,0,5,0,0,,0,,2,2,1,0,0,0,0,0,3,0,Matches,UCL,19-20
66116290,189,Radamel Falcao,COL,"FW,MF",Galatasaray,33,1986,2.3,85,0,8,46,31,8,85,4,3,75.0,1,25.0,54,254,56,1,2,1,13,7,63,15,Matches,UCL,19-20
810e40c1,190,Patrick Farkas,AUT,DF,RB Salzburg,26,1992,0.1,8,0,0,1,7,1,8,0,0,,0,,3,14,12,0,1,0,0,0,4,2,Matches,UCL,19-20
0ba976e4,191,Ansu Fati,ESP,FW,Barcelona,16,2002,1.3,73,2,6,17,50,4,73,4,1,25.0,3,75.0,52,305,165,5,2,1,5,3,61,18,Matches,UCL,19-20
691f64f5,192,Sofiane Feghouli,ALG,"FW,MF",Galatasaray,29,1989,3.8,168,2,32,80,59,2,168,4,2,50.0,2,50.0,104,629,341,8,8,0,4,2,127,18,Matches,UCL,19-20
874d7a32,193,Ljubomir Fejsa,SRB,MF,Benfica,30,1988,1.7,94,4,30,58,7,0,94,0,0,,0,,48,205,73,0,1,0,1,1,54,0,Matches,UCL,19-20
51a3c4c8,194,Felipe,BRA,DF,Atlético Madrid,30,1989,7.3,382,56,176,190,19,11,382,0,0,,0,,192,903,358,0,0,0,7,2,199,6,Matches,UCL,19-20
8aafd64f,195,João Félix,POR,"FW,MF",Atlético Madrid,19,1999,4.7,192,2,18,86,91,14,190,11,7,63.6,4,36.4,132,810,432,13,19,1,12,3,158,28,Matches,UCL,19-20
e2dde94c,196,Gedson Fernandes,POR,MF,Tottenham,20,1999,0.8,37,4,9,17,11,1,37,0,0,,0,,18,119,64,3,0,0,2,0,19,2,Matches,UCL,19-20
e2dde94c,197,Gedson Fernandes,POR,"MF,FW",Benfica,20,1999,1.5,67,2,10,29,28,5,67,3,1,33.3,2,66.7,40,132,41,0,1,0,6,4,48,10,Matches,UCL,19-20
101da2b5,198,Fernandinho,BRA,DF,Manchester City,34,1985,7.3,497,28,162,312,27,2,497,2,1,50.0,1,50.0,378,2033,1394,9,11,0,1,1,374,0,Matches,UCL,19-20
4c370d81,199,Roberto Firmino,BRA,"FW,MF",Liverpool,27,1991,7.0,380,1,25,171,190,45,380,27,18,66.7,9,33.3,246,1083,450,11,19,4,27,10,287,65,Matches,UCL,19-20
24f59bb2,200,Junior Firpo,DOM,"DF,FW",Barcelona,22,1996,3.0,185,14,47,84,55,6,185,2,1,50.0,1,50.0,101,404,241,7,4,3,2,3,119,20,Matches,UCL,19-20
e288d4b3,201,Alessandro Florenzi,ITA,MF,Valencia,28,1991,0.1,14,0,3,7,4,0,14,1,0,0.0,1,100.0,9,30,12,0,1,0,0,0,10,2,Matches,UCL,19-20
ed1e53f3,202,Phil Foden,ENG,"MF,FW",Manchester City,19,2000,2.8,187,1,14,100,76,12,187,10,8,80.0,2,20.0,146,670,341,8,8,4,5,4,156,15,Matches,UCL,19-20
90f87966,203,José Fonte,POR,DF,Lille,35,1983,4.0,226,23,114,106,7,3,226,0,0,,0,,115,612,331,5,1,1,0,0,135,1,Matches,UCL,19-20
9a2e0ccc,204,Emil Forsberg,SWE,"MF,FW",RB Leipzig,27,1991,5.8,364,1,24,151,192,21,362,18,12,66.7,6,33.3,226,1261,619,16,16,3,13,5,277,38,Matches,UCL,19-20
6c7762c3,205,Juan Foyth,ARG,DF,Tottenham,21,1998,2.2,161,19,48,90,23,1,161,6,5,83.3,1,16.7,120,465,273,5,3,0,1,1,120,10,Matches,UCL,19-20
98d2c2c4,206,Remo Freuler,SUI,MF,Atalanta,27,1992,7.4,468,13,80,285,111,7,468,11,5,45.5,6,54.5,292,1470,717,16,14,3,13,8,311,13,Matches,UCL,19-20
ceb30355,207,Michal Frydrych,CZE,DF,Slavia Prague,29,1990,1.9,105,8,68,35,2,2,105,0,0,,0,,46,189,46,0,0,0,2,0,56,0,Matches,UCL,19-20
0d10333c,208,Gabriel,BRA,MF,Benfica,25,1993,4.9,395,13,91,233,78,6,395,8,7,87.5,1,12.5,223,1283,742,8,11,0,7,5,272,9,Matches,UCL,19-20
3b387cc7,209,Gianluca Gaetano,ITA,MF,Napoli,19,2000,0.2,6,0,1,4,1,1,6,0,0,,0,,4,36,6,0,0,1,1,0,6,2,Matches,UCL,19-20
ce30bfc8,210,Roberto Gagliardini,ITA,MF,Inter,25,1994,2.4,94,3,28,60,8,2,94,2,1,50.0,1,50.0,40,235,120,2,1,0,0,2,53,6,Matches,UCL,19-20
42276181,211,Kévin Gameiro,FRA,FW,Valencia,32,1987,3.5,122,0,10,47,65,23,122,3,1,33.3,2,66.7,76,413,192,9,5,6,8,6,99,31,Matches,UCL,19-20
72c812f3,212,Idrissa Gana Gueye,SEN,MF,Paris S-G,29,1989,6.3,481,7,83,318,82,4,481,7,3,42.9,4,57.1,291,1420,702,14,14,0,4,5,367,9,Matches,UCL,19-20
ac3fb1be,213,Ezequiel Garay,ARG,DF,Valencia,32,1986,4.0,258,37,156,99,4,2,258,0,0,,0,,120,628,335,1,0,0,0,0,178,0,Matches,UCL,19-20
2bed3eab,214,Eric García,ESP,DF,Manchester City,18,2001,2.0,215,9,53,165,0,0,215,0,0,,0,,176,1144,683,1,0,0,1,0,183,0,Matches,UCL,19-20
62db2015,215,Mateo García,ARG,"FW,MF",Red Star,22,1996,5.4,205,8,55,106,53,7,205,27,14,51.9,13,48.1,119,639,278,9,6,1,16,7,114,18,Matches,UCL,19-20
aad9c3f3,216,Mario Gavranović,SUI,FW,Dinamo Zagreb,29,1989,0.9,22,0,0,12,10,5,22,3,2,66.7,1,33.3,13,70,33,1,2,1,4,0,15,3,Matches,UCL,19-20
63d17038,217,Paulo Gazzaniga,ARG,GK,Tottenham,27,1992,4.0,138,125,138,0,0,0,138,0,0,,0,,71,365,253,0,0,0,0,0,44,0,Matches,UCL,19-20
16ceb862,218,Olivier Giroud,FRA,FW,Chelsea,32,1986,1.0,31,0,1,18,12,4,31,1,1,100.0,0,0.0,14,45,24,2,0,1,2,0,20,3,Matches,UCL,19-20
88e357ef,219,Serge Gnabry,GER,FW,Bayern Munich,24,1995,8.5,499,7,46,210,245,55,499,23,12,52.2,11,47.8,304,1681,930,33,15,15,26,4,375,96,Matches,UCL,19-20
50c1ff86,220,Marko Gobeljić,SRB,DF,Red Star,26,1992,5.5,296,29,110,136,53,7,296,3,2,66.7,1,33.3,127,580,331,7,8,1,4,3,152,18,Matches,UCL,19-20
fc4f85b1,221,Diego Godín,URU,DF,Inter,33,1986,5.0,323,52,182,132,14,3,323,3,3,100.0,0,0.0,165,886,541,4,1,1,4,2,195,1,Matches,UCL,19-20
51ffa295,222,Amer Gojak,BIH,MF,Dinamo Zagreb,22,1997,1.9,86,6,30,43,15,3,86,3,0,0.0,3,100.0,50,303,116,1,2,0,8,3,40,2,Matches,UCL,19-20
f0f7f62f,223,Pierluigi Gollini,ITA,GK,Atalanta,24,1995,7.0,187,161,187,0,0,0,187,0,0,,0,,106,594,335,0,0,0,0,0,78,0,Matches,UCL,19-20
7a11550b,224,Joe Gomez,ENG,DF,Liverpool,22,1997,5.7,558,19,159,350,51,0,558,4,4,100.0,0,0.0,367,1504,712,5,4,0,4,3,381,14,Matches,UCL,19-20
4c2e9442,225,Maxi Gómez,URU,FW,Valencia,22,1996,4.7,119,9,15,64,41,14,119,4,1,25.0,3,75.0,62,278,119,5,1,1,8,2,90,22,Matches,UCL,19-20
6e4df551,226,Papu Gómez,ARG,"MF,FW",Atalanta,31,1988,7.9,480,6,46,197,242,24,480,23,16,69.6,7,30.4,346,2187,1130,43,31,9,17,14,366,59,Matches,UCL,19-20
cc86b9a3,227,Leon Goretzka,GER,MF,Bayern Munich,24,1995,5.8,360,13,54,213,96,14,360,9,3,33.3,6,66.7,199,914,438,10,11,2,3,3,251,15,Matches,UCL,19-20
2d970560,228,Robin Gosens,GER,DF,Atalanta,25,1994,7.3,448,19,110,207,136,19,448,11,4,36.4,7,63.6,228,1120,683,16,11,4,8,1,234,37,Matches,UCL,19-20
9efa1d25,229,Mario Götze,GER,"FW,MF",Dortmund,27,1992,0.8,76,0,5,33,40,8,76,0,0,,0,,60,202,88,1,6,1,3,0,61,9,Matches,UCL,19-20
aad56ca3,230,Amine Gouiri,ALG,FW,Lyon,19,2000,0.1,1,0,0,0,1,0,1,0,0,,0,,1,14,4,0,1,0,0,0,1,0,Matches,UCL,19-20
df69b544,231,Antoine Griezmann,FRA,"FW,MF",Barcelona,28,1991,7.3,358,12,32,151,179,21,358,7,7,100.0,0,0.0,240,1191,459,10,10,2,15,7,297,74,Matches,UCL,19-20
b1f4086c,232,Álex Grimaldo,ESP,DF,Benfica,23,1995,6.0,476,21,136,158,189,3,476,13,6,46.2,7,53.8,271,1456,868,17,25,0,9,4,304,48,Matches,UCL,19-20
e6bc67d7,233,Gonçalo Guedes,POR,"FW,MF",Valencia,22,1996,2.2,106,4,9,45,54,5,106,9,7,77.8,2,22.2,86,536,220,7,6,0,8,6,86,16,Matches,UCL,19-20
048a1cbc,234,Raphaël Guerreiro,POR,"DF,MF",Dortmund,25,1993,6.1,446,13,115,192,143,9,446,15,8,53.3,7,46.7,263,1346,746,17,16,0,5,3,311,29,Matches,UCL,19-20
8754c7ca,235,Guilherme,BRA,MF,Olympiacos,28,1991,5.0,298,11,90,174,39,11,298,14,13,92.9,1,7.1,158,767,313,2,4,2,4,5,206,3,Matches,UCL,19-20
82518f62,236,Bruno Guimarães,BRA,MF,Lyon,21,1997,3.3,151,5,52,70,31,2,151,3,2,66.7,1,33.3,106,391,132,1,3,1,2,3,98,1,Matches,UCL,19-20
bcb2ccd8,237,Péter Gulácsi,HUN,GK,RB Leipzig,29,1990,9.7,392,329,389,3,0,0,392,0,0,,0,,206,873,470,0,0,0,1,0,202,0,Matches,UCL,19-20
819b3158,238,İlkay Gündoğan,GER,MF,Manchester City,28,1990,9.0,796,16,87,490,229,27,796,10,7,70.0,3,30.0,561,2544,1356,30,23,4,13,6,633,25,Matches,UCL,19-20
1f44ac21,239,Erling Haaland,NOR,FW,RB Salzburg,19,2000,4.1,155,6,13,63,82,31,153,13,4,30.8,9,69.2,89,405,233,11,9,6,14,4,108,36,Matches,UCL,19-20
1f44ac21,240,Erling Haaland,NOR,FW,Dortmund,19,2000,2.0,61,4,4,32,25,8,61,5,2,40.0,2,40.0,34,219,96,3,2,3,3,7,41,5,Matches,UCL,19-20
0127419a,241,Ianis Hagi,ROU,MF,Genk,20,1998,1.6,104,0,9,32,63,7,104,8,3,37.5,5,62.5,51,294,133,7,5,1,3,1,60,9,Matches,UCL,19-20
92432bc6,242,Amadou Haidara,MLI,"MF,FW",RB Leipzig,21,1998,3.0,243,4,49,140,54,1,243,10,5,50.0,5,50.0,127,711,334,8,9,0,1,3,170,7,Matches,UCL,19-20
55537f53,243,Izet Hajrović,BIH,MF,Dinamo Zagreb,27,1991,0.1,6,0,0,4,2,1,6,0,0,,0,,4,7,2,0,0,0,0,0,3,0,Matches,UCL,19-20
e42d61c7,244,Achraf Hakimi,MAR,"MF,DF",Dortmund,20,1998,7.9,614,15,150,221,247,36,614,28,17,60.7,11,39.3,365,2081,1177,40,18,15,15,12,457,78,Matches,UCL,19-20
8ff2354e,245,Marcel Halstenberg,GER,DF,RB Leipzig,27,1991,5.7,457,27,144,225,89,6,457,4,1,25.0,3,75.0,267,1235,750,10,12,0,5,2,310,17,Matches,UCL,19-20
74419746,246,Samir Handanović,SVN,GK,Inter,35,1984,6.0,237,224,237,0,0,0,237,2,2,100.0,0,0.0,119,661,467,0,0,0,0,0,128,0,Matches,UCL,19-20
47327321,247,Taylor Harwood-Bellis,ENG,DF,Manchester City,17,2002,0.1,13,3,5,8,0,0,13,0,0,,0,,10,35,23,0,0,0,0,0,9,0,Matches,UCL,19-20
3b333ac3,248,Hans Hateboer,NED,DF,Atalanta,25,1994,6.6,344,22,97,130,120,17,344,8,3,37.5,5,62.5,170,825,414,14,11,1,10,2,186,37,Matches,UCL,19-20
fed7cb61,249,Kai Havertz,GER,"MF,FW",Leverkusen,20,1999,4.8,308,6,34,161,115,14,308,10,6,60.0,4,40.0,229,1334,581,16,11,0,13,8,258,44,Matches,UCL,19-20
a39bb753,250,Eden Hazard,BEL,FW,Real Madrid,28,1991,5.0,308,0,14,109,193,36,308,23,14,60.9,9,39.1,230,1763,956,33,25,19,8,9,280,70,Matches,UCL,19-20
50871bcc,251,Thorgan Hazard,BEL,"FW,MF",Dortmund,26,1993,5.3,301,2,27,100,175,27,301,15,6,40.0,9,60.0,190,1032,526,18,12,7,10,11,214,62,Matches,UCL,19-20
169fd162,252,Hwang Hee-chan,KOR,FW,RB Salzburg,23,1996,6.0,237,2,17,76,147,34,237,18,8,44.4,10,55.6,134,871,420,19,7,12,15,8,163,54,Matches,UCL,19-20
935e6b8f,253,Jordan Henderson,ENG,MF,Liverpool,29,1990,5.7,467,5,60,286,123,9,467,4,1,25.0,3,75.0,315,1341,643,12,11,0,2,1,342,19,Matches,UCL,19-20
555f3a0b,254,Mario Hermoso,ESP,DF,Atlético Madrid,24,1995,3.9,246,24,91,152,5,0,246,2,1,50.0,1,50.0,147,611,304,0,0,0,1,0,158,1,Matches,UCL,19-20
c3ee18ef,255,Lucas Hernández,FRA,DF,Bayern Munich,23,1996,1.7,169,5,33,97,40,3,169,5,4,80.0,1,20.0,101,544,395,6,3,0,0,0,125,15,Matches,UCL,19-20
436a9dd0,256,Ander Herrera,ESP,MF,Paris S-G,29,1989,3.6,247,10,69,132,46,2,247,10,6,60.0,4,40.0,135,483,185,3,5,0,4,7,178,5,Matches,UCL,19-20
a8542814,257,Héctor Herrera,MEX,MF,Atlético Madrid,29,1990,2.9,214,8,30,134,51,3,214,6,1,16.7,5,83.3,130,828,388,5,7,0,5,4,149,8,Matches,UCL,19-20
92e7e919,258,Son Heung-min,KOR,FW,Tottenham,27,1992,4.1,189,1,12,72,110,27,189,21,13,61.9,8,38.1,125,889,528,21,13,5,4,6,143,37,Matches,UCL,19-20
360e3062,259,Bryan Heynen,BEL,"MF,FW",Genk,22,1997,2.9,125,7,34,62,29,4,125,0,0,,0,,43,120,64,1,1,0,6,2,57,9,Matches,UCL,19-20
8a08491a,260,Gonzalo Higuaín,ARG,FW,Juventus,31,1987,5.7,188,4,9,84,95,19,188,13,11,84.6,2,15.4,113,573,226,11,6,3,11,6,157,32,Matches,UCL,19-20
d72f8d9e,261,David Hovorka,CZE,DF,Slavia Prague,25,1993,3.0,202,15,88,97,19,2,202,2,2,100.0,0,0.0,106,744,388,2,4,0,2,3,118,0,Matches,UCL,19-20
d5c04323,262,Benedikt Höwedes,GER,DF,Loko Moscow,31,1988,6.0,205,46,115,87,4,2,205,0,0,,0,,93,438,246,0,0,0,2,0,107,0,Matches,UCL,19-20
ad3389d5,263,Lukáš Hrádecký,FIN,GK,Leverkusen,29,1989,6.0,274,232,272,2,0,0,274,0,0,,0,,160,951,470,0,1,1,0,0,172,0,Matches,UCL,19-20
f2d063ec,264,Patrik Hrošovský,SVK,MF,Genk,27,1992,4.6,243,12,52,128,65,2,243,8,5,62.5,3,37.5,109,453,194,3,8,0,6,2,137,6,Matches,UCL,19-20
15f3ec41,265,Callum Hudson-Odoi,ENG,"FW,MF",Chelsea,18,2000,2.9,121,1,8,46,68,15,121,16,10,62.5,6,37.5,89,838,435,15,8,13,5,6,96,21,Matches,UCL,19-20
05d548d8,266,Mats Hummels,GER,DF,Dortmund,30,1988,8.0,519,66,275,232,14,5,519,1,1,100.0,0,0.0,271,1161,620,3,3,1,1,1,305,1,Matches,UCL,19-20
5042e5c2,267,Klaas-Jan Huntelaar,NED,FW,Ajax,35,1983,0.4,17,0,0,7,10,2,17,0,0,,0,,9,32,14,1,0,0,0,0,13,2,Matches,UCL,19-20
3d68d631,268,Josef Hušbauer,CZE,MF,Slavia Prague,29,1990,2.3,165,1,21,80,66,7,165,2,1,50.0,1,50.0,98,404,140,0,5,0,7,0,121,12,Matches,UCL,19-20
82efe6fa,269,Roger Ibanez,BRA,"DF,FW",Atalanta,20,1998,0.2,11,1,5,6,0,0,11,1,1,100.0,0,0.0,8,20,1,0,0,0,0,0,9,0,Matches,UCL,19-20
43b78598,270,Mauro Icardi,ARG,FW,Paris S-G,26,1993,5.3,117,6,14,58,46,20,117,1,1,100.0,0,0.0,57,170,51,0,2,0,5,3,84,22,Matches,UCL,19-20
8387afe6,271,Brian Idowu,NGA,DF,Loko Moscow,27,1992,2.7,137,13,54,64,21,1,137,0,0,,0,,51,204,95,2,2,0,4,2,56,2,Matches,UCL,19-20
5cb1d026,272,Vladislav Ignatyev,RUS,"DF,MF",Loko Moscow,32,1987,4.9,269,17,104,122,44,0,269,3,0,0.0,3,100.0,109,398,192,3,5,0,5,2,121,4,Matches,UCL,19-20
42eaa028,273,Jonathan Ikone,FRA,"MF,FW",Lille,21,1998,2.7,113,2,8,58,50,11,113,18,9,50.0,9,50.0,89,585,241,8,7,2,12,6,92,21,Matches,UCL,19-20
68252d6d,274,Josip Iličić,SVN,"FW,MF",Atalanta,31,1988,5.7,318,1,19,120,184,30,315,29,21,72.4,8,27.6,233,1456,677,24,21,11,16,22,250,47,Matches,UCL,19-20
54f2d108,275,Selçuk İnan,TUR,"MF,FW",Galatasaray,34,1985,0.7,36,3,4,28,4,0,36,1,1,100.0,0,0.0,17,103,43,1,0,0,0,0,27,0,Matches,UCL,19-20
2f557579,276,Lorenzo Insigne,ITA,"MF,FW",Napoli,28,1991,3.9,221,0,24,99,103,20,220,24,18,75.0,6,25.0,151,957,527,18,12,6,10,7,179,27,Matches,UCL,19-20
a0b4bb3e,277,Isco,ESP,"MF,FW",Real Madrid,27,1992,3.0,241,2,34,111,96,16,241,13,7,53.8,6,46.2,184,944,396,5,6,4,9,5,204,18,Matches,UCL,19-20
cf182add,278,Ismaily,BRA,DF,Shakhtar,29,1990,6.0,514,30,168,241,109,15,514,22,12,54.5,10,45.5,331,1215,679,13,8,3,7,8,313,26,Matches,UCL,19-20
dbd3a428,279,Junya Ito,JPN,"MF,FW",Genk,26,1993,4.9,200,5,39,74,88,11,200,19,9,47.4,10,52.6,109,844,435,15,4,5,11,11,121,33,Matches,UCL,19-20
4c82730b,280,Mirko Ivanić,MNE,MF,Red Star,25,1993,1.2,35,2,8,23,4,0,35,2,1,50.0,1,50.0,16,106,66,2,3,0,2,0,16,3,Matches,UCL,19-20
85f8571a,281,Branislav Ivanović,SRB,DF,Zenit,35,1984,5.8,243,44,144,92,7,4,243,1,1,100.0,0,0.0,115,556,302,1,0,0,1,0,136,0,Matches,UCL,19-20
29fbdc88,282,Luka Ivanušec,CRO,"MF,DF",Dinamo Zagreb,20,1998,1.1,51,5,10,29,12,1,51,7,4,57.1,3,42.9,30,226,55,2,0,1,5,0,29,0,Matches,UCL,19-20
1265a93a,283,Reece James,ENG,DF,Chelsea,19,1999,4.2,302,15,72,131,102,7,302,12,7,58.3,5,41.7,177,937,496,11,11,0,0,4,200,24,Matches,UCL,19-20
ce9e8024,284,Jardel,BRA,DF,Benfica,33,1986,1.8,125,15,62,58,5,1,125,0,0,,0,,73,517,356,2,2,0,0,0,79,0,Matches,UCL,19-20
f5dfc256,285,Léo Jardim,BRA,GK,Lille,24,1995,0.2,5,5,5,0,0,0,5,0,0,,0,,2,23,20,0,0,0,0,0,1,0,Matches,UCL,19-20
b66315ae,286,Gabriel Jesus,BRA,"FW,MF",Manchester City,22,1997,6.5,274,3,20,97,158,44,273,23,16,69.6,7,30.4,187,775,283,9,8,7,18,15,207,49,Matches,UCL,19-20
1bacc518,287,Frenkie de Jong,NED,MF,Barcelona,22,1997,8.3,616,12,108,392,129,5,616,24,20,83.3,4,16.7,418,2483,1217,18,22,1,4,11,472,15,Matches,UCL,19-20
cf2a6ace,288,Siem de Jong,NED,MF,Ajax,30,1989,0.1,14,0,2,8,4,1,14,0,0,,0,,8,7,0,0,0,0,0,0,10,1,Matches,UCL,19-20
45db685d,289,Jorginho,ITA,MF,Chelsea,27,1991,6.8,513,13,98,351,66,5,511,4,2,50.0,2,50.0,299,1499,719,13,3,1,4,8,354,8,Matches,UCL,19-20
8c5f1522,290,Jota,POR,FW,Benfica,20,1999,0.7,33,0,3,16,14,1,33,3,1,33.3,2,66.7,27,127,33,1,0,0,7,4,31,5,Matches,UCL,19-20
4dbdf7f7,291,Dušan Jovančić,SRB,MF,Red Star,28,1990,2.0,95,5,23,63,11,2,95,5,1,20.0,4,80.0,52,286,128,1,0,0,5,5,52,2,Matches,UCL,19-20
4d8cd038,292,Luka Jović,SRB,FW,Real Madrid,21,1997,1.3,55,2,3,35,17,3,55,2,2,100.0,0,0.0,32,166,38,1,1,0,5,2,41,5,Matches,UCL,19-20
7111d552,293,Vinicius Júnior,BRA,FW,Real Madrid,19,2000,2.2,112,1,6,37,70,11,112,7,5,71.4,2,28.6,90,500,264,5,6,5,5,2,90,30,Matches,UCL,19-20
dba67bc4,294,Zlatko Junuzović,AUT,MF,RB Salzburg,31,1987,5.6,378,16,89,226,67,5,378,5,2,40.0,3,60.0,139,601,369,6,3,1,6,4,217,3,Matches,UCL,19-20
bb6c6331,295,Damian Kądzior,POL,"MF,FW",Dinamo Zagreb,27,1992,0.7,17,1,3,7,7,1,17,0,0,,0,,7,23,17,1,0,0,0,0,8,2,Matches,UCL,19-20
b825a650,296,Kevin Kampl,SVN,MF,RB Leipzig,28,1990,3.2,283,4,40,167,79,2,283,4,3,75.0,1,25.0,192,1003,485,9,15,0,2,3,227,5,Matches,UCL,19-20
21a66f6a,297,Harry Kane,ENG,FW,Tottenham,26,1993,5.0,158,4,7,57,97,35,156,15,8,53.3,7,46.7,106,560,266,14,6,8,7,4,126,36,Matches,UCL,19-20
8455ad90,298,Lee Kang-in,KOR,"MF,FW",Valencia,18,2001,1.4,94,0,14,50,30,1,94,2,0,0.0,2,100.0,70,349,151,3,4,0,3,2,81,9,Matches,UCL,19-20
b9fbae28,299,N'Golo Kanté,FRA,MF,Chelsea,28,1991,4.0,260,6,41,142,88,6,260,10,9,90.0,1,10.0,153,861,494,11,12,0,13,3,167,27,Matches,UCL,19-20
b0b902c8,300,Vyacheslav Karavayev,RUS,DF,Zenit,24,1995,4.6,210,20,73,73,65,5,210,1,1,100.0,0,0.0,96,412,212,9,4,2,0,1,103,21,Matches,UCL,19-20
51dbeea9,301,Thilo Kehrer,GER,DF,Paris S-G,22,1996,4.2,269,14,89,133,48,5,269,1,1,100.0,0,0.0,133,619,316,9,5,1,7,4,175,15,Matches,UCL,19-20
f25c8e3a,302,Naby Keïta,GUI,"MF,FW",Liverpool,24,1995,2.8,275,1,26,174,77,10,275,14,11,78.6,3,21.4,223,1110,562,8,15,1,5,6,219,16,Matches,UCL,19-20
2fabebc0,303,Mikhail Kerzhakov,RUS,GK,Zenit,32,1987,4.0,146,131,146,0,0,0,146,0,0,,0,,74,573,444,0,0,0,0,0,49,0,Matches,UCL,19-20
38ac43d3,304,Sami Khedira,GER,MF,Juventus,32,1987,2.9,172,8,33,89,50,6,172,1,0,0.0,0,0.0,89,394,158,5,4,2,3,3,141,16,Matches,UCL,19-20
49296448,305,Joshua Kimmich,GER,"DF,MF",Bayern Munich,24,1995,10.0,955,22,161,505,296,15,955,11,7,63.6,4,36.4,620,3161,1540,30,24,5,12,5,683,55,Matches,UCL,19-20
aef6e670,306,Presnel Kimpembe,FRA,DF,Paris S-G,23,1995,10.0,753,74,347,399,11,2,753,8,7,87.5,1,12.5,467,2056,972,1,1,0,2,3,553,2,Matches,UCL,19-20
8b8a56ce,307,Simon Kjær,DEN,DF,Atalanta,30,1989,1.0,49,7,28,20,1,1,49,0,0,,0,,16,42,14,0,0,0,0,0,14,0,Matches,UCL,19-20
ca8033cb,308,Lukas Klostermann,GER,DF,RB Leipzig,23,1996,9.0,712,46,273,356,92,8,712,6,4,66.7,2,33.3,359,1556,913,12,12,1,7,0,474,28,Matches,UCL,19-20
4e034598,309,Anton Kochenkov,KGZ,GK,Loko Moscow,32,1987,1.0,37,35,37,0,0,0,37,0,0,,0,,8,57,38,0,0,0,0,0,5,0,Matches,UCL,19-20
6747869d,310,Sekou Koita,MLI,MF,RB Salzburg,19,1999,0.0,5,0,0,2,3,1,5,0,0,,0,,2,6,6,1,0,1,0,0,4,1,Matches,UCL,19-20
55126f3b,311,Koke,ESP,MF,Atlético Madrid,27,1992,8.8,600,17,107,310,188,10,600,9,7,77.8,2,22.2,332,1401,702,4,16,0,11,8,424,27,Matches,UCL,19-20
179d2851,312,Ondřej Kolář,CZE,GK,Slavia Prague,24,1994,6.0,293,236,293,0,0,0,293,1,1,100.0,0,0.0,155,842,487,0,0,0,2,0,141,0,Matches,UCL,19-20
cc96d422,313,Aleksandr Kolomeytsev,RUS,MF,Loko Moscow,30,1989,0.2,8,0,1,2,5,0,8,1,1,100.0,0,0.0,5,27,4,0,0,0,0,0,6,0,Matches,UCL,19-20
5ed9b537,314,Ibrahima Konaté,FRA,DF,RB Leipzig,20,1999,1.2,86,7,39,47,1,0,86,0,0,,0,,50,260,138,3,0,0,2,1,56,0,Matches,UCL,19-20
cce181df,315,Geoffrey Kondogbia,CTA,"MF,DF",Valencia,26,1993,4.5,273,16,79,179,22,4,273,4,3,75.0,1,25.0,137,756,363,3,2,0,8,5,163,1,Matches,UCL,19-20
e6eadfb8,316,Youssouf Koné,MLI,DF,Lyon,24,1995,4.4,341,15,89,177,80,1,341,15,14,93.3,1,6.7,194,920,530,10,7,1,4,5,218,13,Matches,UCL,19-20
d9a5d930,317,Yevhen Konoplyanka,UKR,"FW,MF",Shakhtar,29,1989,2.0,102,0,15,60,28,6,102,5,3,60.0,2,40.0,89,646,315,13,4,4,4,0,93,7,Matches,UCL,19-20
1f3afdcb,318,Odilon Kossonou,CIV,DF,Club Brugge,18,2001,2.0,110,7,41,59,11,3,110,4,3,75.0,1,25.0,52,373,199,5,1,0,2,0,58,6,Matches,UCL,19-20
da974c7b,319,Kalidou Koulibaly,SEN,DF,Napoli,28,1991,7.0,517,98,256,248,16,10,517,4,4,100.0,0,0.0,267,1506,991,8,2,0,6,4,331,3,Matches,UCL,19-20
79c0821a,320,Mateo Kovačić,CRO,MF,Chelsea,25,1994,6.8,466,10,96,278,105,10,466,39,33,84.6,6,15.4,326,2008,899,21,16,5,12,14,355,8,Matches,UCL,19-20
9d60028d,321,Viktor Kovalenko,UKR,MF,Shakhtar,23,1996,3.7,168,4,20,101,47,7,168,1,1,100.0,0,0.0,126,449,218,5,1,1,10,5,124,14,Matches,UCL,19-20
39769cff,322,Rasmus Kristensen,DEN,DF,RB Salzburg,22,1997,5.9,321,24,107,163,54,3,321,9,3,33.3,6,66.7,102,363,207,3,4,2,7,0,150,15,Matches,UCL,19-20
6ce1f46f,323,Toni Kroos,GER,MF,Real Madrid,29,1990,6.0,591,6,69,346,178,7,591,10,7,70.0,3,30.0,373,2099,1092,13,16,1,8,5,459,18,Matches,UCL,19-20
580d52dd,324,Grzegorz Krychowiak,POL,MF,Loko Moscow,29,1990,5.9,254,7,43,159,54,8,254,8,6,75.0,2,25.0,144,664,308,7,4,1,9,9,169,14,Matches,UCL,19-20
292a652a,325,Serhiy Kryvtsov,UKR,DF,Shakhtar,28,1991,6.0,382,51,203,173,7,1,382,0,0,,0,,290,1564,880,3,1,0,2,0,283,3,Matches,UCL,19-20
9d40ca9c,326,Ondřej Kúdela,CZE,DF,Slavia Prague,32,1987,6.0,339,24,168,162,13,6,339,1,0,0.0,1,100.0,208,940,383,3,2,0,1,1,235,1,Matches,UCL,19-20
c01f247a,327,Daniil Kulikov,RUS,MF,Loko Moscow,21,1998,0.3,18,0,3,12,4,1,18,1,1,100.0,0,0.0,9,43,6,0,2,0,1,1,11,0,Matches,UCL,19-20
41e7ef1c,328,Layvin Kurzawa,FRA,DF,Paris S-G,26,1992,2.3,156,3,58,69,33,2,156,11,7,63.6,4,36.4,75,334,213,4,4,1,1,1,90,14,Matches,UCL,19-20
d4e93bab,329,Daler Kuzyaev,RUS,MF,Zenit,26,1993,1.5,82,4,23,26,34,4,82,0,0,,0,,47,227,111,3,3,0,2,2,53,15,Matches,UCL,19-20
19e4dca5,330,Saba Kvirkvelia,GEO,DF,Loko Moscow,27,1992,1.0,52,13,33,20,0,0,52,0,0,,0,,28,141,33,0,1,0,0,0,33,0,Matches,UCL,19-20
1931bde9,331,Rajiv van La Parra,NED,FW,Red Star,28,1991,3.9,132,2,31,62,44,6,132,18,3,16.7,15,83.3,94,655,292,10,8,0,8,4,86,22,Matches,UCL,19-20
ebc56869,332,Zakaria Labyad,MAR,FW,Ajax,26,1993,0.5,15,0,1,7,7,1,15,0,0,,0,,12,24,16,0,0,0,4,1,12,2,Matches,UCL,19-20
c1b7847c,333,Konrad Laimer,AUT,"MF,DF",RB Leipzig,22,1997,7.9,643,14,111,371,166,19,643,16,11,68.8,5,31.3,355,1561,865,18,13,7,23,6,424,45,Matches,UCL,19-20
abe66106,334,Érik Lamela,ARG,"MF,FW",Tottenham,27,1992,2.6,136,4,12,67,58,10,136,11,7,63.6,4,36.4,102,613,300,9,6,1,5,7,99,16,Matches,UCL,19-20
8e034340,335,Noa Lang,NED,FW,Ajax,20,1999,1.4,79,1,5,35,44,7,79,2,2,100.0,0,0.0,65,515,243,7,7,2,0,3,61,18,Matches,UCL,19-20
119b9a8e,336,Aymeric Laporte,ESP,DF,Manchester City,25,1994,2.4,190,15,63,116,11,0,190,1,1,100.0,0,0.0,136,596,398,3,6,0,1,1,147,0,Matches,UCL,19-20
016ff750,337,Valentino Lazaro,AUT,"DF,FW",Inter,23,1996,1.2,85,6,24,33,30,0,85,5,5,100.0,0,0.0,40,288,146,4,5,0,1,0,48,7,Matches,UCL,19-20
4dbd0916,338,Thomas Lemar,FRA,MF,Atlético Madrid,23,1995,2.6,144,0,11,67,68,3,144,9,6,66.7,3,33.3,106,646,324,11,8,0,3,7,112,16,Matches,UCL,19-20
2b471f99,339,Mario Lemina,GAB,MF,Galatasaray,25,1993,3.7,174,11,48,102,27,3,174,7,5,71.4,2,28.6,97,616,298,7,5,1,3,8,114,3,Matches,UCL,19-20
4f28a6ff,340,Clément Lenglet,FRA,DF,Barcelona,24,1995,8.0,667,83,293,356,21,4,667,3,1,33.3,2,66.7,424,2156,1339,3,4,0,1,1,504,1,Matches,UCL,19-20
2ba38347,341,Marin Leovac,CRO,"DF,MF",Dinamo Zagreb,30,1988,5.0,266,15,58,124,84,5,266,1,0,0.0,1,100.0,133,469,237,8,7,0,3,2,136,16,Matches,UCL,19-20
8d78e732,342,Robert Lewandowski,POL,FW,Bayern Munich,30,1988,9.8,383,7,19,120,250,99,381,23,12,52.2,11,47.8,222,1154,537,21,14,13,15,12,294,87,Matches,UCL,19-20
d6e53a3a,343,Matthijs de Ligt,NED,DF,Juventus,19,1999,6.0,441,54,176,259,8,3,441,0,0,,0,,262,1509,653,3,1,0,0,2,317,0,Matches,UCL,19-20
58f077c0,344,Dominik Livaković,CRO,GK,Dinamo Zagreb,24,1995,6.0,198,164,198,0,0,0,198,0,0,,0,,87,689,532,0,0,0,2,0,47,0,Matches,UCL,19-20
82dbf623,345,Fernando Llorente,ESP,FW,Napoli,34,1985,1.0,62,5,14,33,15,6,62,0,0,,0,,24,60,13,0,0,0,6,3,45,7,Matches,UCL,19-20
02c15616,346,Marcos Llorente,ESP,"MF,FW",Atlético Madrid,24,1995,2.3,75,7,21,33,23,4,75,5,2,40.0,3,60.0,38,318,146,4,0,2,1,2,43,10,Matches,UCL,19-20
8f62b6ee,347,Hugo Lloris,FRA,GK,Tottenham,32,1986,4.0,100,96,100,0,0,0,100,0,0,,0,,51,252,194,0,0,0,0,0,35,0,Matches,UCL,19-20
d7553721,348,Giovani Lo Celso,ARG,"MF,FW",Tottenham,23,1996,3.7,292,7,37,159,101,9,292,22,14,63.6,8,36.4,191,955,451,8,9,0,4,4,184,19,Matches,UCL,19-20
e1cbb531,349,Stanislav Lobotka,SVK,MF,Napoli,24,1994,0.5,40,0,4,23,13,0,40,0,0,,0,,29,152,66,4,3,0,0,0,34,1,Matches,UCL,19-20
ed9f7cfe,350,Renan Lodi,BRA,DF,Atlético Madrid,21,1998,8.4,561,27,159,233,178,13,561,12,7,58.3,5,41.7,276,1652,906,32,17,4,14,5,285,53,Matches,UCL,19-20
7c104bb7,351,Ademola Lookman,NGA,FW,RB Leipzig,21,1997,0.8,28,0,1,11,16,1,28,0,0,,0,,20,131,54,3,2,0,2,4,26,12,Matches,UCL,19-20
f00de885,352,Anthony Lopes,POR,GK,Lyon,28,1990,10.0,356,323,355,1,0,0,356,0,0,,0,,183,990,669,0,0,0,0,0,136,0,Matches,UCL,19-20
c27ae377,353,Maximiliano Lovera,ARG,"FW,MF",Olympiacos,20,1999,1.1,40,0,0,23,18,3,40,6,4,66.7,2,33.3,28,267,126,7,4,2,3,4,35,5,Matches,UCL,19-20
1a2935f6,354,Dejan Lovren,CRO,DF,Liverpool,30,1989,2.6,239,17,94,136,10,3,239,0,0,,0,,181,873,428,4,3,0,2,1,187,0,Matches,UCL,19-20
a69e4806,355,Hirving Lozano,MEX,"FW,MF",Napoli,24,1995,4.6,155,3,19,62,76,17,155,11,6,54.5,5,45.5,108,695,341,15,5,11,13,11,116,36,Matches,UCL,19-20
ca5828af,356,Caio Lucas Fernandes,BRA,"MF,FW",Benfica,25,1994,0.4,30,0,3,10,18,2,30,4,1,25.0,3,75.0,26,188,124,3,1,1,1,1,24,10,Matches,UCL,19-20
a99138af,357,Jean Lucas,BRA,MF,Lyon,21,1998,0.0,4,0,0,2,2,1,4,0,0,,0,,1,0,0,0,0,0,0,0,3,1,Matches,UCL,19-20
80490d7f,358,Jhon Lucumí,COL,DF,Genk,21,1998,6.0,311,60,194,111,7,3,311,2,2,100.0,0,0.0,137,764,403,0,2,0,5,0,167,0,Matches,UCL,19-20
881cd6be,359,Florentino Luís,POR,MF,Benfica,19,1999,2.0,129,1,30,76,23,0,129,0,0,,0,,59,174,80,0,1,0,1,0,72,0,Matches,UCL,19-20
b05e2dbd,360,José Luis Gayà,ESP,DF,Valencia,24,1995,6.0,346,31,115,139,96,14,346,12,5,41.7,7,58.3,152,910,569,10,8,1,4,1,186,28,Matches,UCL,19-20
921f6058,361,José Luis Palomino,ARG,DF,Atalanta,29,1990,6.3,357,37,183,169,9,1,357,3,2,66.7,1,33.3,196,897,281,0,1,0,3,1,183,1,Matches,UCL,19-20
5eae500a,362,Romelu Lukaku,BEL,FW,Inter,26,1993,4.5,124,2,5,55,64,19,124,10,5,50.0,5,50.0,56,304,136,6,3,3,7,4,86,29,Matches,UCL,19-20
8a6ab963,363,Andrey Lunyov,RUS,GK,Zenit,27,1991,2.0,68,61,68,0,0,0,68,0,0,,0,,43,335,287,0,0,0,0,0,20,0,Matches,UCL,19-20
997fff07,364,Sebastiano Luperto,ITA,DF,Napoli,22,1996,1.5,104,11,55,34,15,1,104,1,0,0.0,1,100.0,57,424,244,3,2,1,0,0,62,6,Matches,UCL,19-20
d8feae4a,365,Christian Luyindama,COD,DF,Galatasaray,25,1994,4.0,204,40,134,66,8,3,204,0,0,,0,,87,321,166,3,0,0,3,1,97,0,Matches,UCL,19-20
67ac5bb8,366,Gabriel Magalhães,BRA,DF,Lille,21,1997,6.0,350,43,193,148,9,5,350,1,1,100.0,0,0.0,173,689,416,0,2,0,3,1,191,2,Matches,UCL,19-20
b088363d,367,Stanislav Magkeev,RUS,DF,Loko Moscow,20,1999,0.2,21,1,8,14,0,0,21,0,0,,0,,15,92,53,1,0,0,0,0,16,0,Matches,UCL,19-20
892d5bb1,368,Riyad Mahrez,ALG,"FW,MF",Manchester City,28,1991,6.4,398,3,31,159,214,32,398,17,12,70.6,5,29.4,329,1955,742,29,21,15,13,8,327,59,Matches,UCL,19-20
91e58f66,369,Thiago Maia,BRA,FW,Lille,22,1997,0.7,22,0,7,12,3,1,22,0,0,,0,,12,45,2,0,1,0,2,1,12,2,Matches,UCL,19-20
fcb38f57,370,Mike Maignan,FRA,GK,Lille,24,1995,5.8,187,170,185,3,0,0,187,0,0,,0,,88,573,356,0,0,0,0,0,79,0,Matches,UCL,19-20
fc46aab1,371,Lovro Majer,CRO,MF,Dinamo Zagreb,21,1998,0.1,6,0,2,2,2,0,6,0,0,,0,,3,16,1,0,0,0,0,0,3,0,Matches,UCL,19-20
73fc8cc3,372,Róbert Mak,SVK,MF,Zenit,28,1991,0.1,8,0,0,4,4,2,8,1,0,0.0,1,100.0,6,50,35,1,1,0,0,0,6,3,Matches,UCL,19-20
16b9d5cf,373,Nikola Maksimović,SRB,DF,Napoli,27,1991,3.0,171,33,113,57,3,3,171,1,0,0.0,1,100.0,74,300,163,0,0,0,1,1,91,0,Matches,UCL,19-20
d6a889ea,374,Kévin Malcuit,MAR,DF,Napoli,28,1991,1.6,127,6,37,55,38,3,127,6,5,83.3,1,16.7,63,478,277,9,3,1,6,3,72,14,Matches,UCL,19-20
48d5bd33,375,Ruslan Malinovskyi,UKR,MF,Atalanta,26,1993,2.9,184,5,26,105,56,3,183,12,8,66.7,4,33.3,136,901,455,12,11,2,6,6,132,3,Matches,UCL,19-20
c20bdcd7,376,Reinildo Mandava,MOZ,DF,Lille,25,1994,2.0,120,10,35,65,21,0,120,4,3,75.0,1,25.0,53,352,196,5,3,0,2,0,55,9,Matches,UCL,19-20
c691bfe2,377,Sadio Mané,SEN,FW,Liverpool,27,1992,7.0,410,1,27,146,244,43,410,36,22,61.1,14,38.9,314,1703,848,34,20,12,22,15,340,81,Matches,UCL,19-20
f520049f,378,Eliaquim Mangala,FRA,DF,Valencia,28,1991,1.0,36,5,18,18,0,0,36,0,0,,0,,16,60,10,0,0,0,1,1,11,0,Matches,UCL,19-20
c707411f,379,Kostas Manolas,GRE,DF,Napoli,28,1991,6.0,346,70,188,154,4,4,346,0,0,,0,,166,917,519,1,1,0,3,0,229,0,Matches,UCL,19-20
9ae9eaea,380,Fernando Marçal,BRA,DF,Lyon,30,1989,5.6,345,48,157,147,44,0,345,5,4,80.0,1,20.0,201,903,405,6,5,0,4,1,198,6,Matches,UCL,19-20
133faa84,381,Marcão,BRA,DF,Galatasaray,23,1996,6.0,371,37,176,171,26,3,371,2,1,50.0,1,50.0,172,800,425,3,9,1,3,1,215,3,Matches,UCL,19-20
603116a7,382,Marcelo,BRA,DF,Real Madrid,31,1988,3.0,240,7,32,77,132,16,240,4,3,75.0,1,25.0,145,650,401,11,7,5,3,3,172,27,Matches,UCL,19-20
e3d0b0c4,383,Marcelo,BRA,DF,Lyon,32,1987,8.1,454,58,224,214,17,10,454,1,1,100.0,0,0.0,240,997,508,1,2,0,1,1,277,2,Matches,UCL,19-20
f0da930c,384,José María Giménez,URU,DF,Atlético Madrid,24,1995,3.3,223,23,102,111,12,9,223,0,0,,0,,122,530,317,1,1,0,0,1,147,0,Matches,UCL,19-20
e26f559f,385,Mariano,BRA,DF,Galatasaray,33,1986,6.0,441,26,135,203,109,1,441,11,6,54.5,5,45.5,220,1024,530,10,13,0,4,2,278,26,Matches,UCL,19-20
a022e78c,386,Marko Marin,GER,"MF,FW",Red Star,30,1989,6.0,298,3,33,160,109,15,298,16,11,68.8,5,31.3,166,1194,723,26,18,7,14,8,192,29,Matches,UCL,19-20
a3b0ed18,387,Guilherme Marinato,RUS,GK,Loko Moscow,33,1985,5.0,184,168,184,0,0,0,184,0,0,,0,,77,607,474,0,0,0,0,0,28,0,Matches,UCL,19-20
f0021247,388,João Mário,POR,"MF,FW",Loko Moscow,26,1993,3.9,189,5,51,76,63,6,189,9,7,77.8,2,22.2,120,699,334,7,3,2,8,10,124,18,Matches,UCL,19-20
9139bb12,389,Marlos,UKR,"FW,MF",Shakhtar,31,1988,4.1,253,3,21,140,96,6,253,15,11,73.3,4,26.7,201,1178,467,11,13,2,9,11,198,12,Matches,UCL,19-20
d5f2f82b,390,Marquinhos,BRA,"MF,DF",Paris S-G,25,1994,10.8,835,60,288,492,60,8,835,3,1,33.3,2,66.7,469,1940,995,1,3,0,10,6,587,7,Matches,UCL,19-20
7f97771d,391,Javi Martínez,ESP,"DF,MF",Bayern Munich,30,1988,3.8,359,15,107,232,21,5,359,0,0,,0,,226,1179,740,4,2,0,0,0,271,1,Matches,UCL,19-20
f7036e1c,392,Lautaro Martínez,ARG,FW,Inter,21,1997,5.8,165,1,12,69,86,29,164,16,7,43.8,9,56.3,98,565,337,17,5,8,10,13,124,25,Matches,UCL,19-20
bac46a10,393,Lisandro Martínez,ARG,"MF,DF",Ajax,21,1998,6.0,409,19,106,251,60,4,409,11,9,81.8,2,18.2,284,1448,752,9,8,0,4,3,275,5,Matches,UCL,19-20
e0314d87,394,Andrea Masiello,ITA,DF,Atalanta,33,1986,2.4,168,12,62,96,10,0,168,1,1,100.0,0,0.0,112,395,248,0,0,0,0,0,120,0,Matches,UCL,19-20
4adc7b42,395,Lukáš Masopust,CZE,FW,Slavia Prague,26,1993,5.2,239,0,24,93,129,22,239,12,7,58.3,5,41.7,159,848,441,13,12,6,13,5,174,56,Matches,UCL,19-20
9d689a5b,396,Giorgos Masouras,GRE,"FW,MF",Olympiacos,25,1994,4.7,211,5,38,81,96,16,211,11,4,36.4,7,63.6,99,489,234,4,3,2,9,0,114,34,Matches,UCL,19-20
55abe554,397,Clinton Mata,ANG,DF,Club Brugge,26,1992,4.0,222,14,92,107,25,1,222,2,2,100.0,0,0.0,113,486,225,4,6,0,1,3,115,2,Matches,UCL,19-20
b217ef29,398,Joël Matip,CMR,DF,Liverpool,27,1991,1.0,74,5,25,47,2,1,74,1,0,0.0,1,100.0,52,203,109,0,1,0,0,1,53,0,Matches,UCL,19-20
c0cddebe,399,Blaise Matuidi,FRA,MF,Juventus,32,1987,3.8,212,7,25,121,66,9,212,5,2,40.0,3,60.0,90,408,211,7,1,2,6,1,146,17,Matches,UCL,19-20
1adcf39e,400,Mykola Matviyenko,UKR,DF,Shakhtar,23,1996,5.9,395,57,234,161,4,1,395,1,1,100.0,0,0.0,275,1517,838,0,5,0,0,1,260,0,Matches,UCL,19-20
0e6bc38c,401,Eric Maxim Choupo-Moting,CMR,FW,Paris S-G,30,1989,1.4,69,1,11,29,31,4,69,4,2,50.0,2,50.0,45,298,118,3,2,2,3,3,54,10,Matches,UCL,19-20
b74277a0,402,Noussair Mazraoui,MAR,"DF,MF",Ajax,21,1997,2.5,181,11,51,90,44,3,181,7,4,57.1,3,42.9,114,575,342,6,5,1,3,4,103,8,Matches,UCL,19-20
42fd9c7f,403,Kylian Mbappé,FRA,FW,Paris S-G,20,1998,7.3,356,2,20,150,192,61,356,32,15,46.9,17,53.1,248,1802,1098,44,29,19,22,12,299,86,Matches,UCL,19-20
0a6dbbf7,404,Brandon Mechele,BEL,DF,Club Brugge,26,1993,5.0,260,40,155,98,8,3,260,4,4,100.0,0,0.0,143,919,637,4,2,0,1,0,153,0,Matches,UCL,19-20
48b3dd60,405,Arthur Melo,BRA,MF,Barcelona,22,1996,3.3,309,4,44,162,106,3,309,7,7,100.0,0,0.0,196,1030,391,7,13,1,4,5,234,12,Matches,UCL,19-20
8f696594,406,Memphis,NED,"FW,MF",Lyon,25,1994,6.6,337,0,21,138,183,31,335,22,14,63.6,8,36.4,201,1155,657,20,15,10,17,15,229,56,Matches,UCL,19-20
c6e5d20f,407,Thiago Mendes,BRA,MF,Lyon,27,1992,5.1,347,10,60,224,65,5,347,7,7,100.0,0,0.0,198,788,371,8,10,2,8,8,236,10,Matches,UCL,19-20
5271c8f1,408,Benjamin Mendy,FRA,DF,Manchester City,25,1994,4.9,515,9,85,255,177,6,515,6,3,50.0,3,50.0,398,1638,998,27,21,2,3,1,409,54,Matches,UCL,19-20
3cefcaef,409,Ferland Mendy,FRA,DF,Real Madrid,24,1995,4.5,307,4,81,120,108,5,307,12,7,58.3,5,41.7,186,998,393,11,11,2,7,6,209,28,Matches,UCL,19-20
9413b19f,410,Alex Meret,ITA,GK,Napoli,22,1997,6.0,196,187,196,0,0,0,196,0,0,,0,,77,376,208,0,0,0,0,0,64,0,Matches,UCL,19-20
3640af28,411,Yassine Meriah,TUN,DF,Olympiacos,26,1993,6.0,356,57,228,124,7,3,356,4,3,75.0,1,25.0,197,869,443,1,4,1,5,4,220,1,Matches,UCL,19-20
89b2c8a9,412,Dries Mertens,BEL,FW,Napoli,32,1987,6.5,269,2,35,104,135,28,267,4,2,50.0,2,50.0,137,564,349,15,6,11,6,8,173,52,Matches,UCL,19-20
d70ce98e,413,Lionel Messi,ARG,FW,Barcelona,32,1987,7.4,496,0,7,225,272,39,496,81,57,70.4,24,29.6,360,2478,1375,49,47,11,13,19,418,54,Matches,UCL,19-20
e162b013,414,Thomas Meunier,BEL,DF,Paris S-G,27,1991,5.0,346,24,124,152,75,6,346,1,1,100.0,0,0.0,191,921,486,9,14,3,9,0,214,29,Matches,UCL,19-20
d436eb94,415,Simon Mignolet,BEL,GK,Club Brugge,31,1988,6.0,213,183,210,3,0,0,213,0,0,,0,,104,536,342,0,0,0,0,0,92,0,Matches,UCL,19-20
85613cf0,416,Arkadiusz Milik,POL,FW,Napoli,25,1994,2.4,90,4,14,39,37,14,89,3,2,66.7,1,33.3,50,151,54,1,1,0,6,2,73,12,Matches,UCL,19-20
2784f898,417,Éder Militão,BRA,DF,Real Madrid,21,1998,3.0,213,38,142,70,1,1,213,4,4,100.0,0,0.0,125,607,273,0,0,0,2,0,149,0,Matches,UCL,19-20
2f90f6b8,418,James Milner,ENG,"MF,DF",Liverpool,33,1986,4.6,452,1,63,218,175,17,452,7,6,85.7,1,14.3,312,1328,718,16,8,4,3,5,341,43,Matches,UCL,19-20
746b64a7,419,Nemanja Milunović,SRB,DF,Red Star,30,1989,6.0,342,58,165,170,8,4,342,1,1,100.0,0,0.0,181,980,602,4,3,1,3,2,195,0,Matches,UCL,19-20
f833a830,420,Takumi Minamino,JPN,MF,RB Salzburg,24,1995,5.6,282,2,33,143,109,27,282,18,9,50.0,9,50.0,167,965,516,16,9,4,17,10,209,51,Matches,UCL,19-20
f833a830,421,Takumi Minamino,JPN,MF,Liverpool,24,1995,0.1,8,0,1,1,6,1,8,0,0,,0,,6,17,8,1,0,0,0,0,6,3,Matches,UCL,19-20
a9aa0d1d,422,Aleksei Miranchuk,RUS,"FW,MF",Loko Moscow,23,1995,4.0,217,2,29,106,87,10,217,14,10,71.4,4,28.6,111,674,313,14,11,3,20,8,134,20,Matches,UCL,19-20
807e869a,423,Anton Miranchuk,RUS,MF,Loko Moscow,23,1995,1.0,50,0,3,28,19,5,50,8,4,50.0,4,50.0,29,125,44,1,1,2,5,1,33,3,Matches,UCL,19-20
a8741470,424,Matej Mitrović,CRO,DF,Club Brugge,25,1993,1.0,63,7,37,25,1,1,63,0,0,,0,,34,160,76,0,0,0,0,0,36,0,Matches,UCL,19-20
6025fab1,425,Luka Modrić,CRO,MF,Real Madrid,33,1985,4.3,351,3,62,201,93,11,351,5,1,20.0,4,80.0,261,1590,708,12,12,4,3,3,278,14,Matches,UCL,19-20
8ac501f5,426,Monchu,ESP,MF,Barcelona,19,1999,0.1,8,2,3,5,0,0,8,1,1,100.0,0,0.0,6,32,5,0,0,0,2,0,6,0,Matches,UCL,19-20
0c3f7197,427,Emre Mor,TUR,"FW,MF",Galatasaray,22,1997,1.2,58,0,6,20,33,4,58,8,7,87.5,1,12.5,40,296,135,6,3,2,3,2,42,12,Matches,UCL,19-20
c43e5e7e,428,Júnior Moraes,UKR,FW,Shakhtar,32,1987,5.8,182,3,14,94,78,31,182,17,7,41.2,10,58.8,134,570,255,9,6,8,9,4,140,29,Matches,UCL,19-20
129af0db,429,Álvaro Morata,ESP,FW,Atlético Madrid,26,1992,5.4,189,5,15,79,98,25,189,7,5,71.4,2,28.6,103,646,279,11,11,5,22,13,146,34,Matches,UCL,19-20
ff579c7e,430,Nikola Moro,CRO,MF,Dinamo Zagreb,21,1998,4.6,222,13,61,137,25,0,222,3,1,33.3,2,66.7,113,652,237,1,5,1,3,4,110,0,Matches,UCL,19-20
6ca88b2a,431,François Moubandje,SUI,DF,Dinamo Zagreb,29,1990,1.0,47,3,13,23,11,0,47,0,0,,0,,21,73,44,2,0,0,1,1,21,3,Matches,UCL,19-20
9674002f,432,Mason Mount,ENG,MF,Chelsea,20,1999,5.0,209,3,23,97,90,19,209,6,4,66.7,2,33.3,136,843,449,20,12,8,13,6,150,25,Matches,UCL,19-20
2b622f01,433,Lucas Moura,BRA,"FW,MF",Tottenham,26,1992,4.4,165,4,5,90,73,10,165,16,11,68.8,5,31.3,121,775,373,14,11,2,22,5,134,29,Matches,UCL,19-20
ac73ec79,434,Nordi Mukiele,FRA,DF,RB Leipzig,21,1997,7.8,654,25,148,309,201,27,654,16,9,56.3,7,43.8,298,1363,843,19,14,1,13,5,420,66,Matches,UCL,19-20
3c6089ab,435,Thomas Müller,GER,"MF,FW",Bayern Munich,29,1989,7.9,413,6,24,166,225,43,413,9,5,55.6,4,44.4,235,879,455,10,9,3,7,11,313,79,Matches,UCL,19-20
04989945,436,Simone Muratore,ITA,MF,Juventus,21,1998,0.0,1,0,1,0,0,0,1,0,0,,0,,1,1,0,0,0,0,0,0,1,0,Matches,UCL,19-20
eb2fe5b6,437,Luis Muriel,COL,FW,Atalanta,28,1991,2.4,116,1,8,33,77,18,115,12,6,50.0,6,50.0,84,472,199,9,5,7,11,5,90,25,Matches,UCL,19-20
a2abe631,438,Fernando Muslera,URU,GK,Galatasaray,33,1986,6.0,286,241,281,6,0,0,286,0,0,,0,,144,819,621,0,0,0,0,0,105,0,Matches,UCL,19-20
dc29b608,439,Yvon Mvogo,SUI,GK,RB Leipzig,25,1994,0.3,12,11,12,0,0,0,12,0,0,,0,,5,28,19,0,0,0,0,0,6,0,Matches,UCL,19-20
1d5cab82,440,Enock Mwepu,ZAM,MF,RB Salzburg,21,1998,4.5,321,11,63,188,76,4,321,13,6,46.2,7,53.8,160,870,444,8,8,0,10,2,200,13,Matches,UCL,19-20
c459a650,441,Joakim Mæhle,DEN,DF,Genk,22,1997,6.0,363,19,104,155,110,9,363,26,13,50.0,13,50.0,169,1367,632,22,20,6,14,7,186,30,Matches,UCL,19-20
2946f9a1,442,Nacho,ESP,DF,Real Madrid,29,1990,0.5,41,0,7,19,15,3,41,2,0,0.0,2,100.0,16,85,42,2,2,1,1,0,25,5,Matches,UCL,19-20
4b6960d2,443,Yuto Nagatomo,JPN,DF,Galatasaray,32,1986,5.8,289,16,94,126,70,2,289,7,4,57.1,3,42.9,106,614,284,13,3,2,2,3,139,20,Matches,UCL,19-20
ecada4fc,444,Keylor Navas,CRC,GK,Paris S-G,32,1986,8.9,291,269,291,0,0,0,291,1,1,100.0,0,0.0,154,882,590,0,0,0,0,0,119,0,Matches,UCL,19-20
5cdddffa,445,Tanguy Ndombele,FRA,MF,Tottenham,22,1996,3.8,285,7,29,175,86,5,285,22,17,77.3,5,22.7,208,973,514,11,15,2,6,5,213,9,Matches,UCL,19-20
199cd404,446,Dieumerci Ndongala,COD,"MF,FW",Genk,28,1991,1.3,56,0,4,21,31,4,56,3,0,0.0,3,100.0,37,177,85,3,1,1,1,2,39,12,Matches,UCL,19-20
4f1e6a0b,447,David Neres,BRA,FW,Ajax,22,1997,2.0,110,0,7,40,65,10,110,8,2,25.0,6,75.0,89,533,249,7,2,4,7,6,86,24,Matches,UCL,19-20
a9dc785c,448,Neto,BRA,GK,Barcelona,30,1989,1.0,54,51,54,0,0,0,54,0,0,,0,,36,194,119,0,0,0,0,0,24,0,Matches,UCL,19-20
8778c910,449,Manuel Neuer,GER,GK,Bayern Munich,33,1986,11.0,500,345,495,6,0,0,500,1,1,100.0,0,0.0,292,1389,896,0,0,0,1,0,327,0,Matches,UCL,19-20
69384e5d,450,Neymar,BRA,"MF,FW",Paris S-G,27,1992,6.5,482,0,30,267,203,28,482,66,43,65.2,23,34.8,371,2908,1596,46,51,10,30,22,403,52,Matches,UCL,19-20
5853ac44,451,Tanguy Nianzou,FRA,MF,Paris S-G,17,2002,0.8,53,0,10,30,13,0,53,0,0,,0,,25,50,27,0,1,0,1,0,36,0,Matches,UCL,19-20
c14bc029,452,Saúl Ñíguez,ESP,"MF,DF",Atlético Madrid,24,1994,9.3,579,40,126,310,148,14,579,19,12,63.2,7,36.8,276,1287,691,15,13,5,10,6,364,26,Matches,UCL,19-20
7c56da38,453,Christopher Nkunku,FRA,"FW,MF",RB Leipzig,21,1997,5.7,273,2,16,116,142,13,273,14,6,42.9,8,57.1,153,872,361,9,6,1,13,8,179,43,Matches,UCL,19-20
b3e4a674,454,Casper de Norre,BEL,DF,Genk,22,1997,2.8,165,9,50,84,32,2,165,7,5,71.4,2,28.6,66,309,178,3,1,0,6,1,81,9,Matches,UCL,19-20
c7526c18,455,Steven Nzonzi,FRA,"MF,DF",Galatasaray,30,1988,4.3,342,22,117,187,39,4,342,2,1,50.0,1,50.0,164,598,305,5,3,0,2,2,246,1,Matches,UCL,19-20
ee8508c0,456,Jan Oblak,SVN,GK,Atlético Madrid,26,1993,9.3,250,225,248,2,0,0,250,0,0,,0,,98,835,606,0,0,0,0,0,64,0,Matches,UCL,19-20
6a479195,457,Stephen Odey,NGA,FW,Genk,21,1998,0.1,7,0,0,3,4,2,7,0,0,,0,,6,13,1,0,0,0,2,0,6,0,Matches,UCL,19-20
1d1691ad,458,Álvaro Odriozola,ESP,DF,Bayern Munich,23,1995,0.2,9,0,1,4,4,0,9,0,0,,0,,6,49,27,2,0,0,0,0,8,3,Matches,UCL,19-20
1d1691ad,459,Álvaro Odriozola,ESP,DF,Real Madrid,23,1995,1.0,66,7,25,28,14,0,66,3,2,66.7,1,33.3,46,367,145,3,2,0,1,1,48,2,Matches,UCL,19-20
d125f22f,460,David Okereke,NGA,FW,Club Brugge,21,1997,1.9,73,0,2,23,48,13,73,3,0,0.0,3,100.0,49,261,84,2,1,0,5,6,53,14,Matches,UCL,19-20
63b9cc6d,461,Masaya Okugawa,JPN,"MF,FW",RB Salzburg,23,1996,0.8,29,3,8,6,15,2,29,1,0,0.0,1,100.0,11,49,34,1,1,1,3,0,13,9,Matches,UCL,19-20
beec76cc,462,Peter Olayinka,NGA,"FW,MF",Slavia Prague,23,1995,5.9,245,5,31,70,145,22,245,27,11,40.7,16,59.3,150,834,317,11,9,6,21,15,147,56,Matches,UCL,19-20
f5ba8903,463,Marco Olivieri,ITA,FW,Juventus,20,1999,0.1,3,1,1,0,2,0,3,0,0,,0,,2,16,0,0,0,0,0,1,2,1,Matches,UCL,19-20
ae44e8e2,464,Dani Olmo,ESP,MF,RB Leipzig,21,1998,1.4,53,0,6,26,21,5,53,3,1,33.3,2,66.7,39,152,87,2,2,0,6,0,43,8,Matches,UCL,19-20
ae44e8e2,465,Dani Olmo,ESP,"MF,FW",Dinamo Zagreb,21,1998,6.0,270,13,47,121,110,25,270,41,18,43.9,23,56.1,152,1075,603,21,14,5,14,2,158,25,Matches,UCL,19-20
e9c0c1b2,466,André Onana,CMR,GK,Ajax,23,1996,6.0,243,214,241,2,0,0,243,0,0,,0,,150,885,650,0,1,1,0,0,104,0,Matches,UCL,19-20
e81f0356,467,Jérôme Onguéné,CMR,DF,RB Salzburg,21,1997,4.0,232,38,124,104,5,4,232,0,0,,0,,85,373,234,0,0,0,3,1,113,0,Matches,UCL,19-20
c06d1086,468,Paul Onuachu,NGA,FW,Genk,25,1994,2.4,81,5,7,52,22,10,81,7,6,85.7,1,14.3,52,204,79,3,1,2,7,6,67,16,Matches,UCL,19-20
8652a85c,469,Loïs Openda,BEL,FW,Club Brugge,19,2000,1.5,38,0,3,18,18,5,38,0,0,,0,,23,100,33,2,0,1,5,1,23,11,Matches,UCL,19-20
20030c06,470,Willi Orban,HUN,DF,RB Leipzig,26,1992,3.1,254,22,95,149,13,4,254,0,0,,0,,112,734,492,3,4,0,2,0,145,3,Matches,UCL,19-20
43a166b4,471,Divock Origi,BEL,FW,Liverpool,24,1995,2.1,111,2,6,43,63,10,111,15,11,73.3,4,26.7,85,454,190,6,2,3,5,3,99,24,Matches,UCL,19-20
ee950928,472,Mislav Oršić,CRO,"FW,MF",Dinamo Zagreb,26,1992,5.2,183,2,23,68,95,19,182,16,4,25.0,12,75.0,112,935,506,17,14,7,9,9,121,24,Matches,UCL,19-20
8c90fd7a,473,Victor Osimhen,NGA,FW,Lille,20,1998,5.0,140,5,7,48,88,36,140,13,5,38.5,8,61.5,62,508,238,11,8,6,10,6,82,19,Matches,UCL,19-20
4d17df3e,474,Yordan Osorio,VEN,DF,Zenit,25,1994,3.6,206,33,130,71,9,3,206,5,3,60.0,2,40.0,108,728,448,2,1,0,3,1,102,1,Matches,UCL,19-20
82b1198a,475,David Ospina,COL,GK,Napoli,30,1988,2.0,65,59,65,0,0,0,65,0,0,,0,,34,142,75,0,0,0,0,0,35,0,Matches,UCL,19-20
0d267745,476,Nicolás Otamendi,ARG,DF,Manchester City,31,1988,6.2,496,42,174,300,23,4,496,0,0,,0,,379,2167,1268,9,11,0,2,0,368,2,Matches,UCL,19-20
38c7feef,477,Alex Oxlade-Chamberlain,ENG,"MF,FW",Liverpool,25,1993,3.1,253,1,10,133,112,11,253,15,9,60.0,6,40.0,181,1025,529,19,7,5,7,8,196,35,Matches,UCL,19-20
952e0df2,478,Şener Özbayraklı,TUR,"MF,DF",Galatasaray,29,1990,0.2,15,1,6,5,4,0,15,0,0,,0,,10,51,33,0,0,0,0,0,11,1,Matches,UCL,19-20
3ef0af0d,479,Magomed Ozdoyev,RUS,MF,Zenit,26,1992,5.1,316,20,84,174,64,7,316,6,5,83.3,1,16.7,139,652,287,3,4,2,2,3,164,4,Matches,UCL,19-20
88062e83,480,Joseph Paintsil,GHA,"MF,FW",Genk,21,1998,1.7,81,1,8,32,42,3,81,8,3,37.5,5,62.5,55,343,181,6,3,0,3,2,60,12,Matches,UCL,19-20
e0bc6fdc,481,Emerson Palmieri,ITA,DF,Chelsea,24,1994,2.2,165,6,38,83,46,3,165,4,3,75.0,1,25.0,104,590,377,11,9,1,5,1,109,9,Matches,UCL,19-20
1e8dbb59,482,Radovan Pankov,SRB,DF,Red Star,23,1995,0.2,14,3,9,5,0,0,14,0,0,,0,,6,54,45,0,0,0,0,1,8,0,Matches,UCL,19-20
dff153a4,483,Leandro Paredes,ARG,MF,Paris S-G,25,1994,4.1,362,4,85,246,32,0,362,2,2,100.0,0,0.0,206,703,355,1,2,0,2,0,281,1,Matches,UCL,19-20
7460ca0d,484,Daniel Parejo,ESP,MF,Valencia,30,1989,8.0,668,19,150,401,128,6,665,17,10,58.8,7,41.2,373,1544,723,7,5,0,8,7,471,18,Matches,UCL,19-20
529f49ab,485,Thomas Partey,GHA,MF,Atlético Madrid,26,1993,8.2,608,36,117,396,102,3,608,17,15,88.2,2,11.8,330,1423,727,6,8,0,14,6,385,8,Matches,UCL,19-20
e599253a,486,Mario Pašalić,CRO,"MF,FW",Atalanta,24,1995,7.7,413,11,58,231,133,31,413,17,10,58.8,7,41.2,289,1618,752,22,16,5,14,8,313,33,Matches,UCL,19-20
00672021,487,Alan Patrick,BRA,MF,Shakhtar,28,1991,5.5,339,6,57,210,74,3,339,13,10,76.9,3,23.1,264,1539,711,11,11,1,12,4,266,1,Matches,UCL,19-20
53070b63,488,Paulinho,BRA,"FW,MF",Leverkusen,19,2000,0.4,15,0,0,5,11,3,15,2,2,100.0,0,0.0,11,53,19,1,1,0,0,0,12,3,Matches,UCL,19-20
b7ca5c51,489,Gabriel Paulista,BRA,DF,Valencia,28,1990,6.0,392,88,252,137,6,5,392,1,1,100.0,0,0.0,178,846,458,0,1,0,2,0,222,0,Matches,UCL,19-20
45a03961,490,Benjamin Pavard,FRA,DF,Bayern Munich,23,1996,7.1,653,17,166,362,129,8,653,1,1,100.0,0,0.0,390,1716,1095,18,12,0,3,2,492,36,Matches,UCL,19-20
eed332df,491,Milan Pavkov,SRB,FW,Red Star,25,1994,2.1,49,4,7,27,15,4,49,2,0,0.0,2,100.0,15,42,18,0,1,0,5,1,34,8,Matches,UCL,19-20
3ca7254a,492,Pedro,ESP,"MF,DF",Chelsea,32,1987,1.1,69,1,9,35,26,3,69,2,1,50.0,1,50.0,52,359,169,7,3,1,2,3,54,9,Matches,UCL,19-20
a8f21b9f,493,Carles Pérez,ESP,FW,Barcelona,21,1998,0.9,33,0,1,12,21,3,33,2,1,50.0,1,50.0,20,73,39,1,1,0,2,1,24,6,Matches,UCL,19-20
121101a4,494,Dino Perić,CRO,DF,Dinamo Zagreb,25,1994,5.0,219,36,100,116,3,1,219,5,3,60.0,2,40.0,108,666,385,3,0,0,2,0,105,0,Matches,UCL,19-20
6fe90922,495,Ivan Perišić,CRO,FW,Bayern Munich,30,1989,4.7,232,6,21,64,149,30,232,9,2,22.2,7,77.8,148,869,579,25,11,5,4,1,182,65,Matches,UCL,19-20
24228180,496,Bruno Petković,CRO,FW,Dinamo Zagreb,24,1994,5.1,233,4,20,132,88,17,233,30,15,50.0,15,50.0,153,914,391,10,15,1,23,21,174,21,Matches,UCL,19-20
0cb29e91,497,Njegoš Petrović,SRB,MF,Red Star,20,1999,3.4,133,3,32,87,14,1,133,3,1,33.3,2,66.7,62,288,135,2,0,0,2,2,77,3,Matches,UCL,19-20
a634b9d2,498,Jérémy Pied,FRA,DF,Lille,30,1989,1.0,65,3,27,29,9,0,65,2,1,50.0,1,50.0,21,117,70,2,1,0,4,0,27,0,Matches,UCL,19-20
adfc9123,499,Gerard Piqué,ESP,DF,Barcelona,32,1987,7.0,615,91,251,362,6,4,615,2,2,100.0,0,0.0,375,2353,1525,3,3,1,3,1,445,1,Matches,UCL,19-20
fe2db476,500,Łukasz Piszczek,POL,DF,Dortmund,34,1985,4.0,287,13,118,122,48,4,287,3,1,33.3,2,66.7,145,580,239,2,5,0,3,1,185,8,Matches,UCL,19-20
96094cbc,501,Pizzi,POR,"MF,FW",Benfica,29,1989,4.5,347,2,49,165,135,14,346,5,4,80.0,1,20.0,206,893,413,12,7,4,7,3,273,46,Matches,UCL,19-20
ad6df2d5,502,Miralem Pjanić,BIH,MF,Juventus,29,1990,7.3,676,26,127,398,155,0,676,3,1,33.3,2,66.7,272,1135,607,9,8,0,5,4,474,4,Matches,UCL,19-20
7fcc71d8,503,Daniel Podence,POR,"FW,MF",Olympiacos,23,1995,5.1,218,3,27,98,98,21,218,30,18,60.0,12,40.0,151,1114,669,27,12,11,8,9,167,34,Matches,UCL,19-20
5e861944,504,Matteo Politano,ITA,"FW,MF",Napoli,25,1993,0.4,28,0,3,6,19,3,28,1,0,0.0,1,100.0,19,217,152,6,1,3,0,0,22,10,Matches,UCL,19-20
5e861944,505,Matteo Politano,ITA,"FW,DF",Inter,25,1993,0.7,42,1,4,12,27,5,42,5,2,40.0,3,60.0,28,233,100,5,2,3,2,1,29,6,Matches,UCL,19-20
2a6cd437,506,Marin Pongračić,CRO,DF,RB Salzburg,21,1997,0.5,17,1,10,7,0,0,17,0,0,,0,,11,44,11,0,0,0,0,0,9,0,Matches,UCL,19-20
d2416c2e,507,Yussuf Poulsen,DEN,"FW,MF",RB Leipzig,25,1994,6.4,245,9,23,114,111,30,245,10,6,60.0,4,40.0,133,602,232,9,8,2,20,12,182,45,Matches,UCL,19-20
b182a240,508,Quincy Promes,NED,"FW,MF",Ajax,27,1992,4.7,279,3,27,114,145,23,279,10,6,60.0,4,40.0,192,827,387,15,11,5,15,8,191,39,Matches,UCL,19-20
8f21b7bd,509,Lukáš Provod,CZE,"FW,MF",Slavia Prague,22,1996,0.2,15,0,3,7,6,0,15,1,0,0.0,1,100.0,9,96,37,1,1,0,2,1,10,2,Matches,UCL,19-20
1bf33a9a,510,Christian Pulisic,USA,"FW,MF",Chelsea,20,1998,3.0,142,2,7,63,77,23,142,23,14,60.9,9,39.1,106,925,611,29,9,11,7,11,120,30,Matches,UCL,19-20
34c3b935,511,Andriy Pyatov,UKR,GK,Shakhtar,35,1984,6.0,258,206,258,0,0,0,258,1,1,100.0,0,0.0,159,939,681,1,0,1,0,0,110,1,Matches,UCL,19-20
8794e251,512,Adrien Rabiot,FRA,MF,Juventus,24,1995,4.1,268,4,48,137,89,7,268,10,6,60.0,4,40.0,162,1006,576,18,15,1,11,2,194,31,Matches,UCL,19-20
9a1f2e1c,513,Rafael,BRA,DF,Lyon,29,1990,0.8,63,2,10,36,17,0,63,3,1,33.3,2,66.7,36,167,73,2,1,0,2,2,37,6,Matches,UCL,19-20
89f951b5,514,Ivan Rakitić,CRO,MF,Barcelona,31,1988,3.8,395,12,71,237,88,7,395,4,3,75.0,1,25.0,251,943,386,5,8,1,7,2,316,12,Matches,UCL,19-20
47fd5136,515,Yaroslav Rakitskiy,UKR,DF,Zenit,29,1989,5.0,267,51,154,109,10,1,267,10,8,80.0,2,20.0,154,750,338,1,1,0,3,1,139,1,Matches,UCL,19-20
7483d9f9,516,André Ramalho,BRA,DF,RB Salzburg,27,1992,2.0,115,18,58,53,4,2,115,0,0,,0,,59,264,122,0,2,0,0,1,65,0,Matches,UCL,19-20
08511d65,517,Sergio Ramos,ESP,DF,Real Madrid,33,1986,4.9,391,41,154,224,16,9,390,1,0,0.0,1,100.0,245,1264,737,5,1,0,2,0,297,2,Matches,UCL,19-20
ef619b0b,518,Aaron Ramsey,WAL,MF,Juventus,28,1990,2.2,130,3,7,58,65,8,130,1,0,0.0,1,100.0,67,394,157,3,3,1,6,1,110,11,Matches,UCL,19-20
1dbfae2d,519,Lazar Ranđelović,SRB,FW,Olympiacos,21,1997,1.0,37,3,7,18,12,3,37,3,1,33.3,2,66.7,26,179,66,3,2,2,4,5,23,7,Matches,UCL,19-20
d504b3e1,520,Jeff Reine-Adélaïde,FRA,"MF,FW",Lyon,21,1998,3.6,214,4,22,94,104,12,214,27,20,74.1,7,25.9,169,1512,859,31,20,9,7,11,180,24,Matches,UCL,19-20
4b3c863f,521,Francisco Reis Ferreira,POR,DF,Benfica,22,1997,4.2,248,41,155,90,4,2,248,2,2,100.0,0,0.0,127,638,443,4,1,0,2,0,149,0,Matches,UCL,19-20
5c2da10f,522,Loïc Rémy,FRA,FW,Lille,32,1987,2.3,56,2,4,30,22,6,56,5,2,40.0,3,60.0,30,138,59,2,0,2,3,2,44,9,Matches,UCL,19-20
4bd00a50,523,Panagiotis Retsos,GRE,DF,Leverkusen,20,1998,1.1,80,4,21,52,7,2,80,2,1,50.0,1,50.0,31,157,77,1,2,0,0,0,36,3,Matches,UCL,19-20
36a3ff67,524,Marco Reus,GER,"FW,MF",Dortmund,30,1989,4.0,181,13,32,76,77,20,180,5,2,40.0,3,60.0,103,491,271,10,7,3,8,5,113,18,Matches,UCL,19-20
7fa4e703,525,Gio Reyna,USA,"FW,MF",Dortmund,16,2002,0.5,34,0,5,10,20,1,34,4,2,50.0,2,50.0,23,100,52,2,0,1,0,0,27,4,Matches,UCL,19-20
44865466,526,Jander Ribeiro Santana,BRA,DF,Red Star,31,1988,1.6,55,11,30,22,6,1,55,2,2,100.0,0,0.0,29,249,155,4,1,0,2,0,25,2,Matches,UCL,19-20
54f5ce34,527,Federico Ricca,URU,"DF,FW",Club Brugge,24,1994,3.0,157,8,40,58,59,5,157,2,1,50.0,1,50.0,89,371,232,6,5,0,4,3,88,15,Matches,UCL,19-20
5f0241b2,528,Sergio Rico,ESP,GK,Paris S-G,25,1993,2.1,58,56,58,0,0,0,58,0,0,,0,,35,141,75,0,0,0,0,0,35,0,Matches,UCL,19-20
733e7ad8,529,Mats Rits,BEL,MF,Club Brugge,26,1993,4.4,171,9,44,81,47,4,171,3,0,0.0,3,100.0,106,332,115,2,2,0,2,3,110,16,Matches,UCL,19-20
335fa267,530,Sergi Roberto,ESP,"DF,MF",Barcelona,27,1992,4.6,348,5,60,203,85,6,348,1,0,0.0,1,100.0,240,1094,653,15,5,1,2,4,285,28,Matches,UCL,19-20
2e4f5f03,531,Andrew Robertson,SCO,DF,Liverpool,25,1994,7.2,752,16,121,392,242,14,752,9,3,33.3,6,66.7,490,2154,1308,25,26,2,9,1,542,64,Matches,UCL,19-20
4dedd469,532,Milan Rodić,SRB,DF,Red Star,28,1991,4.9,259,19,82,128,50,6,259,5,1,20.0,4,80.0,118,581,315,6,4,1,4,1,137,23,Matches,UCL,19-20
6434f10d,533,Rodri,ESP,MF,Manchester City,23,1996,6.9,737,10,100,519,128,8,737,13,12,92.3,1,7.7,560,2673,1575,22,25,0,3,4,593,5,Matches,UCL,19-20
1fb1c435,534,Rodrigo,ESP,FW,Valencia,28,1991,5.8,293,7,26,144,126,25,293,19,9,47.4,10,52.6,173,950,454,16,13,4,14,8,234,46,Matches,UCL,19-20
715bf047,535,James Rodríguez,COL,MF,Real Madrid,28,1991,0.9,64,0,9,33,23,2,64,1,1,100.0,0,0.0,41,183,54,1,0,0,2,3,50,3,Matches,UCL,19-20
8f5e92a6,536,Rodrygo,BRA,FW,Real Madrid,18,2001,3.7,185,3,18,71,99,23,185,14,9,64.3,5,35.7,118,768,446,16,11,5,7,6,139,28,Matches,UCL,19-20
dea698d9,537,Cristiano Ronaldo,POR,FW,Juventus,34,1985,7.9,386,3,18,151,223,44,385,22,14,63.6,8,36.4,248,1779,915,37,26,12,15,8,323,76,Matches,UCL,19-20
2a1beb34,538,Marten de Roon,NED,"MF,DF",Atalanta,28,1991,8.5,545,27,133,329,85,5,545,5,5,100.0,0,0.0,321,1244,644,6,8,2,3,4,334,6,Matches,UCL,19-20
89d10e53,539,Danny Rose,ENG,DF,Tottenham,29,1990,4.0,252,13,64,149,41,1,252,4,1,25.0,3,75.0,155,640,340,4,5,0,2,3,148,7,Matches,UCL,19-20
18b896d6,540,Antonio Rüdiger,GER,DF,Chelsea,26,1993,2.0,135,18,70,64,4,0,135,0,0,,0,,94,441,242,0,1,0,1,0,96,0,Matches,UCL,19-20
14b8fcdf,541,Daniele Rugani,ITA,DF,Juventus,25,1994,2.0,162,19,60,101,1,0,162,0,0,,0,,89,427,215,0,0,0,1,0,122,0,Matches,UCL,19-20
0b5a292a,542,Mário Rui,POR,DF,Napoli,28,1991,5.9,447,24,130,211,108,2,447,8,3,37.5,5,62.5,218,1003,569,9,12,0,7,4,275,28,Matches,UCL,19-20
c0c7ff58,543,Fabián Ruiz Peña,ESP,MF,Napoli,23,1996,7.9,603,22,141,333,135,12,603,16,10,62.5,6,37.5,331,1717,944,18,18,3,14,16,460,31,Matches,UCL,19-20
86dd16a8,544,Maciej Rybus,POL,DF,Loko Moscow,29,1989,5.0,274,23,93,129,55,4,274,4,1,25.0,3,75.0,123,633,255,5,6,0,6,4,130,15,Matches,UCL,19-20
903b6e8b,545,José Sá,POR,GK,Olympiacos,26,1993,6.0,226,203,226,0,0,0,226,1,1,100.0,0,0.0,109,682,459,0,0,0,0,0,78,0,Matches,UCL,19-20
e280527c,546,Marcel Sabitzer,AUT,"MF,FW",RB Leipzig,25,1994,8.9,679,6,65,326,293,20,679,8,5,62.5,3,37.5,377,1822,1049,27,20,2,15,11,489,70,Matches,UCL,19-20
e342ad68,547,Mohamed Salah,EGY,FW,Liverpool,27,1992,8.1,415,0,6,116,294,72,415,37,24,64.9,13,35.1,311,1710,825,29,15,16,35,14,340,127,Matches,UCL,19-20
5af687a1,548,Andreas Samaris,GRE,MF,Benfica,30,1989,0.1,17,0,4,11,2,1,17,0,0,,0,,7,20,4,0,0,0,0,0,12,0,Matches,UCL,19-20
dae8623e,549,Mbwana Samatta,TAN,FW,Genk,26,1992,5.7,197,4,16,98,84,12,197,8,4,50.0,4,50.0,111,584,195,7,7,2,20,8,151,31,Matches,UCL,19-20
032f894e,550,Renato Sanches,POR,"MF,FW",Lille,21,1997,1.4,93,4,17,46,33,2,93,12,7,58.3,5,41.7,52,378,269,9,7,2,7,7,55,7,Matches,UCL,19-20
2c0f8e9e,551,Alexis Sánchez,CHI,FW,Inter,30,1988,0.7,32,0,4,19,9,4,32,1,1,100.0,0,0.0,20,104,27,1,0,1,2,1,21,5,Matches,UCL,19-20
da7b447d,552,Davinson Sánchez,COL,DF,Tottenham,23,1996,5.0,421,32,156,246,22,2,421,3,2,66.7,1,33.3,314,1298,705,7,2,0,1,3,304,4,Matches,UCL,19-20
dbf053da,553,Jadon Sancho,ENG,"FW,MF",Dortmund,19,2000,7.2,498,0,52,177,278,45,498,41,24,58.5,17,41.5,376,2576,1247,39,32,19,18,14,421,86,Matches,UCL,19-20
0d82903c,554,Alex Sandro,BRA,DF,Juventus,28,1991,6.0,600,19,129,292,183,4,600,10,9,90.0,1,10.0,396,2249,1387,37,37,1,9,3,441,40,Matches,UCL,19-20
c50e5bba,555,Douglas Santos,BRA,"DF,MF",Zenit,25,1994,5.6,349,19,123,152,81,7,349,19,11,57.9,8,42.1,174,1093,640,12,11,0,6,2,176,11,Matches,UCL,19-20
9744ff80,556,Pablo Sarabia,ESP,"FW,MF",Paris S-G,27,1992,4.5,214,3,20,94,104,25,214,6,2,33.3,4,66.7,145,666,330,10,9,5,15,3,164,45,Matches,UCL,19-20
1c96ad85,557,Marcelo Saracchi,URU,DF,RB Leipzig,21,1998,1.8,119,3,35,51,33,2,119,6,2,33.3,4,66.7,57,418,244,12,3,0,2,1,81,18,Matches,UCL,19-20
f6ac68c1,558,Stefan Savić,MNE,DF,Atlético Madrid,28,1991,4.3,185,41,113,64,8,6,185,0,0,,0,,78,312,162,0,0,0,2,0,96,0,Matches,UCL,19-20
5d4f7d61,559,Patrik Schick,CZE,FW,RB Leipzig,23,1996,2.7,117,4,7,53,59,18,117,9,4,44.4,5,55.6,61,457,180,8,6,1,10,2,86,21,Matches,UCL,19-20
89565ac5,560,Marcel Schmelzer,GER,FW,Dortmund,31,1988,0.0,0,0,0,0,0,0,0,0,0,,0,,0,0,0,0,0,0,0,0,0,0,Matches,UCL,19-20
746fec7d,561,Siebe Schrijvers,BEL,"MF,FW",Club Brugge,23,1996,0.9,60,1,5,19,37,4,60,1,0,0.0,1,100.0,34,111,47,2,2,0,4,1,34,12,Matches,UCL,19-20
fa274d97,562,Nico Schulz,GER,"MF,DF",Dortmund,26,1993,2.5,152,5,31,57,64,8,152,0,0,,0,,94,319,155,5,2,1,3,1,115,26,Matches,UCL,19-20
e613313c,563,Perr Schuurs,NED,DF,Ajax,19,1999,1.2,77,6,46,32,3,0,77,1,1,100.0,0,0.0,54,213,129,0,2,0,0,0,55,1,Matches,UCL,19-20
a45eac1f,564,Haris Seferović,SUI,"FW,MF",Benfica,27,1992,2.3,68,0,3,22,43,12,68,2,1,50.0,1,50.0,40,180,56,2,1,2,6,4,54,11,Matches,UCL,19-20
d04b94db,565,Nélson Semedo,POR,DF,Barcelona,25,1993,7.0,513,37,125,246,148,17,513,22,18,81.8,4,18.2,300,1512,848,20,21,4,8,5,356,38,Matches,UCL,19-20
c904f3d5,566,Rúben Semedo,POR,DF,Olympiacos,25,1994,6.0,297,56,173,117,8,6,297,1,1,100.0,0,0.0,184,827,449,4,0,0,6,0,203,1,Matches,UCL,19-20
b70bde8f,567,Stefano Sensi,ITA,MF,Inter,23,1995,2.1,149,5,33,81,37,6,149,7,6,85.7,1,14.3,93,457,220,4,4,1,5,2,113,10,Matches,UCL,19-20
10efd0e1,568,Jean Seri,CIV,MF,Galatasaray,28,1991,5.3,366,8,73,214,81,1,366,8,6,75.0,2,25.0,215,927,402,9,10,1,12,4,276,7,Matches,UCL,19-20
6aa3e78b,569,Ryan Sessegnon,ENG,"FW,DF",Tottenham,19,2000,2.2,102,4,31,40,32,5,102,6,1,16.7,5,83.3,61,238,152,3,2,1,4,5,56,12,Matches,UCL,19-20
d4232ba9,570,Petr Ševčík,CZE,MF,Slavia Prague,25,1994,5.0,314,4,49,147,124,11,314,8,4,50.0,4,50.0,213,1527,887,31,15,6,13,7,237,26,Matches,UCL,19-20
6421ec64,571,Xherdan Shaqiri,SUI,MF,Liverpool,27,1991,0.0,4,0,1,3,0,0,4,0,0,,0,,3,2,1,0,0,0,0,0,3,1,Matches,UCL,19-20
8ce063f9,572,Oleg Shatov,RUS,MF,Zenit,29,1990,2.6,156,4,35,69,54,10,156,7,2,28.6,5,71.4,81,329,99,2,2,1,5,1,94,10,Matches,UCL,19-20
03998238,573,Danylo Sikan,UKR,FW,Shakhtar,18,2001,0.0,2,0,0,1,1,0,2,0,0,,0,,0,0,0,0,0,0,0,0,2,0,Matches,UCL,19-20
3eb22ec9,574,Bernardo Silva,POR,"FW,MF",Manchester City,24,1994,4.8,367,3,23,150,194,16,367,10,5,50.0,5,50.0,287,1372,642,14,14,0,4,9,295,60,Matches,UCL,19-20
e2716bd0,575,David Silva,ESP,MF,Manchester City,33,1986,1.4,117,0,5,40,72,15,117,5,5,100.0,0,0.0,82,389,200,7,5,3,5,1,99,16,Matches,UCL,19-20
70cf63ca,576,Rafa Silva,POR,"FW,MF",Benfica,26,1993,1.4,74,1,5,38,31,5,74,7,4,57.1,3,42.9,63,525,293,8,6,1,4,2,67,10,Matches,UCL,19-20
86e7deaf,577,Thiago Silva,BRA,DF,Paris S-G,34,1984,9.0,699,109,343,351,7,2,699,0,0,,0,,394,1484,833,2,2,1,0,0,479,0,Matches,UCL,19-20
73000a79,578,Daley Sinkgraven,NED,"DF,MF",Leverkusen,24,1995,1.1,94,4,31,57,7,0,94,2,2,100.0,0,0.0,71,415,236,3,2,0,2,0,68,0,Matches,UCL,19-20
2acd49b9,579,Moussa Sissoko,FRA,"MF,FW",Tottenham,29,1989,4.7,296,11,48,192,57,5,296,14,7,50.0,7,50.0,197,950,498,10,10,1,4,5,198,8,Matches,UCL,19-20
0638becf,580,Mario Šitum,CRO,MF,Dinamo Zagreb,27,1992,0.0,0,0,0,0,0,0,0,0,0,,0,,0,0,0,0,0,0,0,0,0,0,Matches,UCL,19-20
6250083a,581,Oliver Skipp,ENG,MF,Tottenham,18,2000,0.3,20,1,4,14,2,0,20,1,1,100.0,0,0.0,14,29,11,0,0,0,1,0,15,0,Matches,UCL,19-20
65adf2db,582,Milan Škoda,CZE,"FW,MF",Slavia Prague,33,1986,0.8,26,0,1,16,10,2,26,2,2,100.0,0,0.0,15,59,18,0,1,0,3,0,19,5,Matches,UCL,19-20
30f5ffa9,583,Milan Škriniar,SVK,DF,Inter,24,1995,6.0,385,42,194,179,15,1,385,3,2,66.7,1,33.3,200,972,491,5,5,0,2,2,258,2,Matches,UCL,19-20
76d5857d,584,Igor Smolnikov,RUS,DF,Zenit,30,1988,1.5,79,5,20,45,15,3,79,2,1,50.0,1,50.0,52,387,205,4,3,0,1,2,49,4,Matches,UCL,19-20
cbbfa2e7,585,Fyodor Smolov,RUS,FW,Loko Moscow,29,1990,2.2,87,1,6,40,44,7,87,16,8,50.0,8,50.0,57,472,217,8,6,2,9,6,62,20,Matches,UCL,19-20
2ccd89a3,586,Eduard Sobol,UKR,FW,Club Brugge,24,1995,2.9,161,12,48,69,47,4,161,11,5,45.5,6,54.5,95,554,367,9,4,1,4,2,91,13,Matches,UCL,19-20
fed17f5a,587,Carlos Soler,ESP,MF,Valencia,22,1997,4.4,181,7,35,88,61,8,181,3,2,66.7,1,33.3,96,409,168,6,3,1,4,3,132,11,Matches,UCL,19-20
886f9aac,588,Manor Solomon,ISR,"MF,FW",Shakhtar,20,1999,1.5,61,0,8,24,32,7,61,7,3,42.9,4,57.1,47,362,156,5,2,0,6,1,41,9,Matches,UCL,19-20
6613c819,589,Tomáš Souček,CZE,MF,Slavia Prague,24,1995,6.0,422,34,142,211,73,15,421,7,3,42.9,4,57.1,211,1118,440,7,8,1,6,1,251,14,Matches,UCL,19-20
7b075c75,590,Adama Soumaoro,FRA,DF,Lille,27,1992,1.0,40,4,23,17,0,0,40,0,0,,0,,12,37,14,0,0,0,0,0,18,0,Matches,UCL,19-20
ae59b359,591,Boubakary Soumaré,FRA,MF,Lille,20,1999,5.8,341,12,73,231,49,5,341,27,18,66.7,8,29.6,189,1211,524,11,10,3,7,4,218,7,Matches,UCL,19-20
ac4003af,592,Marco Sportiello,ITA,GK,Atalanta,27,1992,2.0,60,56,60,0,0,0,60,0,0,,0,,33,187,111,0,0,0,0,0,18,0,Matches,UCL,19-20
e07c2923,593,Nicolae Stanciu,ROU,MF,Slavia Prague,26,1993,5.1,349,1,41,153,163,9,349,13,5,38.5,8,61.5,217,1177,544,13,14,3,4,7,240,14,Matches,UCL,19-20
27d902c8,594,Cican Stankovic,AUT,GK,RB Salzburg,26,1992,3.4,97,82,97,0,0,0,97,0,0,,0,,34,231,178,0,0,0,0,0,33,0,Matches,UCL,19-20
ee3519f5,595,Taras Stepanenko,UKR,MF,Shakhtar,29,1989,6.0,356,19,107,217,32,4,356,1,1,100.0,0,0.0,234,958,342,1,2,0,2,3,241,4,Matches,UCL,19-20
b400bde0,596,Raheem Sterling,ENG,"FW,MF",Manchester City,24,1994,6.7,317,4,25,96,198,52,317,29,18,62.1,11,37.9,252,1458,797,31,15,19,16,18,265,77,Matches,UCL,19-20
13b44b02,597,Petar Stojanović,SVN,"DF,MF",Dinamo Zagreb,23,1995,5.6,292,14,74,128,95,6,292,19,5,26.3,14,73.7,153,1043,413,9,16,0,13,3,153,24,Matches,UCL,19-20
5eecec3d,598,John Stones,ENG,DF,Manchester City,25,1994,0.6,24,5,18,5,1,1,24,0,0,,0,,17,76,48,0,0,0,0,0,19,0,Matches,UCL,19-20
a6154613,599,Luis Suárez,URU,FW,Barcelona,32,1987,6.3,242,5,8,107,128,32,241,14,8,57.1,6,42.9,134,613,304,11,4,7,12,4,188,46,Matches,UCL,19-20
e33c06cf,600,Niklas Süle,GER,DF,Bayern Munich,23,1995,3.7,294,32,137,143,14,2,294,0,0,,0,,183,844,548,4,6,0,1,0,229,2,Matches,UCL,19-20
bd20f4eb,601,Aleksei Sutormin,RUS,MF,Zenit,25,1994,0.3,13,1,3,5,5,1,13,0,0,,0,,9,36,20,1,0,0,0,1,9,2,Matches,UCL,19-20
01b8a2b2,602,Wojciech Szczęsny,POL,GK,Juventus,29,1990,7.0,207,179,207,0,0,0,207,0,0,,0,,107,529,328,0,0,0,0,0,85,0,Matches,UCL,19-20
934e1968,603,Dominik Szoboszlai,HUN,MF,RB Salzburg,18,2000,4.3,259,4,45,142,76,10,259,6,2,33.3,4,66.7,138,711,332,9,7,1,11,12,178,18,Matches,UCL,19-20
47dc80f5,604,Adel Taarabt,MAR,MF,Benfica,30,1989,4.0,287,9,43,170,78,6,287,15,11,73.3,4,26.7,191,1171,730,16,11,3,7,5,217,12,Matches,UCL,19-20
2475dcc6,605,Dušan Tadić,SRB,FW,Ajax,30,1988,6.0,247,1,13,82,152,43,247,11,7,63.6,4,36.4,192,854,552,24,12,8,16,11,200,62,Matches,UCL,19-20
f0661424,606,Nicolás Tagliafico,ARG,DF,Ajax,26,1992,6.0,423,29,107,213,105,9,423,6,5,83.3,1,16.7,230,712,348,5,7,0,6,2,220,22,Matches,UCL,19-20
bd142efb,607,Jonathan Tah,GER,DF,Leverkusen,23,1996,5.0,427,27,196,215,16,2,427,0,0,,0,,278,1395,730,5,2,0,2,2,312,0,Matches,UCL,19-20
7272a72a,608,Taison,BRA,"MF,FW",Shakhtar,31,1988,5.0,357,2,34,196,133,12,357,18,14,77.8,4,22.2,299,2511,1468,43,31,3,14,5,306,32,Matches,UCL,19-20
b698cfc6,609,Laco Takács,CZE,DF,Slavia Prague,23,1996,1.0,62,11,35,23,4,1,62,0,0,,0,,28,120,47,0,2,1,1,2,28,0,Matches,UCL,19-20
8da74c05,610,Adrien Tameze,CMR,MF,Atalanta,25,1994,0.1,3,1,1,1,1,0,3,0,0,,0,,2,7,5,0,1,0,0,0,2,0,Matches,UCL,19-20
e9971f2d,611,Japhet Tanganga,ENG,DF,Tottenham,20,1999,1.0,37,6,17,20,0,0,37,0,0,,0,,24,53,24,0,0,0,0,0,23,0,Matches,UCL,19-20
4d0eb7d2,612,Percy Tau,RSA,FW,Club Brugge,25,1994,2.6,100,1,8,31,61,7,100,2,1,50.0,1,50.0,75,283,71,3,4,2,9,2,74,30,Matches,UCL,19-20
70bc68ef,613,David Tavares,CPV,MF,Benfica,20,1999,0.3,9,0,2,6,1,0,9,0,0,,0,,7,31,4,0,0,0,0,1,10,2,Matches,UCL,19-20
0dce3356,614,Tomás Tavares,POR,DF,Benfica,18,2001,5.0,371,17,115,159,99,5,371,10,3,30.0,7,70.0,201,929,460,7,8,2,12,2,224,37,Matches,UCL,19-20
e8ed3abc,615,Stanislav Tecl,CZE,FW,Slavia Prague,28,1990,1.5,40,0,2,12,27,5,40,3,1,33.3,2,66.7,27,126,42,1,2,1,5,0,30,10,Matches,UCL,19-20
6f51e382,616,Marc-André ter Stegen,GER,GK,Barcelona,27,1992,8.0,302,270,302,0,0,0,302,0,0,,0,,154,648,463,0,0,0,0,1,156,0,Matches,UCL,19-20
5148dcc5,617,Martin Terrier,FRA,"FW,MF",Lyon,22,1997,2.7,115,0,7,61,47,8,115,8,5,62.5,3,37.5,58,404,194,7,4,2,5,4,81,20,Matches,UCL,19-20
7120a04d,618,Tetê,BRA,MF,Shakhtar,19,2000,1.7,71,0,6,27,38,11,70,7,2,28.6,5,71.4,51,357,214,9,2,4,1,1,55,17,Matches,UCL,19-20
77d7c96f,619,Kenny Tete,NED,"DF,MF",Lyon,23,1995,1.6,116,10,32,56,31,2,116,6,3,50.0,3,50.0,51,301,179,5,3,0,5,0,50,7,Matches,UCL,19-20
6b994195,620,Kévin Théophile-Catherine,FRA,DF,Dinamo Zagreb,29,1989,4.8,210,34,81,107,24,3,210,5,5,100.0,0,0.0,98,564,313,5,9,1,2,2,89,2,Matches,UCL,19-20
88f130ed,621,Jean-Clair Todibo,FRA,DF,Barcelona,19,1999,1.0,72,15,42,29,3,1,72,3,2,66.7,1,33.3,46,288,180,0,2,0,1,0,40,0,Matches,UCL,19-20
5ceba7fc,622,Karl Toko Ekambi,CMR,FW,Lyon,26,1992,3.1,94,2,7,35,52,10,94,8,2,25.0,6,75.0,57,342,127,7,2,4,4,2,64,25,Matches,UCL,19-20
652d4c37,623,Corentin Tolisso,FRA,MF,Bayern Munich,24,1994,3.8,311,5,35,192,87,18,311,1,1,100.0,0,0.0,208,941,409,12,5,1,4,2,252,22,Matches,UCL,19-20
c56dc39e,624,Rafael Tolói,ITA,DF,Atalanta,28,1990,7.0,409,27,136,238,38,8,409,0,0,,0,,238,1164,656,4,6,0,3,1,259,6,Matches,UCL,19-20
c2604e3c,625,Tomané,POR,FW,Red Star,26,1992,2.3,53,2,2,25,26,10,52,2,0,0.0,2,100.0,32,112,24,1,1,1,6,3,44,10,Matches,UCL,19-20
02ef8778,626,Raúl de Tomás,ESP,"FW,MF",Benfica,24,1994,1.4,54,5,7,21,26,5,54,1,1,100.0,0,0.0,36,188,74,2,3,0,7,4,39,9,Matches,UCL,19-20
7edfbb8a,627,Fikayo Tomori,ENG,DF,Chelsea,21,1997,4.0,311,19,137,150,26,7,311,4,4,100.0,0,0.0,193,896,376,2,5,2,6,1,203,1,Matches,UCL,19-20
8ea2c099,628,Vasilis Torosidis,GRE,DF,Olympiacos,34,1985,1.0,43,3,15,20,8,0,43,1,1,100.0,0,0.0,15,77,60,2,0,0,0,0,21,2,Matches,UCL,19-20
9e1035f8,629,Ferrán Torres,ESP,MF,Valencia,19,2000,5.3,281,6,37,120,129,19,281,22,12,54.5,10,45.5,181,1114,565,18,12,5,14,14,195,50,Matches,UCL,19-20
71ec39ef,630,Lucas Tousart,FRA,MF,Lyon,22,1997,6.7,358,14,81,221,63,3,358,6,5,83.3,1,16.7,202,939,356,8,5,0,10,4,203,4,Matches,UCL,19-20
c47541e0,631,Bertrand Traoré,BFA,"FW,MF",Lyon,23,1995,2.6,166,4,22,73,73,11,166,14,11,78.6,3,21.4,111,837,488,19,14,4,11,6,118,24,Matches,UCL,19-20
4c5e78da,632,Ibrahim Traoré,CIV,"MF,FW",Slavia Prague,30,1988,1.9,93,5,18,49,26,2,93,1,0,0.0,1,100.0,53,295,150,2,0,0,2,3,62,4,Matches,UCL,19-20
21512407,633,Kieran Trippier,ENG,DF,Atlético Madrid,28,1990,6.0,475,23,110,190,181,8,474,9,3,33.3,6,66.7,219,951,389,6,8,1,2,2,266,56,Matches,UCL,19-20
f315ca93,634,Kostas Tsimikas,GRE,DF,Olympiacos,23,1996,6.0,358,36,154,142,65,4,358,18,14,77.8,4,22.2,186,1120,628,23,11,1,7,2,187,23,Matches,UCL,19-20
1a799243,635,Andreas Ulmer,AUT,DF,RB Salzburg,33,1985,6.0,389,15,99,186,109,8,389,7,5,71.4,2,28.6,160,770,467,11,6,6,8,3,195,24,Matches,UCL,19-20
3eed9821,636,Samuel Umtiti,FRA,DF,Barcelona,25,1993,3.0,256,26,82,162,14,1,256,1,1,100.0,0,0.0,191,1101,747,2,5,0,0,1,203,0,Matches,UCL,19-20
d248cd8f,637,Dayot Upamecano,FRA,DF,RB Leipzig,20,1998,7.3,623,51,242,356,35,8,623,16,15,93.8,1,6.3,421,2766,1754,11,13,0,6,3,421,3,Matches,UCL,19-20
d75f3980,638,Jere Uronen,FIN,DF,Genk,25,1994,3.0,181,12,50,84,48,2,181,3,1,33.3,2,66.7,69,259,126,1,4,0,3,1,84,11,Matches,UCL,19-20
7a4cea18,639,Mathieu Valbuena,FRA,MF,Olympiacos,34,1984,1.2,78,0,5,45,29,1,77,1,0,0.0,1,100.0,51,196,67,2,2,0,3,6,67,3,Matches,UCL,19-20
0e21fc3c,640,Borja Valero,ESP,MF,Inter,34,1985,1.7,97,7,27,54,16,2,97,3,2,66.7,1,33.3,45,315,163,3,4,0,1,0,52,1,Matches,UCL,19-20
9778d8dd,641,Albert Vallci,AUT,DF,RB Salzburg,24,1995,0.0,2,2,2,0,0,0,2,0,0,,0,,0,0,0,0,0,0,0,0,0,0,Matches,UCL,19-20
0bc4e720,642,Manu Vallejo,ESP,"FW,MF",Valencia,22,1997,0.8,30,2,4,11,16,2,30,4,2,50.0,2,50.0,15,98,31,2,3,0,3,0,18,6,Matches,UCL,19-20
0959c2a2,643,Federico Valverde,URU,MF,Real Madrid,21,1998,3.9,261,4,32,148,84,6,261,5,4,80.0,1,20.0,149,674,334,8,9,1,5,2,191,15,Matches,UCL,19-20
e06683ca,644,Virgil van Dijk,NED,DF,Liverpool,28,1991,8.3,812,55,284,498,34,15,812,2,1,50.0,1,50.0,539,1885,966,2,4,0,2,0,574,5,Matches,UCL,19-20
392a7aea,645,Hans Vanaken,BEL,MF,Club Brugge,26,1992,6.0,326,11,66,163,101,5,326,9,8,88.9,1,11.1,222,842,327,0,5,0,7,6,211,19,Matches,UCL,19-20
f9e0c603,646,Maarten Vandevoordt,BEL,GK,Genk,17,2002,1.0,33,27,33,0,0,0,33,0,0,,0,,13,63,30,0,0,0,1,0,20,0,Matches,UCL,19-20
9f8e9423,647,Raphaël Varane,FRA,DF,Real Madrid,26,1993,8.0,591,63,328,248,16,9,591,4,4,100.0,0,0.0,390,2535,1394,4,5,0,1,1,435,1,Matches,UCL,19-20
fd51b456,648,Lucas Vázquez,ESP,"FW,MF",Real Madrid,28,1991,1.1,75,0,3,29,43,9,75,4,1,25.0,3,75.0,60,260,131,6,3,3,2,3,65,20,Matches,UCL,19-20
44ac04e9,649,Matías Vecino,URU,MF,Inter,27,1991,2.6,123,4,24,61,39,4,123,4,2,50.0,2,50.0,49,288,214,7,3,0,1,1,67,6,Matches,UCL,19-20
dad4b285,650,Joël Veltman,NED,DF,Ajax,27,1992,4.7,299,40,175,120,6,3,299,0,0,,0,,198,1024,462,2,0,1,1,2,177,1,Matches,UCL,19-20
1467af0d,651,Marco Verratti,ITA,MF,Paris S-G,26,1992,6.5,674,20,153,430,102,2,674,11,8,72.7,3,27.3,465,1952,1041,13,15,2,13,11,545,10,Matches,UCL,19-20
ba23a904,652,Jan Vertonghen,BEL,DF,Tottenham,32,1987,2.8,220,34,104,113,4,0,220,0,0,,0,,160,747,423,1,1,0,1,1,164,1,Matches,UCL,19-20
67cdbc0e,653,Arturo Vidal,CHI,"MF,FW",Barcelona,32,1987,4.7,317,5,41,161,116,13,317,3,1,33.3,2,66.7,174,579,258,5,7,0,7,2,244,29,Matches,UCL,19-20
8b529245,654,Carlos Vinícius,BRA,FW,Benfica,24,1995,3.6,76,1,4,33,41,9,76,2,1,50.0,1,50.0,49,268,74,4,4,2,13,7,58,13,Matches,UCL,19-20
db750822,655,Vitolo,ESP,"FW,MF",Atlético Madrid,29,1989,1.3,64,2,7,23,35,5,64,11,7,63.6,4,36.4,43,297,151,4,4,1,2,0,47,14,Matches,UCL,19-20
03df04ff,656,Odisseas Vlachodimos,GRE,GK,Benfica,25,1994,6.0,202,181,202,0,0,0,202,0,0,,0,,97,465,311,0,0,0,0,0,67,0,Matches,UCL,19-20
5064d4c1,657,Thibault Vlietinck,BEL,FW,Club Brugge,21,1997,0.8,42,1,2,20,20,1,42,0,0,,0,,24,124,69,3,2,1,0,0,32,8,Matches,UCL,19-20
64f69877,658,Kevin Volland,GER,FW,Leverkusen,27,1992,5.1,199,3,16,90,94,24,199,7,5,71.4,2,28.6,132,728,366,17,11,6,20,9,154,34,Matches,UCL,19-20
c24544c7,659,Ruud Vormer,NED,MF,Club Brugge,31,1988,2.9,133,5,27,62,50,2,133,0,0,,0,,78,240,97,2,2,0,5,3,71,14,Matches,UCL,19-20
d0d8dd44,660,Stefan de Vrij,NED,DF,Inter,27,1992,6.0,414,43,233,177,7,2,414,2,1,50.0,1,50.0,223,1659,984,3,3,0,4,0,266,0,Matches,UCL,19-20
46a8347f,661,Šime Vrsaljko,CRO,DF,Atlético Madrid,27,1992,1.3,55,10,22,16,17,1,55,0,0,,0,,9,34,8,0,1,0,2,1,17,2,Matches,UCL,19-20
82a8d4cc,662,Aleksa Vukanović,SRB,"MF,FW",Red Star,27,1992,1.9,63,7,16,35,14,5,63,2,1,50.0,1,50.0,33,228,100,5,1,1,10,2,32,10,Matches,UCL,19-20
5944af8f,663,Miloš Vulić,SRB,MF,Red Star,22,1996,2.1,112,5,27,72,13,2,112,2,1,50.0,1,50.0,68,428,167,3,1,0,6,1,77,7,Matches,UCL,19-20
808df563,664,Moussa Wagué,SEN,FW,Barcelona,20,1998,1.0,92,2,25,36,32,2,92,3,2,66.7,1,33.3,64,265,155,3,6,1,3,1,70,5,Matches,UCL,19-20
86dd77d1,665,Kyle Walker,ENG,DF,Manchester City,29,1990,4.9,383,15,84,246,55,1,383,10,8,80.0,2,20.0,250,1282,629,14,14,0,4,4,265,13,Matches,UCL,19-20
984a5a64,666,Kyle Walker-Peters,ENG,DF,Tottenham,22,1997,1.0,56,6,23,19,14,2,56,5,1,20.0,4,80.0,30,113,39,1,1,1,1,0,26,3,Matches,UCL,19-20
e0900238,667,Victor Wanyama,KEN,MF,Tottenham,28,1991,0.1,9,1,1,8,0,0,9,0,0,,0,,6,34,7,0,0,0,0,0,6,0,Matches,UCL,19-20
d83bbc54,668,Daniel Wass,DEN,"DF,MF",Valencia,30,1989,8.0,549,31,165,269,118,2,549,4,2,50.0,2,50.0,278,1409,768,20,14,0,7,3,323,31,Matches,UCL,19-20
346d51d9,669,Julian Weigl,GER,"MF,DF",Dortmund,23,1995,3.8,333,12,70,220,43,1,333,2,2,100.0,0,0.0,212,831,330,0,8,0,2,1,260,5,Matches,UCL,19-20
30c220c3,670,Mitchell Weiser,GER,DF,Leverkusen,25,1994,3.0,278,5,69,138,73,2,278,5,3,60.0,2,40.0,152,655,412,5,8,1,6,3,180,8,Matches,UCL,19-20
f9acca3a,671,Wendell,BRA,DF,Leverkusen,26,1993,3.9,361,11,104,205,55,2,361,4,4,100.0,0,0.0,215,960,479,3,3,0,3,1,242,6,Matches,UCL,19-20
49fe9070,672,Timo Werner,GER,"FW,MF",RB Leipzig,23,1996,6.4,361,2,18,128,217,46,359,19,7,36.8,12,63.2,218,1204,685,26,13,12,22,3,282,76,Matches,UCL,19-20
eb58eef0,673,Georginio Wijnaldum,NED,MF,Liverpool,28,1990,6.1,416,3,36,249,137,26,416,20,14,70.0,6,30.0,282,1584,824,26,20,5,21,4,315,19,Matches,UCL,19-20
8b9ebd03,674,Willian,BRA,"FW,MF",Chelsea,30,1988,5.9,342,1,22,127,205,21,342,40,28,70.0,12,30.0,232,1652,919,33,20,7,12,10,261,59,Matches,UCL,19-20
2f7acede,675,Harry Winks,ENG,MF,Tottenham,23,1996,4.9,378,12,69,255,58,1,378,12,9,75.0,3,25.0,265,1129,511,6,4,1,8,3,262,4,Matches,UCL,19-20
5dfc6ad5,676,Axel Witsel,BEL,MF,Dortmund,30,1989,6.8,577,10,128,321,133,4,577,10,10,100.0,0,0.0,390,1706,646,9,11,0,1,11,451,10,Matches,UCL,19-20
4b803b3c,677,Maximilian Wöber,AUT,DF,RB Salzburg,21,1998,6.0,388,51,181,193,18,5,388,6,5,83.3,1,16.7,159,1052,689,7,5,0,0,0,204,1,Matches,UCL,19-20
f3600c02,678,Xeka,POR,MF,Lille,24,1994,1.3,78,3,14,56,9,0,78,0,0,,0,,33,131,56,0,0,0,3,5,43,0,Matches,UCL,19-20
b7481dc0,679,Erencan Yardimci,TUR,MF,Galatasaray,17,2002,0.0,3,0,0,2,1,0,3,0,0,,0,,1,1,0,0,0,0,1,0,1,0,Matches,UCL,19-20
f5c8b425,680,Yusuf Yazıcı,TUR,"FW,MF",Lille,22,1997,4.1,230,1,25,101,111,12,230,13,7,53.8,6,46.2,129,712,431,13,14,6,13,5,151,23,Matches,UCL,19-20
228f73ae,681,Amin Younes,GER,FW,Napoli,25,1993,0.1,6,1,2,3,1,0,6,1,0,0.0,1,100.0,2,6,2,0,0,0,0,0,1,0,Matches,UCL,19-20
3318193b,682,Abdulla Yusuf Helal,BHR,FW,Slavia Prague,26,1993,0.4,15,0,0,6,10,3,15,1,0,0.0,1,100.0,12,64,22,1,3,0,1,3,14,2,Matches,UCL,19-20
a4effc55,683,Dan-Axel Zagadou,FRA,DF,Dortmund,20,1999,3.2,234,17,113,116,9,3,234,1,0,0.0,1,100.0,137,616,284,0,0,0,1,0,167,1,Matches,UCL,19-20
d3de9af0,684,Duván Zapata,COL,FW,Atalanta,28,1991,3.6,141,5,8,46,87,25,141,8,3,37.5,5,62.5,105,533,214,12,4,4,20,10,111,36,Matches,UCL,19-20
bc647827,685,Jaroslav Zelený,CZE,"MF,FW",Slavia Prague,26,1992,1.2,55,1,7,26,22,5,55,5,2,40.0,3,60.0,32,162,44,1,4,1,5,3,37,6,Matches,UCL,19-20
ed87a229,686,Rifat Zhemaletdinov,RUS,"MF,FW",Loko Moscow,22,1996,4.0,166,9,51,70,48,6,166,12,6,50.0,6,50.0,93,589,248,7,7,1,13,11,108,9,Matches,UCL,19-20
ed2b33cb,687,Yuri Zhirkov,RUS,"DF,MF",Zenit,35,1983,0.8,34,0,6,8,21,3,34,0,0,,0,,20,119,50,2,2,0,2,2,21,5,Matches,UCL,19-20
a5296e55,688,Piotr Zieliński,POL,MF,Napoli,25,1994,5.8,282,8,51,155,78,6,282,12,5,41.7,7,58.3,174,977,570,14,17,0,9,5,204,23,Matches,UCL,19-20
51cf8561,689,Oleksandr Zinchenko,UKR,"DF,MF",Manchester City,22,1996,1.3,121,3,16,84,23,0,121,0,0,,0,,98,262,142,1,1,0,1,0,97,4,Matches,UCL,19-20
028e70b9,690,Joshua Zirkzee,NED,FW,Bayern Munich,18,2001,0.1,1,0,0,1,0,0,1,0,0,,0,,1,3,0,0,0,0,0,0,1,0,Matches,UCL,19-20
6622454d,691,Hakim Ziyech,MAR,"FW,MF",Ajax,26,1993,5.5,413,0,35,163,221,16,413,20,13,65.0,7,35.0,306,1471,730,20,21,4,13,8,292,34,Matches,UCL,19-20
ce4246f5,692,Kurt Zouma,FRA,DF,Chelsea,24,1994,6.8,443,52,242,193,11,5,443,6,5,83.3,1,16.7,299,1496,747,3,1,0,0,0,330,0,Matches,UCL,19-20
aca5a6f7,693,Marko Đira,CRO,"MF,FW",Dinamo Zagreb,20,1999,0.7,31,1,9,19,4,0,31,1,1,100.0,0,0.0,16,68,18,0,0,0,0,0,17,0,Matches,UCL,19-20
