id,Unnamed: 0_level_0,Unnamed: 1_level_0,Unnamed: 2_level_0,Unnamed: 3_level_0,Unnamed: 4_level_0,Unnamed: 5_level_0,Unnamed: 6_level_0,Unnamed: 7_level_0,Tackles,Tackles,Tackles,Tackles,Tackles,Challenges,Challenges,Challenges,Challenges,Blocks,Blocks,Blocks,Unnamed: 20_level_0,Unnamed: 21_level_0,Unnamed: 22_level_0,Unnamed: 23_level_0,Unnamed: 24_level_0,Unnamed: league,Unnamed: season
,Rk,Player,Nation,Pos,Squad,Age,Born,90s,Tkl,TklW,Def 3rd,Mid 3rd,Att 3rd,Tkl,Att,Tkl%,Lost,Blocks,Sh,Pass,Int,Tkl+Int,Clr,Err,Matches,league,season
4dcec659,1,Simon Adingra,CIV,FW,Brighton,22-240,2002,0.5,1,1,0,1,0,1,1,100.0,0,0,0,0,2,3,0,0,Matches,ENG-EPL,24-25
246d153b,2,Ola Aina,NGA,DF,Nott'ham Forest,27-325,1996,1.6,2,2,1,1,0,1,1,100.0,0,3,1,2,4,6,5,0,Matches,ENG-EPL,24-25
9b398aea,3,Rayan Aït-Nouri,ALG,DF,Wolves,23-083,2001,1.7,5,4,4,1,0,3,4,75.0,1,2,0,2,1,6,1,0,Matches,ENG-EPL,24-25
a8c0acb7,4,Kristoffer Ajer,NOR,DF,Brentford,26-133,1998,2.0,2,0,2,0,0,1,2,50.0,1,0,0,0,1,3,3,0,Matches,ENG-EPL,24-25
89ac64a6,5,Manuel Akanji,SUI,DF,Manchester City,29-040,1995,2.0,2,1,0,1,1,1,2,50.0,1,2,1,1,0,2,5,0,Matches,ENG-EPL,24-25
4abac767,6,Carlos Alcaraz,ARG,MF,Southampton,21-272,2002,0.1,0,0,0,0,0,0,0,,0,0,0,0,1,1,0,0,Matches,ENG-EPL,24-25
cd1acf9d,7,Trent Alexander-Arnold,ENG,DF,Liverpool,25-326,1998,1.6,2,0,1,0,1,2,3,66.7,1,4,1,3,0,2,2,0,Matches,ENG-EPL,24-25
7a2e46a8,8,Alisson,BRA,GK,Liverpool,31-331,1992,2.0,0,0,0,0,0,0,0,,0,0,0,0,0,0,0,0,Matches,ENG-EPL,24-25
862a1c15,9,Miguel Almirón,PAR,FW,Newcastle Utd,30-200,1994,0.0,0,0,0,0,0,0,0,,0,0,0,0,0,0,0,0,Matches,ENG-EPL,24-25
8b3ab7ad,10,Edson Álvarez,MEX,MF,West Ham,26-309,1997,0.1,1,1,1,0,0,1,1,100.0,0,1,1,0,0,1,1,0,Matches,ENG-EPL,24-25
9eedf0e0,11,Samuel Amo-Ameyaw,ENG,DF,Southampton,18-041,2006,0.1,0,0,0,0,0,0,0,,0,0,0,0,0,0,0,0,Matches,ENG-EPL,24-25
e34fc66d,12,Joachim Andersen,DEN,DF,Crystal Palace,28-089,1996,1.0,1,1,1,0,0,1,2,50.0,1,0,0,0,0,1,7,0,Matches,ENG-EPL,24-25
de31038e,13,Elliot Anderson,SCO,"MF,FW",Nott'ham Forest,21-296,2002,1.0,4,3,3,0,1,3,4,75.0,1,3,1,2,2,6,4,0,Matches,ENG-EPL,24-25
ac05f970,14,Michail Antonio,JAM,FW,West Ham,34-153,1990,1.5,0,0,0,0,0,0,0,,0,1,0,1,0,0,0,0,Matches,ENG-EPL,24-25
99127249,15,Antony,BRA,FW,Manchester Utd,24-186,2000,0.0,1,0,1,0,0,1,2,50.0,1,0,0,0,0,1,0,0,Matches,ENG-EPL,24-25
8f4541c2,16,Julian Araujo,MEX,DF,Bournemouth,23-015,2001,1.3,1,0,1,0,0,1,1,100.0,0,1,0,1,0,1,4,0,Matches,ENG-EPL,24-25
05e8ca6d,17,Cameron Archer,ENG,FW,Southampton,23-038,2001,0.4,0,0,0,0,0,0,0,,0,0,0,0,0,0,0,0,Matches,ENG-EPL,24-25
2f965a72,18,Alphonse Areola,FRA,GK,West Ham,31-183,1993,2.0,1,1,1,0,0,1,2,50.0,1,0,0,0,0,1,0,0,Matches,ENG-EPL,24-25
328f7d51,19,Joe Aribo,NGA,MF,Southampton,28-038,1996,1.6,2,1,0,0,2,1,1,100.0,0,2,2,0,1,3,2,0,Matches,ENG-EPL,24-25
68c720b5,20,Adam Armstrong,ENG,FW,Southampton,27-200,1997,1.8,3,1,1,1,1,1,1,100.0,0,0,0,0,0,3,1,0,Matches,ENG-EPL,24-25
de59e609,21,Harrison Armstrong,ENG,MF,Everton,17-222,2007,0.0,0,0,0,0,0,0,1,0.0,1,0,0,0,0,0,0,0,Matches,ENG-EPL,24-25
e5478b87,22,Taiwo Awoniyi,NGA,FW,Nott'ham Forest,27-016,1997,0.4,1,0,0,1,0,1,1,100.0,0,0,0,0,0,1,1,0,Matches,ENG-EPL,24-25
f173303a,23,Yasin Ayari,SWE,"FW,MF",Brighton,20-327,2003,0.0,0,0,0,0,0,0,0,,0,2,1,1,0,0,0,0,Matches,ENG-EPL,24-25
da052c14,24,Jordan Ayew,GHA,"FW,MF",Crystal Palace,32-352,1991,0.2,1,0,0,0,1,0,0,,0,0,0,0,0,1,0,0,Matches,ENG-EPL,24-25
da052c14,25,Jordan Ayew,GHA,FW,Leicester City,32-352,1991,0.3,0,0,0,0,0,0,0,,0,0,0,0,0,0,0,0,Matches,ENG-EPL,24-25
3a233281,26,Leon Bailey,JAM,"MF,FW",Aston Villa,27-019,1997,1.8,2,0,0,1,1,0,0,,0,1,0,1,0,2,3,0,Matches,ENG-EPL,24-25
a1390d2f,27,Carlos Baleba,CMR,MF,Brighton,20-238,2004,0.2,1,1,0,1,0,0,1,0.0,1,0,0,0,0,1,0,0,Matches,ENG-EPL,24-25
3a24769f,28,Ross Barkley,ENG,MF,Aston Villa,30-267,1993,0.2,0,0,0,0,0,0,0,,0,0,0,0,0,0,0,0,Matches,ENG-EPL,24-25
3ea50f67,29,Harvey Barnes,ENG,FW,Newcastle Utd,26-263,1997,0.6,0,0,0,0,0,0,0,,0,0,0,0,0,0,0,0,Matches,ENG-EPL,24-25
a36524bf,30,Calvin Bassey,NGA,DF,Fulham,24-241,1999,2.0,1,1,0,1,0,1,1,100.0,0,4,2,2,0,1,4,1,Matches,ENG-EPL,24-25
4115ce4e,31,Jan Bednarek,POL,DF,Southampton,28-138,1996,1.9,1,0,1,0,0,1,2,50.0,1,1,0,1,1,2,7,0,Matches,ENG-EPL,24-25
10f0fdd3,32,Jean-Ricner Bellegarde,FRA,"FW,MF",Wolves,26-062,1998,1.4,3,2,1,2,0,0,1,0.0,1,2,0,2,0,3,0,0,Matches,ENG-EPL,24-25
3b8674e6,33,Rodrigo Bentancur,URU,MF,Tottenham,27-064,1997,0.9,3,3,1,2,0,2,2,100.0,0,0,0,0,2,5,0,0,Matches,ENG-EPL,24-25
a109e5c8,34,Lucas Bergvall,SWE,MF,Tottenham,18-208,2006,0.3,4,1,0,2,2,4,6,66.7,2,0,0,0,0,4,0,0,Matches,ENG-EPL,24-25
505486d6,35,Victor Bernth Kristiansen,DEN,"DF,MF",Leicester City,21-256,2002,1.9,5,5,4,1,0,3,5,60.0,2,3,2,1,3,8,9,0,Matches,ENG-EPL,24-25
ed5c0319,36,Beto,GNB,FW,Everton,26-210,1998,0.4,1,0,0,0,1,0,0,,0,1,0,1,0,1,0,0,Matches,ENG-EPL,24-25
d328a254,37,Philip Billing,DEN,MF,Bournemouth,28-078,1996,0.1,1,0,1,0,0,0,0,,0,0,0,0,0,1,0,0,Matches,ENG-EPL,24-25
6c203af0,38,Yves Bissouma,MLI,MF,Tottenham,27-364,1996,0.8,2,2,0,2,0,2,3,66.7,1,0,0,0,1,3,1,0,Matches,ENG-EPL,24-25
a4ac4b8f,39,Willy Boly,CIV,DF,Nott'ham Forest,33-207,1991,1.0,4,0,3,1,0,3,3,100.0,0,3,1,2,1,5,8,0,Matches,ENG-EPL,24-25
79c84d1c,40,Jarrod Bowen,ENG,MF,West Ham,27-252,1996,1.8,1,0,0,0,1,0,1,0.0,1,2,0,2,0,1,4,0,Matches,ENG-EPL,24-25
bbd67769,41,Conor Bradley,NIR,DF,Liverpool,21-050,2003,0.4,0,0,0,0,0,0,0,,0,0,0,0,1,1,1,0,Matches,ENG-EPL,24-25
57827369,42,Ben Brereton,CHI,FW,Southampton,25-132,1999,1.8,1,1,0,0,1,1,1,100.0,0,0,0,0,0,1,1,0,Matches,ENG-EPL,24-25
468a7a91,43,Facundo Buonanotte,ARG,"MF,FW",Leicester City,19-249,2004,1.6,6,2,2,2,2,4,6,66.7,2,3,0,3,1,7,0,0,Matches,ENG-EPL,24-25
b2d31e83,44,Dan Burn,ENG,DF,Newcastle Utd,32-111,1992,2.0,2,0,2,0,0,1,1,100.0,0,3,3,0,2,4,12,0,Matches,ENG-EPL,24-25
b3fe23c6,45,Wes Burns,WAL,FW,Ipswich Town,29-279,1994,0.6,0,0,0,0,0,0,0,,0,1,0,1,0,0,0,0,Matches,ENG-EPL,24-25
16264a81,46,Moisés Caicedo,ECU,MF,Chelsea,22-300,2001,1.8,4,2,0,4,0,1,5,20.0,4,3,0,3,3,7,0,0,Matches,ENG-EPL,24-25
a8748947,47,Tom Cairney,SCO,MF,Fulham,33-221,1991,0.5,2,1,1,0,1,0,1,0.0,1,0,0,0,0,2,0,0,Matches,ENG-EPL,24-25
aded8e6f,48,Riccardo Calafiori,ITA,DF,Arsenal,22-101,2002,0.1,0,0,0,0,0,0,1,0.0,1,1,0,1,1,1,0,0,Matches,ENG-EPL,24-25
59e6e5bf,49,Dominic Calvert-Lewin,ENG,FW,Everton,27-165,1997,1.6,2,1,1,1,0,0,0,,0,0,0,0,2,4,0,0,Matches,ENG-EPL,24-25
966e28d0,50,Fabio Carvalho,POR,"MF,FW",Brentford,21-364,2002,0.4,1,1,0,0,1,0,0,,0,2,0,2,0,1,0,0,Matches,ENG-EPL,24-25
4d224fe8,51,Casemiro,BRA,MF,Manchester Utd,32-187,1992,2.0,9,5,5,2,2,5,7,71.4,2,6,1,5,1,10,5,0,Matches,ENG-EPL,24-25
2389cdc2,52,Matty Cash,POL,DF,Aston Villa,27-021,1997,1.1,3,1,0,3,0,0,2,0.0,2,1,0,1,1,4,6,0,Matches,ENG-EPL,24-25
4ec55b87,53,Conor Chaplin,ENG,MF,Ipswich Town,27-194,1997,0.7,2,2,2,0,0,1,1,100.0,0,2,0,2,0,2,0,0,Matches,ENG-EPL,24-25
dc6c2f02,54,Chiquinho,POR,MF,Wolves,24-205,2000,0.1,0,0,0,0,0,0,0,,0,0,0,0,0,0,0,0,Matches,ENG-EPL,24-25
26ce2263,55,Ryan Christie,SCO,MF,Bournemouth,29-188,1995,1.0,1,0,0,1,0,0,0,,0,2,0,2,1,2,2,0,Matches,ENG-EPL,24-25
a8c19eb8,56,Nathan Collins,IRL,DF,Brentford,23-120,2001,2.0,5,2,1,3,1,4,5,80.0,1,9,8,1,1,6,8,0,Matches,ENG-EPL,24-25
700783e7,57,Levi Colwill,ENG,DF,Chelsea,21-184,2003,2.0,2,1,2,0,0,0,1,0.0,1,3,2,1,3,5,8,0,Matches,ENG-EPL,24-25
2afc7272,58,Lewis Cook,ENG,MF,Bournemouth,27-207,1997,1.9,6,4,5,1,0,3,7,42.9,4,3,1,2,3,9,4,0,Matches,ENG-EPL,24-25
fdf3cb77,59,Vladimír Coufal,CZE,DF,West Ham,32-006,1992,1.6,0,0,0,0,0,0,1,0.0,1,2,2,0,2,2,4,0,Matches,ENG-EPL,24-25
4f974391,60,Aaron Cresswell,ENG,DF,West Ham,34-257,1989,0.0,0,0,0,0,0,0,0,,0,0,0,0,0,0,0,0,Matches,ENG-EPL,24-25
1daec722,61,Marc Cucurella,ESP,DF,Chelsea,26-037,1998,1.8,3,3,2,1,0,1,3,33.3,2,1,1,0,2,5,7,0,Matches,ENG-EPL,24-25
dc62b55d,62,Matheus Cunha,BRA,"MF,FW",Wolves,25-093,1999,1.1,2,1,1,0,1,0,1,0.0,1,0,0,0,1,3,3,0,Matches,ENG-EPL,24-25
d9565625,63,Diogo Dalot,POR,DF,Manchester Utd,25-163,1999,2.0,4,3,2,2,0,2,2,100.0,0,3,2,1,3,7,5,0,Matches,ENG-EPL,24-25
215f3907,64,Mikkel Damsgaard,DEN,MF,Brentford,24-056,2000,0.5,0,0,0,0,0,0,1,0.0,1,2,0,2,1,1,0,0,Matches,ENG-EPL,24-25
a816dbfb,65,Danilo,BRA,MF,Nott'ham Forest,23-121,2001,0.2,0,0,0,0,0,0,0,,0,0,0,0,0,0,0,0,Matches,ENG-EPL,24-25
8574c61f,66,Leif Davis,ENG,DF,Ipswich Town,24-229,2000,2.0,5,3,5,0,0,3,4,75.0,1,2,0,2,1,6,9,0,Matches,ENG-EPL,24-25
3e9e06cb,67,Craig Dawson,ENG,DF,Wolves,34-114,1990,0.3,0,0,0,0,0,0,0,,0,0,0,0,2,2,1,0,Matches,ENG-EPL,24-25
e46012d4,68,Kevin De Bruyne,BEL,MF,Manchester City,33-061,1991,2.0,1,1,1,0,0,0,1,0.0,1,0,0,0,1,2,0,0,Matches,ENG-EPL,24-25
dd897ee7,69,Liam Delap,ENG,FW,Ipswich Town,21-202,2003,1.7,1,0,1,0,0,0,0,,0,1,0,1,0,1,5,0,Matches,ENG-EPL,24-25
5c74c0f5,70,Kiernan Dewsbury-Hall,ENG,MF,Chelsea,25-357,1998,0.4,0,0,0,0,0,0,0,,0,1,0,1,1,1,0,1,Matches,ENG-EPL,24-25
9dc96f10,71,Amad Diallo,CIV,FW,Manchester Utd,22-048,2002,1.7,3,2,2,1,0,2,3,66.7,1,0,0,0,2,5,0,0,Matches,ENG-EPL,24-25
31c69ef1,72,Rúben Dias,POR,DF,Manchester City,27-106,1997,2.0,2,0,1,1,0,1,1,100.0,0,0,0,0,5,7,3,0,Matches,ENG-EPL,24-25
4a1a9578,73,Luis Díaz,COL,FW,Liverpool,27-228,1997,1.8,4,3,3,1,0,4,5,80.0,1,1,0,1,0,4,1,0,Matches,ENG-EPL,24-25
bdcc89ae,74,Tyler Dibling,ENG,MF,Southampton,18-169,2006,0.3,1,1,0,1,0,1,2,50.0,1,0,0,0,0,1,0,0,Matches,ENG-EPL,24-25
1b84dbe1,75,Lucas Digne,FRA,DF,Aston Villa,31-039,1993,1.6,6,3,4,0,2,4,6,66.7,2,1,1,0,3,9,6,0,Matches,ENG-EPL,24-25
a712ca2b,76,Issa Diop,FRA,DF,Fulham,27-232,1997,2.0,4,3,2,2,0,3,3,100.0,0,1,1,0,0,4,6,0,Matches,ENG-EPL,24-25
d557d734,77,Matt Doherty,IRL,DF,Wolves,32-225,1992,2.0,6,5,5,1,0,4,5,80.0,1,3,0,3,2,8,8,0,Matches,ENG-EPL,24-25
fffea3e5,78,Jeremy Doku,BEL,FW,Manchester City,22-093,2002,1.8,3,1,1,0,2,1,1,100.0,0,2,0,2,0,3,1,0,Matches,ENG-EPL,24-25
20b3a502,79,Nicolás Domínguez,ARG,"FW,MF",Nott'ham Forest,26-061,1998,0.6,5,2,1,3,1,2,6,33.3,4,0,0,0,0,5,1,0,Matches,ENG-EPL,24-25
02b29014,80,Abdoulaye Doucouré,MLI,MF,Everton,31-240,1993,1.3,1,0,1,0,0,1,1,100.0,0,0,0,0,0,1,1,0,Matches,ENG-EPL,24-25
ce4f40c7,81,Cheick Doucouré,MLI,MF,Crystal Palace,24-233,2000,0.1,0,0,0,0,0,0,0,,0,1,0,1,0,0,0,0,Matches,ENG-EPL,24-25
69fdb896,82,Flynn Downes,ENG,MF,Southampton,25-221,1999,2.0,6,2,4,2,0,2,5,40.0,3,4,1,3,2,8,5,0,Matches,ENG-EPL,24-25
5526deb1,83,Tommy Doyle,ENG,MF,Wolves,22-316,2001,0.0,0,0,0,0,0,0,0,,0,0,0,0,0,0,0,0,Matches,ENG-EPL,24-25
282f75f3,84,Lewis Dunk,ENG,DF,Brighton,32-281,1991,1.8,0,0,0,0,0,0,0,,0,1,1,0,1,1,5,0,Matches,ENG-EPL,24-25
414184f7,85,Jhon Durán,COL,FW,Aston Villa,20-259,2003,0.6,1,1,0,0,1,1,1,100.0,0,0,0,0,0,1,1,0,Matches,ENG-EPL,24-25
3bb7b8b4,86,Ederson,BRA,GK,Manchester City,31-011,1993,2.0,0,0,0,0,0,0,0,,0,0,0,0,0,0,0,0,Matches,ENG-EPL,24-25
46ff3923,87,George Edmundson,ENG,DF,Ipswich Town,26-363,1997,0.0,0,0,0,0,0,0,0,,0,0,0,0,0,0,0,0,Matches,ENG-EPL,24-25
0562b7f1,88,Odsonne Édouard,FRA,"MF,FW",Crystal Palace,26-225,1998,1.3,1,0,0,1,0,0,2,0.0,2,1,0,1,0,1,1,0,Matches,ENG-EPL,24-25
007414dd,89,Samuel Edozie,ENG,"DF,FW",Southampton,21-213,2003,0.7,3,1,0,1,2,2,2,100.0,0,0,0,0,0,3,0,0,Matches,ENG-EPL,24-25
2fba6108,90,Anthony Elanga,SWE,FW,Nott'ham Forest,22-123,2002,1.6,2,1,0,1,1,1,2,50.0,1,0,0,0,1,3,1,0,Matches,ENG-EPL,24-25
b9e1436c,91,Harvey Elliott,ENG,FW,Liverpool,21-146,2003,0.1,0,0,0,0,0,0,0,,0,0,0,0,0,0,0,0,Matches,ENG-EPL,24-25
9cfbad36,92,Julio Enciso,PAR,MF,Brighton,20-218,2004,0.1,0,0,0,0,0,0,0,,0,0,0,0,0,0,0,0,Matches,ENG-EPL,24-25
c149016b,93,Wataru Endo,JPN,MF,Liverpool,31-201,1993,0.0,0,0,0,0,0,0,0,,0,0,0,0,0,0,0,0,Matches,ENG-EPL,24-25
6f3cc2fe,94,Evanilson,BRA,FW,Bournemouth,24-327,1999,0.8,1,1,0,0,1,1,1,100.0,0,2,1,1,0,1,1,0,Matches,ENG-EPL,24-25
f8fcd2a5,95,Jonny Evans,NIR,DF,Manchester Utd,36-238,1988,0.1,0,0,0,0,0,0,0,,0,1,0,1,0,0,1,0,Matches,ENG-EPL,24-25
ae4fc6a4,96,Eberechi Eze,ENG,MF,Crystal Palace,26-060,1998,2.0,3,3,0,3,0,1,2,50.0,1,1,0,1,0,3,1,0,Matches,ENG-EPL,24-25
9c221d14,97,Wout Faes,BEL,DF,Leicester City,26-147,1998,2.0,1,1,1,0,0,1,1,100.0,0,8,4,4,3,4,14,1,Matches,ENG-EPL,24-25
bceda5ff,98,Abdul Fatawu Issahaku,GHA,"FW,MF",Leicester City,20-173,2004,2.0,11,9,8,0,3,7,10,70.0,3,3,0,3,2,13,6,0,Matches,ENG-EPL,24-25
8aafd64f,99,João Félix,POR,"MF,FW",Chelsea,24-292,1999,0.3,0,0,0,0,0,0,0,,0,1,0,1,0,0,0,0,Matches,ENG-EPL,24-25
507c7bdf,100,Bruno Fernandes,POR,"FW,MF",Manchester Utd,29-355,1994,1.9,3,1,0,2,1,2,6,33.3,4,0,0,0,0,3,0,0,Matches,ENG-EPL,24-25
ef491564,101,Mateus Fernandes,POR,"MF,DF",Southampton,20-049,2004,0.2,0,0,0,0,0,0,0,,0,2,0,2,0,0,0,0,Matches,ENG-EPL,24-25
5ff4ab71,102,Enzo Fernández,ARG,MF,Chelsea,23-224,2001,2.0,6,5,1,3,2,4,8,50.0,4,1,1,0,0,6,1,1,Matches,ENG-EPL,24-25
a92ab7be,103,Mark Flekken,NED,GK,Brentford,31-076,1993,2.0,1,1,1,0,0,1,1,100.0,0,0,0,0,0,1,3,0,Matches,ENG-EPL,24-25
ed1e53f3,104,Phil Foden,ENG,FW,Manchester City,24-092,2000,0.5,0,0,0,0,0,0,0,,0,1,1,0,2,2,1,0,Matches,ENG-EPL,24-25
132a82f1,105,Wesley Fofana,FRA,DF,Chelsea,23-255,2000,2.0,1,1,0,1,0,0,2,0.0,2,2,1,1,2,3,6,0,Matches,ENG-EPL,24-25
4f16405e,106,Niclas Füllkrug,GER,FW,West Ham,31-201,1993,0.5,0,0,0,0,0,0,0,,0,0,0,0,0,0,2,0,Matches,ENG-EPL,24-25
1971591f,107,Cody Gakpo,NED,FW,Liverpool,25-113,1999,0.3,1,0,1,0,0,0,0,,0,0,0,0,0,1,1,0,Matches,ENG-EPL,24-25
72c812f3,108,Idrissa Gana Gueye,SEN,MF,Everton,34-337,1989,2.0,10,5,5,3,2,2,3,66.7,1,4,0,4,1,11,1,0,Matches,ENG-EPL,24-25
7aa8adfe,109,Alejandro Garnacho,ARG,FW,Manchester Utd,20-058,2004,0.6,1,1,0,1,0,0,1,0.0,1,0,0,0,0,1,1,0,Matches,ENG-EPL,24-25
32f60ed8,110,Morgan Gibbs-White,ENG,MF,Nott'ham Forest,24-214,2000,2.0,4,0,0,4,0,0,0,,0,0,0,0,2,6,0,0,Matches,ENG-EPL,24-25
df10e27c,111,Billy Gilmour,SCO,MF,Brighton,23-078,2001,1.1,3,3,2,1,0,3,4,75.0,1,1,0,1,0,3,1,0,Matches,ENG-EPL,24-25
8b57ad2c,112,João Gomes,BRA,MF,Wolves,23-198,2001,1.9,7,4,3,4,0,2,7,28.6,5,3,1,2,1,8,1,0,Matches,ENG-EPL,24-25
8dcf77c0,113,Rodrigo Gomes,POR,"FW,MF",Wolves,21-052,2003,1.1,0,0,0,0,0,0,2,0.0,2,1,0,1,0,0,0,0,Matches,ENG-EPL,24-25
f0caab96,114,Toti Gomes,POR,DF,Wolves,25-225,1999,2.0,3,2,2,1,0,2,2,100.0,0,0,0,0,0,3,5,0,Matches,ENG-EPL,24-25
2bd83368,115,Anthony Gordon,ENG,FW,Newcastle Utd,23-186,2001,1.7,1,1,0,1,0,1,1,100.0,0,0,0,0,0,1,0,0,Matches,ENG-EPL,24-25
b8e740fb,116,Ryan Gravenberch,NED,MF,Liverpool,22-104,2002,2.0,6,4,1,2,3,4,5,80.0,1,5,0,5,2,8,1,0,Matches,ENG-EPL,24-25
f58515f5,117,Archie Gray,ENG,MF,Tottenham,18-169,2006,0.3,2,1,0,0,2,1,3,33.3,2,0,0,0,0,2,1,0,Matches,ENG-EPL,24-25
b0b4fd3e,118,Jack Grealish,ENG,FW,Manchester City,28-353,1995,0.2,1,0,1,0,0,0,0,,0,1,0,1,0,1,1,0,Matches,ENG-EPL,24-25
1f169636,119,Jacob Greaves,ENG,DF,Ipswich Town,23-351,2000,2.0,0,0,0,0,0,0,0,,0,2,1,1,2,2,15,0,Matches,ENG-EPL,24-25
d0706b27,120,Marc Guéhi,ENG,DF,Crystal Palace,24-046,2000,2.0,3,2,3,0,0,3,3,100.0,0,3,3,0,1,4,12,0,Matches,ENG-EPL,24-25
82518f62,121,Bruno Guimarães,BRA,MF,Newcastle Utd,26-286,1997,2.0,10,5,7,2,1,3,3,100.0,0,4,1,3,1,11,5,0,Matches,ENG-EPL,24-25
d3d774cc,122,Marc Guiu,ESP,FW,Chelsea,18-237,2006,0.3,0,0,0,0,0,0,0,,0,0,0,0,0,0,0,0,Matches,ENG-EPL,24-25
819b3158,123,İlkay Gündoğan,GER,MF,Manchester City,33-309,1990,0.2,0,0,0,0,0,0,0,,0,0,0,0,0,0,0,0,Matches,ENG-EPL,24-25
d56b9520,124,Malo Gusto,FRA,DF,Chelsea,21-101,2003,2.0,8,5,4,3,1,4,9,44.4,5,3,0,3,1,9,4,1,Matches,ENG-EPL,24-25
5ad50391,125,Joško Gvardiol,CRO,DF,Manchester City,22-218,2002,2.0,5,3,4,1,0,3,3,100.0,0,1,0,1,4,9,5,0,Matches,ENG-EPL,24-25
1f44ac21,126,Erling Haaland,NOR,FW,Manchester City,24-038,2000,2.0,0,0,0,0,0,0,0,,0,0,0,0,0,0,1,0,Matches,ENG-EPL,24-25
da011f18,127,Lewis Hall,ENG,DF,Newcastle Utd,19-355,2004,1.0,0,0,0,0,0,0,3,0.0,3,6,4,2,1,1,5,0,Matches,ENG-EPL,24-25
8450467d,128,Ali Al Hamadi,IRQ,FW,Ipswich Town,22-180,2002,0.3,0,0,0,0,0,0,1,0.0,1,0,0,0,0,0,2,0,Matches,ENG-EPL,24-25
90e9ca3d,129,Marcus Harness,ENG,MF,Ipswich Town,28-186,1996,0.5,1,0,0,0,1,0,3,0.0,3,2,1,1,0,1,1,0,Matches,ENG-EPL,24-25
aa849a12,130,Jack Harrison,ENG,FW,Everton,27-282,1996,1.6,0,0,0,0,0,0,1,0.0,1,1,0,1,1,1,1,0,Matches,ENG-EPL,24-25
47327321,131,Taylor Harwood-Bellis,ENG,DF,Southampton,22-211,2002,1.8,1,1,1,0,0,0,0,,0,3,3,0,0,1,3,0,Matches,ENG-EPL,24-25
fed7cb61,132,Kai Havertz,GER,FW,Arsenal,25-078,1999,2.0,2,2,1,1,0,0,4,0.0,4,2,0,2,2,4,2,0,Matches,ENG-EPL,24-25
4fd08daa,133,Jan Paul van Hecke,NED,DF,Brighton,24-081,2000,2.0,6,4,4,2,0,3,4,75.0,1,0,0,0,3,9,5,0,Matches,ENG-EPL,24-25
169fd162,134,Hwang Hee-chan,KOR,"FW,MF",Wolves,28-215,1996,1.6,0,0,0,0,0,0,1,0.0,1,2,0,2,1,1,3,0,Matches,ENG-EPL,24-25
e5a76dfe,135,Dean Henderson,ENG,GK,Crystal Palace,27-169,1997,2.0,0,0,0,0,0,0,0,,0,0,0,0,0,0,2,0,Matches,ENG-EPL,24-25
c924b17d,136,Mads Hermansen,DEN,GK,Leicester City,24-048,2000,2.0,0,0,0,0,0,0,0,,0,0,0,0,0,0,0,0,Matches,ENG-EPL,24-25
92e7e919,137,Son Heung-min,KOR,FW,Tottenham,32-051,1992,2.0,0,0,0,0,0,0,3,0.0,3,0,0,0,1,1,3,0,Matches,ENG-EPL,24-25
e98211e7,138,Jack Hinshelwood,ENG,DF,Brighton,19-139,2005,2.0,0,0,0,0,0,0,2,0.0,2,0,0,0,1,1,3,0,Matches,ENG-EPL,24-25
d0042ab9,139,Mason Holgate,ENG,"FW,DF",Everton,27-311,1996,0.1,0,0,0,0,0,0,0,,0,0,0,0,0,0,0,0,Matches,ENG-EPL,24-25
15f3ec41,140,Callum Hudson-Odoi,ENG,FW,Nott'ham Forest,23-295,2000,1.8,2,2,0,2,0,1,1,100.0,0,0,0,0,0,2,2,0,Matches,ENG-EPL,24-25
a0666d3e,141,Will Hughes,ENG,MF,Crystal Palace,29-133,1995,0.9,5,2,0,3,2,2,2,100.0,0,1,0,1,1,6,0,0,Matches,ENG-EPL,24-25
87278bce,142,Dean Huijsen,ESP,DF,Bournemouth,19-136,2005,1.0,0,0,0,0,0,0,0,,0,2,1,1,2,2,6,0,Matches,ENG-EPL,24-25
bd9553e6,143,Omari Hutchinson,ENG,"FW,MF",Ipswich Town,20-303,2003,2.0,0,0,0,0,0,0,4,0.0,4,3,1,2,0,0,1,0,Matches,ENG-EPL,24-25
07802f7f,144,Danny Ings,ENG,FW,West Ham,32-036,1992,0.1,0,0,0,0,0,0,0,,0,0,0,0,0,0,0,0,Matches,ENG-EPL,24-25
84c5ceea,145,Tim Iroegbunam,ENG,MF,Everton,21-059,2003,2.0,10,6,4,2,4,2,2,100.0,0,1,0,1,4,14,2,1,Matches,ENG-EPL,24-25
8e92be30,146,Alexander Isak,SWE,FW,Newcastle Utd,24-342,1999,2.0,1,1,0,1,0,0,0,,0,2,0,2,1,2,3,0,Matches,ENG-EPL,24-25
6ca5ec4b,147,Alex Iwobi,NGA,FW,Fulham,28-117,1996,2.0,4,3,1,2,1,1,1,100.0,0,0,0,0,0,4,1,0,Matches,ENG-EPL,24-25
9c36ed83,148,Nicolas Jackson,SEN,FW,Chelsea,23-069,2001,1.5,0,0,0,0,0,0,0,,0,1,0,1,0,0,1,0,Matches,ENG-EPL,24-25
8449d35e,149,Vitaly Janelt,GER,MF,Brentford,26-110,1998,1.6,4,3,1,2,1,3,4,75.0,1,0,0,0,2,6,2,0,Matches,ENG-EPL,24-25
03edb878,150,Daniel Jebbison,ENG,FW,Bournemouth,21-015,2003,0.3,0,0,0,0,0,0,1,0.0,1,0,0,0,0,0,1,0,Matches,ENG-EPL,24-25
0f134faf,151,Mathias Jensen,DEN,MF,Brentford,28-240,1996,1.6,0,0,0,0,0,0,1,0.0,1,3,1,2,2,2,0,0,Matches,ENG-EPL,24-25
b66315ae,152,Gabriel Jesus,BRA,FW,Arsenal,27-147,1997,0.1,1,1,1,0,0,0,1,0.0,1,0,0,0,0,1,0,0,Matches,ENG-EPL,24-25
b561db50,153,Raúl Jiménez,MEX,FW,Fulham,33-115,1991,0.3,0,0,0,0,0,0,1,0.0,1,0,0,0,0,0,1,0,Matches,ENG-EPL,24-25
e8832875,154,João Pedro,BRA,"MF,FW",Brighton,22-337,2001,1.9,4,3,1,2,1,1,2,50.0,1,0,0,0,1,5,0,0,Matches,ENG-EPL,24-25
c17bfb65,155,Joelinton,BRA,MF,Newcastle Utd,28-014,1996,2.0,6,4,1,2,3,3,6,50.0,3,4,2,2,1,7,7,1,Matches,ENG-EPL,24-25
9319781b,156,Ben Johnson,ENG,"DF,FW",Ipswich Town,24-217,2000,1.4,7,4,7,0,0,4,8,50.0,4,2,1,1,3,10,1,0,Matches,ENG-EPL,24-25
0cd31129,157,Brennan Johnson,WAL,FW,Tottenham,23-097,2001,1.9,8,5,1,5,2,3,4,75.0,1,0,0,0,0,8,0,0,Matches,ENG-EPL,24-25
178ae8f8,158,Diogo Jota,POR,FW,Liverpool,27-268,1996,1.7,2,1,0,1,1,2,2,100.0,0,0,0,0,1,3,1,0,Matches,ENG-EPL,24-25
fb614c44,159,James Justin,ENG,DF,Leicester City,26-187,1998,2.0,4,2,2,2,0,1,1,100.0,0,3,0,3,4,8,13,0,Matches,ENG-EPL,24-25
15b287da,160,Daichi Kamada,JPN,MF,Crystal Palace,28-023,1996,1.1,3,2,0,1,2,1,2,50.0,1,0,0,0,1,4,2,0,Matches,ENG-EPL,24-25
c5b7c315,161,Michael Keane,ENG,DF,Everton,31-230,1993,2.0,2,1,2,0,0,2,2,100.0,0,1,1,0,5,7,6,0,Matches,ENG-EPL,24-25
f31def1e,162,Lloyd Kelly,ENG,DF,Newcastle Utd,25-327,1998,1.0,2,2,2,0,0,0,0,,0,1,1,0,0,2,5,0,Matches,ENG-EPL,24-25
0ad53bdc,163,Milos Kerkez,HUN,DF,Bournemouth,20-295,2003,2.0,4,1,0,3,1,0,0,,0,4,1,3,2,6,6,0,Matches,ENG-EPL,24-25
d0f72bf1,164,Max Kilman,ENG,DF,West Ham,27-097,1997,2.0,3,2,1,2,0,2,2,100.0,0,2,1,1,5,8,13,0,Matches,ENG-EPL,24-25
4c3a6744,165,Justin Kluivert,NED,"MF,FW",Bournemouth,25-115,1999,1.1,1,0,0,1,0,0,1,0.0,1,2,0,2,2,3,0,0,Matches,ENG-EPL,24-25
5ed9b537,166,Ibrahima Konaté,FRA,DF,Liverpool,25-095,1999,1.5,3,2,2,0,1,3,3,100.0,0,3,2,1,1,4,5,0,Matches,ENG-EPL,24-25
0313a347,167,Ezri Konsa,ENG,DF,Aston Villa,26-310,1997,2.0,3,1,2,0,1,3,4,75.0,1,1,0,1,2,5,5,0,Matches,ENG-EPL,24-25
79c0821a,168,Mateo Kovačić,CRO,MF,Manchester City,30-114,1994,1.5,7,5,4,2,1,5,7,71.4,2,0,0,0,1,8,2,0,Matches,ENG-EPL,24-25
77cf6852,169,Emil Krafth,SWE,DF,Newcastle Utd,30-026,1994,1.7,1,1,0,1,0,0,0,,0,3,2,1,2,3,7,0,Matches,ENG-EPL,24-25
b62878a5,170,Mohammed Kudus,GHA,MF,West Ham,24-026,2000,2.0,3,2,0,2,1,2,4,50.0,2,3,0,3,0,3,0,0,Matches,ENG-EPL,24-25
df3cda47,171,Dejan Kulusevski,SWE,MF,Tottenham,24-125,2000,0.9,1,0,0,0,1,0,0,,0,3,0,3,0,1,2,0,Matches,ENG-EPL,24-25
ecad9aa5,172,Roméo Lavia,BEL,MF,Chelsea,20-235,2004,0.7,3,1,0,2,1,0,1,0.0,1,0,0,0,3,6,1,0,Matches,ENG-EPL,24-25
2b471f99,173,Mario Lemina,GAB,MF,Wolves,30-362,1993,2.0,4,0,3,1,0,2,3,66.7,1,3,3,0,6,10,3,0,Matches,ENG-EPL,24-25
2628fd2b,174,Bernd Leno,GER,GK,Fulham,32-177,1992,2.0,0,0,0,0,0,0,0,,0,0,0,0,0,0,0,1,Matches,ENG-EPL,24-25
9b5ce51a,175,Jefferson Lerma,COL,MF,Crystal Palace,29-308,1994,0.9,1,0,0,0,1,0,0,,0,1,1,0,3,4,0,0,Matches,ENG-EPL,24-25
b57e066e,176,Rico Lewis,ENG,"MF,DF",Manchester City,19-281,2004,2.0,2,0,1,1,0,1,1,100.0,0,2,1,1,2,4,4,0,Matches,ENG-EPL,24-25
41f08ac8,177,Keane Lewis-Potter,ENG,"MF,FW",Brentford,23-188,2001,0.9,2,2,1,1,0,1,1,100.0,0,0,0,0,0,2,0,0,Matches,ENG-EPL,24-25
d6e53a3a,178,Matthijs de Ligt,NED,DF,Manchester Utd,25-016,1999,0.2,0,0,0,0,0,0,0,,0,1,1,0,1,1,2,0,Matches,ENG-EPL,24-25
37dc1a48,179,Jesper Lindstrøm,DEN,FW,Everton,24-181,2000,0.4,2,1,0,2,0,0,1,0.0,1,0,0,0,0,2,0,0,Matches,ENG-EPL,24-25
afed6722,180,Valentino Livramento,ENG,DF,Newcastle Utd,21-290,2002,1.6,4,3,3,1,0,4,5,80.0,1,5,2,3,0,4,5,0,Matches,ENG-EPL,24-25
a2b105e0,181,Sean Longstaff,ENG,MF,Newcastle Utd,26-303,1997,1.8,4,4,1,3,0,2,3,66.7,1,4,0,4,0,4,1,0,Matches,ENG-EPL,24-25
c6e8cf1f,182,Saša Lukić,SRB,MF,Fulham,28-015,1996,2.0,5,3,2,2,1,1,6,16.7,5,1,0,1,2,7,1,0,Matches,ENG-EPL,24-25
967ac6e1,183,Massimo Luongo,AUS,MF,Ipswich Town,31-338,1992,1.5,4,2,4,0,0,3,5,60.0,2,2,1,1,1,5,2,0,Matches,ENG-EPL,24-25
cab9634e,184,Ian Maatsen,NED,DF,Aston Villa,22-171,2002,0.4,3,2,1,2,0,1,1,100.0,0,0,0,0,0,3,0,0,Matches,ENG-EPL,24-25
83d074ff,185,Alexis Mac Allister,ARG,MF,Liverpool,25-248,1998,2.0,3,1,2,1,0,2,4,50.0,2,7,0,7,2,5,1,0,Matches,ENG-EPL,24-25
ee38d9c5,186,James Maddison,ENG,MF,Tottenham,27-279,1996,1.7,1,0,0,1,0,1,2,50.0,1,2,2,0,1,2,4,0,Matches,ENG-EPL,24-25
bf34eebd,187,Noni Madueke,ENG,FW,Chelsea,22-171,2002,1.0,1,1,1,0,0,1,2,50.0,1,0,0,0,0,1,2,0,Matches,ENG-EPL,24-25
67ac5bb8,188,Gabriel Magalhães,BRA,DF,Arsenal,26-253,1997,2.0,1,0,1,0,0,0,0,,0,7,4,3,2,3,6,1,Matches,ENG-EPL,24-25
d8931174,189,Harry Maguire,ENG,DF,Manchester Utd,31-176,1993,1.8,1,0,1,0,0,1,1,100.0,0,2,2,0,5,6,9,0,Matches,ENG-EPL,24-25
c6220452,190,Kobbie Mainoo,ENG,MF,Manchester Utd,19-131,2005,1.9,5,5,3,1,1,4,8,50.0,4,1,0,1,10,15,0,0,Matches,ENG-EPL,24-25
48a5a5d6,191,Gabriel Martinelli,BRA,FW,Arsenal,23-071,2001,1.7,2,1,0,0,2,1,3,33.3,2,0,0,0,0,2,0,0,Matches,ENG-EPL,24-25
7956236f,192,Emiliano Martínez,ARG,GK,Aston Villa,31-361,1992,2.0,0,0,0,0,0,0,0,,0,0,0,0,0,0,2,1,Matches,ENG-EPL,24-25
bac46a10,193,Lisandro Martínez,ARG,DF,Manchester Utd,26-223,1998,2.0,4,3,3,0,1,2,5,40.0,3,1,0,1,4,8,3,0,Matches,ENG-EPL,24-25
feb5d972,194,Pape Matar Sarr,SEN,MF,Tottenham,21-349,2002,1.1,3,1,0,3,0,0,0,,0,2,0,2,0,3,0,0,Matches,ENG-EPL,24-25
50e6dc35,195,Jean-Philippe Mateta,FRA,FW,Crystal Palace,27-061,1997,1.5,1,0,0,1,0,0,0,,0,2,0,2,0,1,0,0,Matches,ENG-EPL,24-25
30144daa,196,Stephy Mavididi,ENG,FW,Leicester City,26-089,1998,0.4,2,2,2,0,0,0,0,,0,0,0,0,0,2,0,0,Matches,ENG-EPL,24-25
00963611,197,Konstantinos Mavropanos,GRE,DF,West Ham,26-261,1997,2.0,4,4,4,0,0,3,4,75.0,1,5,5,0,4,8,11,0,Matches,ENG-EPL,24-25
b74277a0,198,Noussair Mazraoui,MAR,DF,Manchester Utd,26-288,1997,1.9,4,3,3,0,1,3,3,100.0,0,2,0,2,4,8,2,0,Matches,ENG-EPL,24-25
6afaebf2,199,Bryan Mbeumo,CMR,FW,Brentford,25-021,1999,2.0,1,1,1,0,0,1,2,50.0,1,1,0,1,0,1,1,0,Matches,ENG-EPL,24-25
96593e89,200,James Mcatee,ENG,FW,Manchester City,21-315,2002,0.0,0,0,0,0,0,0,0,,0,1,0,1,0,0,0,0,Matches,ENG-EPL,24-25
b2c66859,201,Kasey McAteer,ENG,"FW,MF",Leicester City,22-280,2001,0.1,2,1,2,0,0,1,2,50.0,1,4,0,4,0,2,3,0,Matches,ENG-EPL,24-25
36c2ca73,202,Alex McCarthy,ENG,GK,Southampton,34-269,1989,2.0,0,0,0,0,0,0,0,,0,0,0,0,0,0,0,1,Matches,ENG-EPL,24-25
90f91999,203,John McGinn,SCO,"MF,FW",Aston Villa,29-315,1994,1.4,2,1,0,2,0,0,0,,0,0,0,0,0,2,1,0,Matches,ENG-EPL,24-25
fc15fb84,204,Dwight McNeil,ENG,"FW,MF",Everton,24-280,1999,2.0,3,2,2,1,0,3,6,50.0,3,1,0,1,3,6,1,0,Matches,ENG-EPL,24-25
d93c2511,205,Scott McTominay,SCO,MF,Manchester Utd,27-264,1996,0.2,0,0,0,0,0,0,1,0.0,1,0,0,0,0,0,1,0,Matches,ENG-EPL,24-25
8df7a2fb,206,Ben Mee,ENG,DF,Brentford,34-342,1989,0.0,0,0,0,0,0,0,0,,0,0,0,0,0,0,0,0,Matches,ENG-EPL,24-25
bee704fc,207,Nikola Milenković,SRB,DF,Nott'ham Forest,26-321,1997,1.0,0,0,0,0,0,0,0,,0,1,0,1,2,2,6,0,Matches,ENG-EPL,24-25
2f90f6b8,208,James Milner,ENG,MF,Brighton,38-237,1986,1.7,5,2,1,3,1,3,3,100.0,0,4,2,2,1,6,2,1,Matches,ENG-EPL,24-25
c3cf087d,209,Yankuba Minteh,GAM,FW,Brighton,20-037,2004,1.5,3,1,1,0,2,2,4,50.0,2,6,0,6,2,5,2,0,Matches,ENG-EPL,24-25
5cbd1eb0,210,Tyrick Mitchell,ENG,DF,Crystal Palace,24-362,1999,2.0,4,1,2,1,1,0,1,0.0,1,4,1,3,1,5,7,1,Matches,ENG-EPL,24-25
74618572,211,Kaoru Mitoma,JPN,FW,Brighton,27-100,1997,2.0,3,1,1,1,1,2,6,33.3,4,4,0,4,0,3,1,0,Matches,ENG-EPL,24-25
a23c0949,212,Sam Morsy,EGY,MF,Ipswich Town,32-353,1991,2.0,11,4,6,4,1,5,6,83.3,1,4,1,3,0,11,5,0,Matches,ENG-EPL,24-25
1e159d70,213,Yerson Mosquera,COL,DF,Wolves,23-118,2001,2.0,5,3,5,0,0,5,8,62.5,3,5,4,1,1,6,3,0,Matches,ENG-EPL,24-25
9674002f,214,Mason Mount,ENG,MF,Manchester Utd,25-231,1999,1.2,3,1,0,3,0,2,3,66.7,1,1,0,1,0,3,0,0,Matches,ENG-EPL,24-25
049a888d,215,Mykhailo Mudryk,UKR,FW,Chelsea,23-236,2001,0.5,0,0,0,0,0,0,0,,0,0,0,0,0,0,0,0,Matches,ENG-EPL,24-25
a755db8c,216,Rodrigo Muniz,BRA,FW,Fulham,23-116,2001,1.7,0,0,0,0,0,0,0,,0,1,1,0,1,1,2,0,Matches,ENG-EPL,24-25
778ef829,217,Daniel Muñoz,COL,DF,Crystal Palace,28-094,1996,2.0,7,6,4,3,0,2,3,66.7,1,3,0,3,2,9,2,0,Matches,ENG-EPL,24-25
99aa1a84,218,Arijanet Muric,KVX,GK,Ipswich Town,25-295,1998,1.0,0,0,0,0,0,0,1,0.0,1,0,0,0,0,0,2,2,Matches,ENG-EPL,24-25
1704b0b8,219,Murillo,BRA,DF,Nott'ham Forest,22-055,2002,2.0,3,3,3,0,0,2,4,50.0,2,2,2,0,0,3,8,0,Matches,ENG-EPL,24-25
de112b84,220,Jacob Murphy,ENG,FW,Newcastle Utd,29-186,1995,1.0,3,3,1,2,0,3,3,100.0,0,2,0,2,0,3,0,0,Matches,ENG-EPL,24-25
30d4a2e5,221,Vitaliy Mykolenko,UKR,DF,Everton,25-091,1999,2.0,2,2,2,0,0,2,4,50.0,2,2,0,2,3,5,6,0,Matches,ENG-EPL,24-25
5ed97752,222,Iliman Ndiaye,SEN,"FW,MF",Everton,24-175,2000,0.7,7,4,3,2,2,3,3,100.0,0,2,0,2,1,8,0,0,Matches,ENG-EPL,24-25
6b47c5db,223,Wilfred Ndidi,NGA,MF,Leicester City,27-256,1996,2.0,5,2,2,3,0,2,3,66.7,1,7,3,4,0,5,5,0,Matches,ENG-EPL,24-25
c70be9cf,224,Kosta Nedeljković,SRB,DF,Aston Villa,18-256,2005,0.9,6,4,1,2,3,1,2,50.0,1,1,0,1,0,6,3,0,Matches,ENG-EPL,24-25
c5bdb6e3,225,Reiss Nelson,ENG,FW,Arsenal,24-262,1999,0.0,1,0,0,1,0,0,1,0.0,1,0,0,0,0,1,1,0,Matches,ENG-EPL,24-25
a9dc785c,226,Neto,BRA,GK,Bournemouth,35-040,1989,2.0,0,0,0,0,0,0,0,,0,0,0,0,0,0,1,1,Matches,ENG-EPL,24-25
7ba2eaa9,227,Pedro Neto,POR,FW,Chelsea,24-172,2000,0.9,1,1,0,1,0,1,1,100.0,0,0,0,0,1,2,1,0,Matches,ENG-EPL,24-25
7c56da38,228,Christopher Nkunku,FRA,FW,Chelsea,26-288,1997,0.7,3,3,0,1,2,2,2,100.0,0,2,0,2,1,4,0,0,Matches,ENG-EPL,24-25
e6af02e0,229,Matheus Nunes,POR,MF,Manchester City,26-001,1998,0.0,0,0,0,0,0,0,0,,0,0,0,0,0,0,0,0,Matches,ENG-EPL,24-25
4d77b365,230,Darwin Núñez,URU,FW,Liverpool,25-065,1999,0.2,0,0,0,0,0,0,0,,0,0,0,0,0,0,1,0,Matches,ENG-EPL,24-25
df0a4c90,231,Christian Nørgaard,DEN,MF,Brentford,30-171,1994,2.0,7,2,3,4,0,4,4,100.0,0,2,0,2,4,11,4,0,Matches,ENG-EPL,24-25
35516eac,232,Wilson Odobert,FRA,FW,Tottenham,19-274,2004,0.7,3,1,2,1,0,3,3,100.0,0,0,0,0,0,3,1,1,Matches,ENG-EPL,24-25
828657ff,233,Amadou Onana,BEL,MF,Aston Villa,23-012,2001,1.8,4,1,2,1,1,0,1,0.0,1,1,0,1,3,7,4,0,Matches,ENG-EPL,24-25
e9c0c1b2,234,André Onana,CMR,GK,Manchester Utd,28-148,1996,2.0,1,1,1,0,0,1,1,100.0,0,0,0,0,0,1,1,0,Matches,ENG-EPL,24-25
2944f86f,235,Frank Onyeka,NGA,MF,Brentford,26-240,1998,0.3,0,0,0,0,0,0,0,,0,0,0,0,0,0,0,0,Matches,ENG-EPL,24-25
2f9e4435,236,Dango Ouattara,BFA,FW,Bournemouth,22-199,2002,1.0,4,4,1,3,0,2,3,66.7,1,2,0,2,1,5,6,0,Matches,ENG-EPL,24-25
dc7f8a28,237,Cole Palmer,ENG,"FW,MF",Chelsea,22-114,2002,1.9,2,2,1,1,0,2,4,50.0,2,1,0,1,1,3,1,0,Matches,ENG-EPL,24-25
e0bc6fdc,238,Emerson Palmieri,ITA,DF,West Ham,30-025,1994,2.0,4,1,0,4,0,2,2,100.0,0,2,0,2,2,6,5,0,Matches,ENG-EPL,24-25
9b6f7fd5,239,Lucas Paquetá,BRA,MF,West Ham,27-001,1997,1.8,5,3,3,2,0,2,3,66.7,1,3,1,2,1,6,3,0,Matches,ENG-EPL,24-25
529f49ab,240,Thomas Partey,GHA,MF,Arsenal,31-076,1993,2.0,5,3,2,2,1,4,7,57.1,3,0,0,0,1,6,5,0,Matches,ENG-EPL,24-25
6639e500,241,Andreas Pereira,BRA,MF,Fulham,28-240,1996,1.9,0,0,0,0,0,0,2,0.0,2,2,0,2,0,0,0,0,Matches,ENG-EPL,24-25
19f4d211,242,Jaden Philogene Bidace,ENG,FW,Aston Villa,22-202,2002,0.2,1,1,0,1,0,0,0,,0,0,0,0,0,1,1,0,Matches,ENG-EPL,24-25
4806ec67,243,Jordan Pickford,ENG,GK,Everton,30-174,1994,2.0,0,0,0,0,0,0,0,,0,0,0,0,0,0,4,1,Matches,ENG-EPL,24-25
e541326e,244,Ethan Pinnock,JAM,DF,Brentford,31-091,1993,2.0,3,1,1,2,0,3,4,75.0,1,3,2,1,3,6,7,0,Matches,ENG-EPL,24-25
7fcc71d8,245,Daniel Podence,POR,"MF,FW",Wolves,28-312,1995,0.5,0,0,0,0,0,0,1,0.0,1,0,0,0,0,0,0,0,Matches,ENG-EPL,24-25
4b40d9ca,246,Nick Pope,ENG,GK,Newcastle Utd,32-131,1992,2.0,0,0,0,0,0,0,0,,0,0,0,0,0,0,3,0,Matches,ENG-EPL,24-25
27d0a506,247,Pedro Porro,ESP,DF,Tottenham,24-350,1999,2.0,3,2,3,0,0,2,2,100.0,0,4,2,2,2,5,3,0,Matches,ENG-EPL,24-25
4125cb98,248,Jarell Quansah,ENG,DF,Liverpool,21-212,2003,0.5,2,2,1,1,0,0,0,,0,1,1,0,1,3,3,0,Matches,ENG-EPL,24-25
6fba4dba,249,Roman Quintyne,,DF,Everton,,,1.0,,5,,,,,,,,,,,1,,,,Matches,ENG-EPL,24-25
1544f145,250,Jacob Ramsey,ENG,"FW,MF",Aston Villa,23-092,2001,0.6,0,0,0,0,0,0,1,0.0,1,0,0,0,0,0,0,0,Matches,ENG-EPL,24-25
a1d5bd30,251,Marcus Rashford,ENG,FW,Manchester Utd,26-302,1997,1.7,0,0,0,0,0,0,0,,0,2,0,2,1,1,1,0,Matches,ENG-EPL,24-25
98ea5115,252,David Raya,ESP,GK,Arsenal,28-348,1995,2.0,0,0,0,0,0,0,0,,0,0,0,0,1,1,0,0,Matches,ENG-EPL,24-25
803ae100,253,Harrison Reed,ENG,MF,Fulham,29-214,1995,0.1,1,1,0,1,0,0,0,,0,0,0,0,0,1,0,0,Matches,ENG-EPL,24-25
0f7533cd,254,Bobby Reid,JAM,FW,Leicester City,31-208,1993,1.6,1,1,0,1,0,0,3,0.0,3,4,1,3,0,1,3,0,Matches,ENG-EPL,24-25
b3b9b8b8,255,Chadi Riad,MAR,DF,Crystal Palace,21-072,2003,1.0,5,2,2,2,1,2,3,66.7,1,0,0,0,2,7,0,0,Matches,ENG-EPL,24-25
1c7012b8,256,Declan Rice,ENG,MF,Arsenal,25-227,1999,1.9,1,1,0,1,0,1,3,33.3,2,1,1,0,3,4,4,0,Matches,ENG-EPL,24-25
0a3d6d2b,257,Chris Richards,USA,DF,Crystal Palace,24-153,2000,1.8,4,2,0,3,1,0,5,0.0,5,3,1,2,1,5,5,0,Matches,ENG-EPL,24-25
fa031b34,258,Richarlison,BRA,"FW,MF",Tottenham,27-110,1997,0.3,0,0,0,0,0,0,0,,0,0,0,0,0,0,2,0,Matches,ENG-EPL,24-25
2e4f5f03,259,Andrew Robertson,SCO,DF,Liverpool,30-170,1994,1.9,2,0,1,0,1,1,2,50.0,1,0,0,0,1,3,2,0,Matches,ENG-EPL,24-25
289601e6,260,Antonee Robinson,USA,DF,Fulham,27-020,1997,2.0,13,11,7,5,1,9,10,90.0,1,1,0,1,5,18,10,0,Matches,ENG-EPL,24-25
34e393f2,261,Guido Rodríguez,ARG,MF,West Ham,30-138,1994,1.9,5,4,4,1,0,1,3,33.3,2,1,0,1,5,10,1,0,Matches,ENG-EPL,24-25
57c94db2,262,Mads Roerslev,DEN,DF,Brentford,25-065,1999,2.0,1,1,1,0,0,1,2,50.0,1,0,0,0,1,2,3,0,Matches,ENG-EPL,24-25
2e5915f1,263,Morgan Rogers,ENG,"MF,FW",Aston Villa,22-033,2002,2.0,3,2,2,1,0,0,0,,0,4,1,3,0,3,1,0,Matches,ENG-EPL,24-25
a3d94a58,264,Cristian Romero,ARG,DF,Tottenham,26-123,1998,2.0,7,7,5,2,0,3,4,75.0,1,2,0,2,0,7,7,0,Matches,ENG-EPL,24-25
c64c01fc,265,Georginio Rutter,FRA,FW,Brighton,22-130,2002,0.0,0,0,0,0,0,0,0,,0,0,0,0,0,0,0,0,Matches,ENG-EPL,24-25
903b6e8b,266,José Sá,POR,GK,Wolves,31-224,1993,2.0,0,0,0,0,0,0,0,,0,0,0,0,0,0,2,0,Matches,ENG-EPL,24-25
bc7dc64d,267,Bukayo Saka,ENG,FW,Arsenal,22-358,2001,1.8,5,4,1,1,3,2,2,100.0,0,3,0,3,0,5,1,0,Matches,ENG-EPL,24-25
e342ad68,268,Mohamed Salah,EGY,FW,Liverpool,32-074,1992,1.9,2,2,1,1,0,0,0,,0,0,0,0,0,2,1,0,Matches,ENG-EPL,24-25
972aeb2a,269,William Saliba,FRA,DF,Arsenal,23-157,2001,2.0,9,4,5,4,0,2,2,100.0,0,1,0,1,2,11,7,1,Matches,ENG-EPL,24-25
6a713852,270,Robert Sánchez,ESP,GK,Chelsea,26-284,1997,2.0,0,0,0,0,0,0,0,,0,0,0,0,0,0,1,0,Matches,ENG-EPL,24-25
bced0375,271,Ibrahim Sangaré,CIV,MF,Nott'ham Forest,26-270,1997,1.7,8,5,3,5,0,3,4,75.0,1,3,0,3,1,9,1,0,Matches,ENG-EPL,24-25
9744ff80,272,Pablo Sarabia,ESP,"FW,MF",Wolves,32-109,1992,0.3,2,0,1,0,1,1,2,50.0,1,2,0,2,1,3,0,0,Matches,ENG-EPL,24-25
ac0d576d,273,Jeremy Sarmiento,ECU,MF,Brighton,22-073,2002,0.1,0,0,0,0,0,0,0,,0,0,0,0,0,0,0,0,Matches,ENG-EPL,24-25
bfdb33aa,274,Ismaila Sarr,SEN,MF,Crystal Palace,26-185,1998,0.3,0,0,0,0,0,0,0,,0,0,0,0,0,0,0,0,Matches,ENG-EPL,24-25
fe6e7156,275,Sávio,BRA,FW,Manchester City,20-140,2004,1.3,6,3,2,1,3,1,2,50.0,1,1,0,1,0,6,0,0,Matches,ENG-EPL,24-25
52afb588,276,Kevin Schade,GER,FW,Brentford,22-275,2001,1.0,3,2,2,0,1,2,2,100.0,0,0,0,0,0,3,1,0,Matches,ENG-EPL,24-25
c8aa95da,277,Fabian Schär,SUI,DF,Newcastle Utd,32-252,1991,0.3,0,0,0,0,0,0,0,,0,0,0,0,0,0,1,0,Matches,ENG-EPL,24-25
3312f911,278,Jeffrey Schlupp,GHA,DF,Crystal Palace,31-249,1992,0.1,0,0,0,0,0,0,0,,0,1,0,1,0,0,0,0,Matches,ENG-EPL,24-25
104d0bb8,279,Alex Scott,ENG,MF,Bournemouth,21-007,2003,1.0,9,5,5,2,2,6,7,85.7,1,3,0,3,3,12,4,0,Matches,ENG-EPL,24-25
834b5c4c,280,Matz Sels,BEL,GK,Nott'ham Forest,32-184,1992,2.0,1,1,1,0,0,1,1,100.0,0,0,0,0,0,1,0,0,Matches,ENG-EPL,24-25
efd2ec23,281,Antoine Semenyo,GHA,FW,Bournemouth,24-234,2000,2.0,2,2,0,0,2,0,3,0.0,3,5,2,3,0,2,1,0,Matches,ENG-EPL,24-25
35141f4c,282,Marcos Senesi,ARG,DF,Bournemouth,27-110,1997,1.0,3,3,3,0,0,2,3,66.7,1,3,2,1,1,4,6,0,Matches,ENG-EPL,24-25
3eb22ec9,283,Bernardo Silva,POR,"MF,FW",Manchester City,30-018,1994,2.0,0,0,0,0,0,0,1,0.0,1,2,1,1,0,0,2,0,Matches,ENG-EPL,24-25
4d77e622,284,Jota Silva,POR,MF,Nott'ham Forest,25-027,1999,0.0,0,0,0,0,0,0,0,,0,0,0,0,0,0,1,0,Matches,ENG-EPL,24-25
8e16dd48,285,Luis Sinisterra,COL,"FW,MF",Bournemouth,25-072,1999,0.9,1,0,0,0,1,0,3,0.0,3,3,0,3,0,1,4,0,Matches,ENG-EPL,24-25
6250083a,286,Oliver Skipp,ENG,FW,Leicester City,23-347,2000,0.2,0,0,0,0,0,0,0,,0,0,0,0,0,0,0,0,Matches,ENG-EPL,24-25
5e105217,287,William Smallbone,IRL,MF,Southampton,24-189,2000,1.9,3,2,2,1,0,2,3,66.7,1,3,0,3,0,3,1,1,Matches,ENG-EPL,24-25
20b104bc,288,Adam Smith,ENG,DF,Bournemouth,33-121,1991,0.7,1,0,1,0,0,1,1,100.0,0,0,0,0,2,3,3,0,Matches,ENG-EPL,24-25
17695062,289,Emile Smith Rowe,ENG,MF,Fulham,24-031,2000,1.5,2,2,1,0,1,1,1,100.0,0,2,0,2,2,4,0,0,Matches,ENG-EPL,24-25
e77dc3b2,290,Dominic Solanke,ENG,FW,Tottenham,26-349,1997,1.0,2,2,0,2,0,0,0,,0,0,0,0,0,2,0,0,Matches,ENG-EPL,24-25
6613c819,291,Tomáš Souček,CZE,MF,West Ham,29-183,1995,1.9,5,4,2,3,0,3,5,60.0,2,1,0,1,1,6,2,0,Matches,ENG-EPL,24-25
ae59b359,292,Boubakary Soumaré,FRA,MF,Leicester City,25-183,1999,0.1,0,0,0,0,0,0,0,,0,0,0,0,0,0,0,0,Matches,ENG-EPL,24-25
9bc9a519,293,Djed Spence,ENG,DF,Tottenham,24-019,2000,0.2,1,1,1,0,0,1,1,100.0,0,0,0,0,0,1,0,0,Matches,ENG-EPL,24-25
b2626673,294,Jay Stansfield,ENG,MF,Fulham,21-278,2002,0.0,0,0,0,0,0,0,0,,0,0,0,0,0,0,0,0,Matches,ENG-EPL,24-25
28300a16,295,Jason Steele,ENG,GK,Brighton,34-010,1990,2.0,0,0,0,0,0,0,0,,0,0,0,0,0,0,1,0,Matches,ENG-EPL,24-25
6adbc307,296,Jack Stephens,ENG,DF,Southampton,30-214,1994,2.0,4,2,3,1,0,1,3,33.3,2,3,1,2,0,4,2,1,Matches,ENG-EPL,24-25
5eecec3d,297,John Stones,ENG,MF,Manchester City,30-092,1994,0.5,1,1,0,1,0,0,0,,0,1,0,1,1,2,2,0,Matches,ENG-EPL,24-25
f553b2b3,298,Jørgen Strand Larsen,NOR,FW,Wolves,24-204,2000,1.9,1,1,0,0,1,0,0,,0,3,1,2,0,1,3,0,Matches,ENG-EPL,24-25
580bcd18,299,Yukinari Sugawara,JPN,DF,Southampton,24-061,2000,1.3,3,3,2,0,1,2,2,100.0,0,3,1,2,0,3,5,0,Matches,ENG-EPL,24-25
df04eb4b,300,Crysencio Summerville,NED,MF,West Ham,22-303,2001,0.2,0,0,0,0,0,0,0,,0,0,0,0,0,0,0,0,Matches,ENG-EPL,24-25
39944392,301,Sammie Szmodics,IRL,"MF,FW",Ipswich Town,28-339,1995,1.0,2,1,1,1,0,0,1,0.0,1,0,0,0,2,4,1,0,Matches,ENG-EPL,24-25
934e1968,302,Dominik Szoboszlai,HUN,MF,Liverpool,23-308,2000,2.0,3,1,1,2,0,2,2,100.0,0,6,1,5,0,3,2,0,Matches,ENG-EPL,24-25
15ea812b,303,James Tarkowski,ENG,DF,Everton,31-283,1992,2.0,3,2,1,1,1,3,6,50.0,3,5,2,3,5,8,2,0,Matches,ENG-EPL,24-25
5c0da4a4,304,Marcus Tavernier,ENG,"MF,FW",Bournemouth,25-159,1999,1.9,3,3,1,1,1,1,1,100.0,0,3,0,3,0,3,2,0,Matches,ENG-EPL,24-25
cc2d7ad5,305,Charlie Taylor,ENG,"DF,MF",Southampton,30-345,1993,0.2,0,0,0,0,0,0,0,,0,0,0,0,0,0,0,0,Matches,ENG-EPL,24-25
48eed8d5,306,Jack Taylor,IRL,MF,Ipswich Town,26-066,1998,0.5,0,0,0,0,0,0,1,0.0,1,0,0,0,1,1,6,0,Matches,ENG-EPL,24-25
77d7c96f,307,Kenny Tete,NED,DF,Fulham,28-324,1995,2.0,5,2,1,1,3,2,4,50.0,2,3,0,3,6,11,1,0,Matches,ENG-EPL,24-25
56f7a928,308,Youri Tielemans,BEL,MF,Aston Villa,27-113,1997,2.0,7,4,4,3,0,3,3,100.0,0,3,1,2,2,9,1,0,Matches,ENG-EPL,24-25
41034650,309,Jurriën Timber,NED,DF,Arsenal,23-072,2001,1.1,1,1,0,1,0,0,0,,0,0,0,0,0,1,1,1,Matches,ENG-EPL,24-25
88f130ed,310,Jean-Clair Todibo,FRA,DF,West Ham,24-242,1999,0.1,1,0,1,0,0,0,0,,0,0,0,0,0,1,2,0,Matches,ENG-EPL,24-25
a105d46a,311,Harry Toffolo,ENG,DF,Nott'ham Forest,29-009,1995,0.4,2,0,1,0,1,0,0,,0,0,0,0,0,2,3,0,Matches,ENG-EPL,24-25
532e1e4f,312,Pau Torres,ESP,DF,Aston Villa,27-225,1997,2.0,5,4,3,2,0,2,2,100.0,0,2,2,0,0,5,5,0,Matches,ENG-EPL,24-25
9a28eba4,313,Adama Traoré,ESP,FW,Fulham,28-216,1996,1.6,1,0,1,0,0,0,2,0.0,2,1,0,1,1,2,0,0,Matches,ENG-EPL,24-25
21512407,314,Kieran Trippier,ENG,DF,Newcastle Utd,33-344,1990,0.4,2,1,0,2,0,1,1,100.0,0,0,0,0,0,2,1,0,Matches,ENG-EPL,24-25
38ceb24a,315,Leandro Trossard,BEL,FW,Arsenal,29-268,1994,0.4,3,2,2,1,0,3,4,75.0,1,0,0,0,0,3,0,0,Matches,ENG-EPL,24-25
f315ca93,316,Kostas Tsimikas,GRE,DF,Liverpool,28-108,1996,0.1,0,0,0,0,0,0,1,0.0,1,1,0,1,0,0,0,0,Matches,ENG-EPL,24-25
2baec6ce,317,Axel Tuanzebe,COD,DF,Ipswich Town,26-288,1997,1.8,4,2,4,0,0,2,4,50.0,2,3,1,2,3,7,6,0,Matches,ENG-EPL,24-25
7cd520e8,318,Destiny Udogie,ITA,DF,Tottenham,21-274,2002,1.8,5,3,2,2,1,3,4,75.0,1,3,1,2,0,5,2,0,Matches,ENG-EPL,24-25
e06683ca,319,Virgil van Dijk,NED,DF,Liverpool,33-051,1991,2.0,1,1,1,0,0,0,1,0.0,1,0,0,0,2,3,6,1,Matches,ENG-EPL,24-25
45963054,320,Jamie Vardy,ENG,FW,Leicester City,37-230,1987,1.6,1,1,1,0,0,0,1,0.0,1,0,0,0,1,2,1,0,Matches,ENG-EPL,24-25
fc8fcbd1,321,Renato Veiga,POR,DF,Chelsea,21-030,2003,0.2,0,0,0,0,0,0,1,0.0,1,2,0,2,1,1,0,0,Matches,ENG-EPL,24-25
dad4b285,322,Joël Veltman,NED,DF,Brighton,32-226,1992,2.0,5,4,3,2,0,4,6,66.7,2,2,1,1,2,7,6,0,Matches,ENG-EPL,24-25
8fe2a392,323,Micky van de Ven,NED,DF,Tottenham,23-131,2001,2.0,0,0,0,0,0,0,0,,0,2,1,1,3,3,3,0,Matches,ENG-EPL,24-25
1900032e,324,Jannik Vestergaard,DEN,DF,Leicester City,32-025,1992,2.0,2,1,0,2,0,0,0,,0,2,0,2,2,4,17,0,Matches,ENG-EPL,24-25
77d6fd4d,325,Guglielmo Vicario,ITA,GK,Tottenham,27-326,1996,2.0,0,0,0,0,0,0,0,,0,0,0,0,0,0,1,0,Matches,ENG-EPL,24-25
984a5a64,326,Kyle Walker-Peters,ENG,DF,Southampton,27-137,1997,1.9,3,3,2,1,0,2,2,100.0,0,2,0,2,0,3,5,0,Matches,ENG-EPL,24-25
c666574f,327,Christian Walton,ENG,GK,Ipswich Town,28-293,1995,1.0,0,0,0,0,0,0,1,0.0,1,0,0,0,0,0,0,0,Matches,ENG-EPL,24-25
9e525177,328,Aaron Wan-Bissaka,ENG,DF,West Ham,26-276,1997,0.3,0,0,0,0,0,0,0,,0,0,0,0,1,1,1,0,Matches,ENG-EPL,24-25
3515d404,329,James Ward-Prowse,ENG,MF,West Ham,29-301,1994,0.2,1,0,1,0,0,1,1,100.0,0,1,0,1,0,1,0,0,Matches,ENG-EPL,24-25
aed3a70f,330,Ollie Watkins,ENG,FW,Aston Villa,28-242,1995,1.4,0,0,0,0,0,0,2,0.0,2,2,0,2,0,0,0,0,Matches,ENG-EPL,24-25
c40b6180,331,Adam Webster,ENG,DF,Brighton,29-237,1995,0.2,0,0,0,0,0,0,0,,0,0,0,0,0,0,1,0,Matches,ENG-EPL,24-25
ce5143da,332,Danny Welbeck,ENG,FW,Brighton,33-276,1990,1.9,3,2,1,2,0,0,1,0.0,1,3,1,2,2,5,0,0,Matches,ENG-EPL,24-25
49fe9070,333,Timo Werner,GER,MF,Tottenham,28-175,1996,0.1,0,0,0,0,0,0,0,,0,0,0,0,0,0,0,0,Matches,ENG-EPL,24-25
4b542852,334,Adam Wharton,ENG,MF,Crystal Palace,20-087,2004,1.8,6,3,2,4,0,5,11,45.5,6,0,0,0,2,8,2,0,Matches,ENG-EPL,24-25
35e413f1,335,Ben White,ENG,DF,Arsenal,26-325,1997,2.0,1,1,1,0,0,1,3,33.3,2,0,0,0,1,2,3,0,Matches,ENG-EPL,24-25
4876c9ab,336,Mats Wieffer,NED,MF,Brighton,24-286,1999,1.0,4,3,1,2,1,1,1,100.0,0,1,0,1,0,4,2,0,Matches,ENG-EPL,24-25
dd323728,337,Neco Williams,WAL,DF,Nott'ham Forest,23-137,2001,2.0,7,5,5,2,0,3,6,50.0,3,4,1,3,4,11,7,0,Matches,ENG-EPL,24-25
a3b03921,338,Joe Willock,ENG,MF,Newcastle Utd,25-008,1999,0.2,1,1,0,1,0,1,1,100.0,0,0,0,0,0,1,0,0,Matches,ENG-EPL,24-25
c6dc9ecd,339,Harry Wilson,WAL,FW,Fulham,27-159,1997,0.4,0,0,0,0,0,0,1,0.0,1,0,0,0,0,0,0,0,Matches,ENG-EPL,24-25
2f7acede,340,Harry Winks,ENG,MF,Leicester City,28-208,1996,2.0,3,2,2,1,0,1,5,20.0,4,3,1,2,1,4,1,0,Matches,ENG-EPL,24-25
2500cef9,341,Yoane Wissa,COD,FW,Brentford,27-360,1996,1.7,0,0,0,0,0,0,0,,0,1,0,1,1,1,2,0,Matches,ENG-EPL,24-25
4e9a0555,342,Chris Wood,NZL,FW,Nott'ham Forest,32-265,1991,1.6,0,0,0,0,0,0,0,,0,0,0,0,1,1,0,0,Matches,ENG-EPL,24-25
e28e9bec,343,Luke Woolfenden,ENG,DF,Ipswich Town,25-312,1998,2.0,0,0,0,0,0,0,0,,0,7,2,5,6,6,13,0,Matches,ENG-EPL,24-25
c1fe2a48,344,Ryan Yates,ENG,MF,Nott'ham Forest,26-281,1997,1.1,3,3,2,1,0,1,1,100.0,0,1,0,1,0,3,1,0,Matches,ENG-EPL,24-25
be927d03,345,Ashley Young,ENG,DF,Everton,39-050,1985,0.7,4,1,2,2,0,3,4,75.0,1,1,0,1,2,6,0,0,Matches,ENG-EPL,24-25
88968486,346,Illia Zabarnyi,UKR,DF,Bournemouth,21-362,2002,2.0,1,0,1,0,0,0,0,,0,2,0,2,3,4,13,0,Matches,ENG-EPL,24-25
51cf8561,347,Oleksandr Zinchenko,UKR,DF,Arsenal,27-257,1996,0.8,0,0,0,0,0,0,0,,0,1,0,1,2,2,2,0,Matches,ENG-EPL,24-25
028e70b9,348,Joshua Zirkzee,NED,FW,Manchester Utd,23-098,2001,0.8,1,0,1,0,0,1,1,100.0,0,3,1,2,0,1,0,0,Matches,ENG-EPL,24-25
79300479,349,Martin Ødegaard,NOR,MF,Arsenal,25-255,1998,2.0,3,2,0,2,1,1,3,33.3,2,0,0,0,1,4,0,0,Matches,ENG-EPL,24-25
