id,Unnamed: 0_level_0,Unnamed: 1_level_0,Unnamed: 2_level_0,Unnamed: 3_level_0,Unnamed: 4_level_0,Unnamed: 5_level_0,Unnamed: 6_level_0,Unnamed: 7_level_0,Total,Total,Total,Total,Total,Short,Short,Short,Medium,Medium,Medium,Long,Long,Long,Unnamed: 22_level_0,Unnamed: 23_level_0,Expected,Expected,Unnamed: 26_level_0,Unnamed: 27_level_0,Unnamed: 28_level_0,Unnamed: 29_level_0,Unnamed: 30_level_0,Unnamed: 31_level_0,Unnamed: league,Unnamed: season
,Rk,Player,Nation,Pos,Squad,Age,Born,90s,Cmp,Att,Cmp%,TotDist,PrgDist,Cmp,Att,Cmp%,Cmp,Att,Cmp%,Cmp,Att,Cmp%,Ast,xAG,xA,A-xAG,KP,1/3,PPA,CrsPA,PrgP,Matches,league,season
bbe88396,1,Aly Abeid,MTN,DF,Levante,19,1997,0.9,29,38,76.3,474,167,17,19,89.5,10,12,83.3,2,5,40.0,0,0.1,0.1,-0.1,1,0,1,1,1,Matches,ESP-LALIGA,17-18
65d62814,2,Antonio Adán,ESP,GK,Betis,30,1987,30.0,868,1256,69.1,24352,18206,125,125,100.0,444,462,96.1,298,664,44.9,2,0.7,0.0,1.3,4,8,0,0,0,Matches,ESP-LALIGA,17-18
5890cef1,3,Aday,ESP,DF,Girona,29,1987,20.4,738,1047,70.5,12574,3756,386,450,85.8,261,350,74.6,77,188,41.0,0,1.6,2.2,-1.6,20,36,30,22,61,Matches,ESP-LALIGA,17-18
293211e1,4,Aritz Aduriz,ESP,FW,Athletic Club,36,1981,23.9,337,518,65.1,4422,934,218,296,73.6,86,143,60.1,12,30,40.0,1,1.5,1.6,-0.5,11,41,11,0,45,Matches,ESP-LALIGA,17-18
355c883a,5,Martin Agirregabiria,ESP,DF,Alavés,21,1996,20.3,634,884,71.7,9706,4749,366,436,83.9,207,288,71.9,47,104,45.2,4,1.5,0.9,2.5,13,46,12,9,48,Matches,ESP-LALIGA,17-18
c84c1afc,6,Imanol Agirretxe,ESP,FW,Real Sociedad,30,1987,2.6,38,60,63.3,488,81,24,32,75.0,9,16,56.3,1,3,33.3,0,0.0,0.0,0.0,0,1,0,0,5,Matches,ESP-LALIGA,17-18
8617e3d9,7,Matías Aguirregaray,URU,DF,Las Palmas,28,1989,12.8,519,698,74.4,8233,3470,272,304,89.5,188,260,72.3,40,94,42.6,0,0.6,1.3,-0.6,5,42,18,5,57,Matches,ESP-LALIGA,17-18
c5eaff5c,8,Ager Aketxe,ESP,MF,Athletic Club,23,1993,0.4,32,42,76.2,478,96,18,21,85.7,9,11,81.8,3,7,42.9,0,0.0,0.0,0.0,0,3,0,0,6,Matches,ESP-LALIGA,17-18
7a4cd784,9,David Alba,ESP,DF,Getafe,18,1999,0.7,7,9,77.8,178,102,2,3,66.7,3,4,75.0,2,2,100.0,0,0.0,0.0,0.0,0,2,0,0,2,Matches,ESP-LALIGA,17-18
4601e194,10,Jordi Alba,ESP,DF,Barcelona,28,1989,30.5,2074,2418,85.8,28727,8911,1320,1416,93.2,597,716,83.4,91,138,65.9,8,6.1,5.3,1.9,38,99,39,4,135,Matches,ESP-LALIGA,17-18
348e4809,11,Raúl Albentosa,ESP,DF,La Coruña,28,1988,19.4,607,775,78.3,14038,5509,136,162,84.0,334,386,86.5,135,214,63.1,0,0.2,0.2,-0.2,3,28,1,0,27,Matches,ESP-LALIGA,17-18
a7a9d95a,12,Paco Alcácer,ESP,"MF,FW",Barcelona,23,1993,7.7,188,234,80.3,2272,421,116,134,86.6,46,56,82.1,5,11,45.5,3,2.1,1.6,0.9,10,7,8,1,13,Matches,ESP-LALIGA,17-18
ba71d071,13,Pedro Alcalá,ESP,DF,Girona,28,1989,7.7,208,295,70.5,4905,1524,50,59,84.7,111,134,82.8,46,93,49.5,0,0.2,0.1,-0.2,1,24,1,0,24,Matches,ESP-LALIGA,17-18
a8599c17,14,Steve Aldo One,CMR,DF,La Coruña,22,1995,1.0,18,22,81.8,354,169,5,6,83.3,10,12,83.3,3,4,75.0,0,0.0,0.0,0.0,0,0,0,0,0,Matches,ESP-LALIGA,17-18
46166b49,15,Álex Alegría,ESP,FW,Levante,24,1992,7.0,111,164,67.7,1333,166,73,99,73.7,33,44,75.0,0,3,0.0,0,0.2,0.2,-0.2,3,10,2,0,8,Matches,ESP-LALIGA,17-18
3d7e48ce,16,Iván Alejo,ESP,"MF,FW",Eibar,22,1995,12.2,182,340,53.5,2848,887,111,151,73.5,54,99,54.5,15,52,28.8,3,2.1,2.0,0.9,17,11,26,19,20,Matches,ESP-LALIGA,17-18
3e1858af,17,Alexander,ARG,"MF,FW",Leganés,28,1988,11.8,219,320,68.4,2918,931,141,172,82.0,47,80,58.8,14,29,48.3,2,2.5,2.9,-0.5,19,13,14,6,26,Matches,ESP-LALIGA,17-18
db0cd1ae,18,Alexis,ESP,DF,Alavés,31,1985,24.3,544,743,73.2,10573,5124,205,237,86.5,249,334,74.6,79,146,54.1,0,0.3,0.2,-0.3,5,27,3,0,34,Matches,ESP-LALIGA,17-18
7e28d6f7,19,José Alonso Lara,ESP,MF,Sevilla,17,2000,0.1,3,4,75.0,41,12,2,2,100.0,1,1,100.0,0,1,0.0,0,0.0,0.0,0.0,0,1,0,0,0,Matches,ESP-LALIGA,17-18
8875b8c9,20,Sergio Álvarez,ESP,GK,Celta Vigo,30,1986,16.4,424,626,67.7,13411,10001,30,30,100.0,234,239,97.9,160,353,45.3,0,0.1,0.0,-0.1,1,7,1,0,0,Matches,ESP-LALIGA,17-18
3ecc11d8,21,Yeray Álvarez,ESP,DF,Athletic Club,22,1995,7.5,385,468,82.3,8463,3208,101,119,84.9,207,229,90.4,74,111,66.7,0,0.1,0.1,-0.1,2,36,1,0,41,Matches,ESP-LALIGA,17-18
12a875ce,22,Eloi Amagat,ESP,MF,Girona,32,1985,0.2,8,9,88.9,176,49,3,3,100.0,4,5,80.0,1,1,100.0,0,0.0,0.0,0.0,0,2,0,0,3,Matches,ESP-LALIGA,17-18
d70a2141,23,Jordi Amat,IDN,"DF,MF",Betis,25,1992,22.7,1444,1609,89.7,27991,7765,497,538,92.4,782,831,94.1,152,201,75.6,0,0.1,0.3,-0.1,5,77,3,0,101,Matches,ESP-LALIGA,17-18
f3b1d9a2,24,Amath,SEN,"MF,FW",Getafe,21,1996,31.8,390,596,65.4,5819,1699,211,288,73.3,121,171,70.8,29,57,50.9,3,2.7,1.5,0.3,23,47,17,3,66,Matches,ESP-LALIGA,17-18
7c2a398c,25,Nordin Amrabat,MAR,"FW,MF",Leganés,30,1987,18.0,296,481,61.5,4395,981,173,215,80.5,95,151,62.9,16,49,32.7,4,3.2,2.1,0.8,23,20,17,5,50,Matches,ESP-LALIGA,17-18
983ccabe,26,Jon Ander Serantes,ESP,GK,Leganés,27,1989,1.0,12,33,36.4,636,597,0,0,,2,2,100.0,10,31,32.3,0,0.0,0.0,0.0,0,1,0,0,0,Matches,ESP-LALIGA,17-18
dc008610,27,Florin Andone,ROU,FW,La Coruña,24,1993,18.2,188,308,61.0,2226,245,130,176,73.9,43,75,57.3,1,10,10.0,3,0.9,1.1,2.1,9,4,4,1,11,Matches,ESP-LALIGA,17-18
b35db3f6,28,Miguel Ángel Guerrero,ESP,FW,Leganés,27,1990,16.0,283,374,75.7,3755,473,181,227,79.7,78,101,77.2,10,13,76.9,3,1.5,1.0,1.5,14,13,4,0,18,Matches,ESP-LALIGA,17-18
3024e383,29,José Ángel,ESP,DF,Eibar,27,1989,27.0,1003,1645,61.0,20949,9014,347,431,80.5,434,630,68.9,197,486,40.5,8,4.1,3.6,3.9,45,119,35,29,128,Matches,ESP-LALIGA,17-18
011d8c56,30,Miguel Ángel Moyá,ESP,GK,Real Sociedad,33,1984,8.5,274,361,75.9,8727,6236,14,14,100.0,135,140,96.4,124,205,60.5,0,0.0,0.0,0.0,0,6,0,0,0,Matches,ESP-LALIGA,17-18
56cafd0a,31,Miguel Ángel Rubio,ESP,DF,Getafe,19,1998,0.3,3,10,30.0,35,35,2,4,50.0,1,3,33.3,0,2,0.0,0,0.0,0.0,0.0,0,0,0,0,1,Matches,ESP-LALIGA,17-18
3e4f735d,32,Vitorino Antunes,POR,DF,Getafe,30,1987,31.1,862,1366,63.1,15837,8357,400,455,87.9,328,491,66.8,114,345,33.0,2,3.4,3.2,-1.4,28,89,36,15,116,Matches,ESP-LALIGA,17-18
ad340e17,33,Alberto Aquilani,ITA,MF,Las Palmas,33,1984,14.4,838,1008,83.1,15743,4147,374,419,89.3,310,360,86.1,130,179,72.6,0,0.5,0.7,-0.5,12,86,6,0,80,Matches,ESP-LALIGA,17-18
58afe001,34,Mauro Arambarri,URU,MF,Getafe,21,1995,23.6,435,629,69.2,9748,2632,147,191,77.0,162,217,74.7,115,178,64.6,1,1.9,1.3,-0.9,9,53,7,1,76,Matches,ESP-LALIGA,17-18
2b15a82a,35,Guilherme Arana,BRA,DF,Sevilla,20,1997,2.1,105,123,85.4,1310,461,81,86,94.2,19,25,76.0,2,7,28.6,0,0.0,0.0,0.0,0,2,0,0,4,Matches,ESP-LALIGA,17-18
080ac8d8,36,Sergio Araujo,ARG,"MF,FW",Las Palmas,25,1992,0.4,20,21,95.2,253,39,15,15,100.0,4,4,100.0,0,0,,0,0.0,0.0,0.0,0,3,0,0,0,Matches,ESP-LALIGA,17-18
850c0a0d,37,Anaitz Arbilla,ESP,DF,Eibar,30,1987,26.8,1235,1559,79.2,29963,11577,334,383,87.2,561,638,87.9,331,499,66.3,1,0.4,0.8,0.6,8,143,10,1,158,Matches,ESP-LALIGA,17-18
46e07328,38,José Arnaiz,ESP,MF,Barcelona,22,1995,0.1,3,4,75.0,46,0,2,2,100.0,1,2,50.0,0,0,,0,0.0,0.0,0.0,0,0,0,0,0,Matches,ESP-LALIGA,17-18
cc29324e,39,Alejandro Arribas,ESP,DF,La Coruña,28,1989,3.0,99,118,83.9,2115,689,24,26,92.3,61,63,96.8,13,28,46.4,0,0.0,0.0,0.0,0,5,0,0,11,Matches,ESP-LALIGA,17-18
28d596a0,40,Kepa Arrizabalaga,ESP,GK,Athletic Club,22,1994,30.0,700,1056,66.3,27639,23096,24,25,96.0,246,249,98.8,429,771,55.6,0,0.3,0.1,-0.3,1,32,0,0,0,Matches,ESP-LALIGA,17-18
01ae64cd,41,Aythami Artiles,ESP,DF,Las Palmas,31,1986,2.0,81,95,85.3,1763,583,23,26,88.5,48,54,88.9,10,15,66.7,0,0.0,0.0,0.0,0,3,0,0,1,Matches,ESP-LALIGA,17-18
9f0ea33f,42,Sergio Asenjo,ESP,GK,Villarreal,28,1989,23.0,406,657,61.8,13406,10597,50,50,100.0,163,168,97.0,191,434,44.0,0,0.0,0.0,0.0,0,6,0,0,0,Matches,ESP-LALIGA,17-18
45af8a54,43,Marco Asensio,ESP,"FW,MF",Real Madrid,21,1996,20.5,1062,1264,84.0,15960,3700,627,676,92.8,322,378,85.2,77,130,59.2,6,6.4,3.6,-0.4,52,113,43,7,157,Matches,ESP-LALIGA,17-18
7dcf86f6,44,Iago Aspas,ESP,FW,Celta Vigo,29,1987,32.6,992,1316,75.4,14982,3301,592,705,84.0,277,366,75.7,81,125,64.8,5,9.5,7.0,-4.5,69,73,50,7,126,Matches,ESP-LALIGA,17-18
09a9e921,45,Carlos Bacca,COL,FW,Villarreal,30,1986,27.7,388,538,72.1,5649,1228,232,295,78.6,112,158,70.9,27,41,65.9,6,4.7,4.2,1.3,30,21,15,1,39,Matches,ESP-LALIGA,17-18
0af4dcf0,46,Cédric Bakambu,COD,FW,Villarreal,26,1991,14.0,209,293,71.3,2837,684,125,152,82.2,54,84,64.3,11,17,64.7,0,1.6,0.6,-1.6,15,19,5,1,21,Matches,ESP-LALIGA,17-18
ec3efd7f,47,Zakaria Bakkali,BEL,"FW,MF",La Coruña,21,1996,10.1,232,307,75.6,3284,692,145,164,88.4,66,93,71.0,14,29,48.3,0,0.3,0.9,-0.3,8,13,3,2,30,Matches,ESP-LALIGA,17-18
a58bb1e1,48,Gareth Bale,WAL,"FW,MF",Real Madrid,28,1989,20.0,603,779,77.4,9329,2213,360,408,88.2,162,210,77.1,56,89,62.9,2,5.0,4.1,-3.0,41,32,44,11,87,Matches,ESP-LALIGA,17-18
1fe67e86,49,Mikel Balenziaga,ESP,DF,Athletic Club,29,1988,17.2,599,791,75.7,9534,2681,304,340,89.4,239,315,75.9,35,85,41.2,2,1.0,1.1,1.0,7,34,16,12,48,Matches,ESP-LALIGA,17-18
fa937f7a,50,Éver Banega,ARG,MF,Sevilla,29,1988,26.7,1896,2309,82.1,35620,13307,784,865,90.6,811,923,87.9,260,421,61.8,3,6.2,5.5,-3.2,66,268,38,2,350,Matches,ESP-LALIGA,17-18
35f6db55,51,Léo Baptistão,BRA,"FW,MF",Espanyol,24,1992,29.7,473,727,65.1,6165,1407,300,387,77.5,132,193,68.4,13,45,28.9,3,2.5,3.2,0.5,25,33,19,4,51,Matches,ESP-LALIGA,17-18
aad4f74f,52,Mariano Barbosa,ARG,GK,Villarreal,33,1984,12.5,225,335,67.2,6683,5191,35,35,100.0,106,106,100.0,84,194,43.3,0,0.0,0.0,0.0,0,1,0,0,0,Matches,ESP-LALIGA,17-18
cac2537b,53,Enis Bardhi,MKD,MF,Levante,22,1995,17.6,520,683,76.1,9176,2631,252,295,85.4,183,220,83.2,63,118,53.4,1,1.3,1.3,-0.3,23,83,8,0,91,Matches,ESP-LALIGA,17-18
487d9b09,54,Antonio Barragán,ESP,DF,Betis,30,1987,26.4,1293,1618,79.9,19836,7027,742,835,88.9,434,547,79.3,90,168,53.6,6,2.8,3.2,3.2,21,78,26,10,123,Matches,ESP-LALIGA,17-18
9704b62b,55,Barri,ESP,"MF,FW",Getafe,21,1995,1.3,10,16,62.5,202,88,5,7,71.4,3,3,100.0,2,3,66.7,0,0.0,0.0,0.0,0,2,0,0,4,Matches,ESP-LALIGA,17-18
b742cc0d,56,Marc Bartra,ESP,DF,Betis,26,1991,15.8,939,1100,85.4,18744,6976,314,336,93.5,491,527,93.2,123,212,58.0,0,0.7,0.5,-0.7,5,75,3,1,57,Matches,ESP-LALIGA,17-18
8c44e37b,57,Borja Bastón,ESP,FW,Málaga,24,1992,10.9,171,236,72.5,2013,216,121,149,81.2,34,51,66.7,4,7,57.1,0,0.1,0.1,-0.1,4,5,2,0,8,Matches,ESP-LALIGA,17-18
debc6b55,58,Jon Bautista,ESP,"FW,MF",Real Sociedad,22,1995,2.0,27,35,77.1,305,46,16,18,88.9,4,8,50.0,2,3,66.7,0,0.1,0.1,-0.1,1,0,2,0,3,Matches,ESP-LALIGA,17-18
2515040a,59,Paul Baysse,FRA,DF,Málaga,29,1988,13.8,448,549,81.6,9290,3165,141,159,88.7,238,273,87.2,66,110,60.0,0,0.0,0.0,0.0,0,13,0,0,25,Matches,ESP-LALIGA,17-18
8ca253a3,60,Claudio Beauvue,GLP,FW,Leganés,29,1988,18.6,208,321,64.8,2650,449,125,172,72.7,55,84,65.5,7,22,31.8,0,1.3,0.7,-1.3,9,15,5,0,22,Matches,ESP-LALIGA,17-18
d8712bf9,61,Bebé,CPV,"MF,FW",Eibar,27,1990,4.1,84,149,56.4,1390,280,41,52,78.8,27,50,54.0,10,29,34.5,1,1.7,0.6,-0.7,8,3,4,4,3,Matches,ESP-LALIGA,17-18
942b4f90,62,Wissam Ben Yedder,FRA,FW,Sevilla,26,1990,18.9,371,481,77.1,4592,831,242,283,85.5,93,126,73.8,11,22,50.0,3,2.1,2.8,0.9,28,18,16,0,53,Matches,ESP-LALIGA,17-18
70d74ece,63,Karim Benzema,FRA,FW,Real Madrid,29,1987,23.9,723,881,82.1,9638,1966,473,541,87.4,159,194,82.0,46,54,85.2,10,6.8,5.3,3.2,44,59,30,1,98,Matches,ESP-LALIGA,17-18
04a65a8f,64,Markel Bergara,ESP,MF,Getafe,31,1986,16.3,278,397,70.0,3817,1056,158,212,74.5,85,114,74.6,13,32,40.6,1,0.0,0.2,1.0,2,19,3,0,28,Matches,ESP-LALIGA,17-18
697295b1,65,Pedro Bigas,ESP,DF,Las Palmas,26,1990,9.9,522,596,87.6,9370,3911,236,258,91.5,224,241,92.9,56,82,68.3,0,0.3,0.2,-0.3,5,24,2,0,32,Matches,ESP-LALIGA,17-18
967f34d3,66,Rubén Blanco,ESP,GK,Celta Vigo,22,1995,21.6,507,819,61.9,16518,11951,22,22,100.0,277,281,98.6,208,507,41.0,0,0.0,0.0,0.0,0,12,0,0,1,Matches,ESP-LALIGA,17-18
2e23c66b,67,Emmanuel Boateng,GHA,FW,Levante,21,1996,14.2,143,228,62.7,1890,358,99,138,71.7,31,58,53.4,7,9,77.8,0,1.3,0.4,-1.3,7,18,7,0,21,Matches,ESP-LALIGA,17-18
13b0c150,68,Daniele Bonera,ITA,DF,Villarreal,36,1981,13.2,493,569,86.6,10077,4150,174,186,93.5,235,254,92.5,79,119,66.4,1,0.6,0.2,0.4,3,42,2,0,48,Matches,ESP-LALIGA,17-18
b8836910,69,Celso Borges,CRC,MF,La Coruña,29,1988,25.6,952,1236,77.0,14993,4829,568,690,82.3,273,336,81.3,85,147,57.8,3,2.4,1.5,0.6,24,116,15,3,131,Matches,ESP-LALIGA,17-18
1001ae82,70,Ryad Boudebouz,ALG,"MF,FW",Betis,27,1990,15.1,661,862,76.7,10048,2252,373,437,85.4,199,258,77.1,54,104,51.9,3,2.5,2.6,0.5,26,55,12,1,75,Matches,ESP-LALIGA,17-18
f6798fc3,71,Yassine Bounou,MAR,GK,Girona,26,1991,29.5,444,879,50.5,18205,15133,31,31,100.0,118,122,96.7,293,720,40.7,0,0.0,0.1,0.0,0,19,0,0,0,Matches,ESP-LALIGA,17-18
1771f2c1,72,Eneko Bóveda,ESP,DF,La Coruña,28,1988,7.4,212,284,74.6,4237,1316,71,90,78.9,98,121,81.0,36,54,66.7,0,0.0,0.0,0.0,0,9,1,0,14,Matches,ESP-LALIGA,17-18
1771f2c1,73,Eneko Bóveda,ESP,DF,Athletic Club,28,1988,5.8,203,293,69.3,3153,1225,121,142,85.2,63,101,62.4,15,39,38.5,1,0.2,0.2,0.8,4,14,4,3,18,Matches,ESP-LALIGA,17-18
d49f3e6b,74,Lucas Boyé,ARG,"FW,MF",Celta Vigo,21,1996,3.1,79,128,61.7,961,269,60,76,78.9,14,31,45.2,2,6,33.3,0,0.2,0.3,-0.2,2,2,3,1,10,Matches,ESP-LALIGA,17-18
4accb7e0,75,Darko Brašanac,SRB,"MF,FW",Leganés,25,1992,13.4,331,419,79.0,4891,1437,201,225,89.3,98,126,77.8,21,38,55.3,0,1.0,0.5,-1.0,17,28,4,1,34,Matches,ESP-LALIGA,17-18
9b878773,76,Alberto Bueno,ESP,"MF,FW",Málaga,29,1988,2.5,78,98,79.6,1368,299,38,43,88.4,30,37,81.1,8,13,61.5,0,0.5,0.2,-0.5,4,9,2,1,5,Matches,ESP-LALIGA,17-18
45e304c8,77,Burgui,ESP,"MF,FW",Alavés,23,1993,11.5,271,365,74.2,4218,1500,149,183,81.4,91,122,74.6,22,34,64.7,0,1.6,1.3,-1.6,18,32,15,1,46,Matches,ESP-LALIGA,17-18
5ab0ea87,78,Sergio Busquets,ESP,MF,Barcelona,29,1988,28.8,2031,2249,90.3,35903,11780,848,929,91.3,869,933,93.1,230,266,86.5,4,2.0,1.9,2.0,24,209,10,0,203,Matches,ESP-LALIGA,17-18
f3112790,79,Unai Bustinza,ESP,DF,Leganés,25,1992,18.2,540,691,78.1,10452,4246,234,257,91.1,218,268,81.3,81,140,57.9,0,0.2,0.4,-0.2,4,31,4,2,37,Matches,ESP-LALIGA,17-18
e7ab4179,80,Erick Cabaco,URU,DF,Levante,22,1995,11.6,232,324,71.6,4950,2263,71,82,86.6,123,144,85.4,34,87,39.1,0,0.0,0.1,0.0,1,15,1,0,22,Matches,ESP-LALIGA,17-18
92b4a127,81,Gustavo Cabral,ARG,DF,Celta Vigo,31,1985,21.0,1134,1283,88.4,23771,7263,289,315,91.7,662,700,94.6,169,241,70.1,1,0.3,0.2,0.7,2,36,0,0,40,Matches,ESP-LALIGA,17-18
69cbc8b6,82,Leandro Cabrera,URU,DF,Getafe,26,1991,8.0,151,297,50.8,3269,1970,55,72,76.4,60,105,57.1,34,105,32.4,0,0.3,0.2,-0.3,2,29,7,3,32,Matches,ESP-LALIGA,17-18
fe05804b,83,Cala,ESP,DF,Getafe,27,1989,20.0,414,655,63.2,11752,4979,76,100,76.0,168,243,69.1,163,297,54.9,2,0.7,0.9,1.3,6,44,0,0,42,Matches,ESP-LALIGA,17-18
4e2c27bb,84,Carlos Calderón,ESP,MF,Getafe,22,1995,0.0,2,2,100.0,7,0,1,1,100.0,0,0,,0,0,,0,0.0,0.0,0.0,0,0,0,0,0,Matches,ESP-LALIGA,17-18
6922f806,85,Jonathan Calleri,ARG,FW,Las Palmas,23,1993,34.5,464,748,62.0,6581,1358,259,371,69.8,127,207,61.4,31,73,42.5,3,2.8,2.7,0.2,27,32,15,1,64,Matches,ESP-LALIGA,17-18
b2d03887,86,Víctor Camarasa,ESP,MF,Betis,23,1994,13.9,549,637,86.2,9190,1736,271,304,89.1,209,228,91.7,51,65,78.5,0,1.5,1.1,-1.5,14,59,4,2,68,Matches,ESP-LALIGA,17-18
61220da2,87,José Campaña,ESP,MF,Levante,24,1993,30.4,1352,1693,79.9,23878,7904,643,734,87.6,512,606,84.5,158,259,61.0,4,4.7,2.8,-0.7,49,157,34,8,232,Matches,ESP-LALIGA,17-18
895ff3ca,88,Joel Campbell,CRC,"MF,FW",Betis,25,1992,2.4,80,94,85.1,1151,326,52,55,94.5,21,26,80.8,5,10,50.0,1,0.5,0.2,0.5,5,5,5,0,16,Matches,ESP-LALIGA,17-18
a6de370d,89,Sergio Canales,ESP,"MF,FW",Real Sociedad,26,1991,21.4,1050,1334,78.7,17549,4452,545,597,91.3,333,412,80.8,129,235,54.9,5,6.0,6.0,-1.0,57,99,40,10,138,Matches,ESP-LALIGA,17-18
bd6351cd,90,João Cancelo,POR,MF,Valencia,23,1994,1.0,28,47,59.6,397,146,20,28,71.4,4,9,44.4,3,5,60.0,0,0.4,0.5,-0.4,5,3,3,0,6,Matches,ESP-LALIGA,17-18
37f1cf47,91,Ander Capa,ESP,DF,Eibar,25,1992,25.0,1062,1492,71.2,18906,7912,513,604,84.9,408,543,75.1,123,251,49.0,1,1.5,2.1,-0.5,14,95,26,14,143,Matches,ESP-LALIGA,17-18
5b5724d2,92,Lionel Carole,FRA,DF,Sevilla,26,1991,6.0,294,360,81.7,4718,1743,156,174,89.7,118,137,86.1,19,38,50.0,1,0.1,0.2,0.9,3,17,4,1,24,Matches,ESP-LALIGA,17-18
de39485a,93,Yannick Carrasco,BEL,"MF,FW",Atlético Madrid,23,1993,10.0,247,333,74.2,3236,760,154,181,85.1,70,92,76.1,7,24,29.2,4,2.6,1.5,1.4,17,18,7,3,29,Matches,ESP-LALIGA,17-18
e1deea75,94,Daniel Carriço,POR,DF,Sevilla,28,1988,5.1,214,249,85.9,4265,1725,78,84,92.9,103,115,89.6,31,45,68.9,0,0.2,0.1,-0.2,2,13,0,0,16,Matches,ESP-LALIGA,17-18
a8e6bebf,95,Federico Cartabia,ARG,"FW,MF",La Coruña,24,1993,14.7,451,596,75.7,7541,1892,235,280,83.9,161,205,78.5,42,73,57.5,1,1.6,2.1,-0.6,23,29,19,5,78,Matches,ESP-LALIGA,17-18
4958bfb2,96,Dani Carvajal,ESP,DF,Real Madrid,25,1992,24.7,1595,1898,84.0,25751,7152,888,982,90.4,538,627,85.8,132,201,65.7,2,4.2,3.4,-2.2,36,109,42,22,150,Matches,ESP-LALIGA,17-18
4d224fe8,97,Casemiro,BRA,MF,Real Madrid,25,1992,28.8,1545,1762,87.7,28541,7974,701,759,92.4,595,666,89.3,209,260,80.4,3,2.7,2.3,0.3,23,155,13,2,145,Matches,ESP-LALIGA,17-18
58bc7d18,98,Kiko Casilla,ESP,GK,Real Madrid,30,1986,10.0,211,268,78.7,5988,4168,23,23,100.0,112,115,97.4,75,128,58.6,0,0.0,0.0,0.0,0,1,0,0,0,Matches,ESP-LALIGA,17-18
21d4e122,99,Dani Castellano,ESP,DF,Las Palmas,29,1987,22.5,831,1079,77.0,12247,4996,474,537,88.3,291,385,75.6,38,89,42.7,2,0.7,0.6,1.3,9,52,8,5,55,Matches,ESP-LALIGA,17-18
dac68523,100,Javi Castellano,ESP,MF,Las Palmas,29,1987,17.4,971,1085,89.5,15593,4532,520,568,91.5,355,380,93.4,74,93,79.6,0,0.1,0.2,-0.1,3,52,1,0,60,Matches,ESP-LALIGA,17-18
130a7a3f,101,Samu Castillejo,ESP,"MF,FW",Villarreal,22,1995,23.0,763,996,76.6,13006,3436,380,434,87.6,277,338,82.0,81,156,51.9,5,4.4,4.0,0.6,43,58,32,8,111,Matches,ESP-LALIGA,17-18
8cc3d96e,102,Chory Castro,URU,"MF,FW",Málaga,32,1984,22.9,672,1013,66.3,11487,3929,368,438,84.0,187,294,63.6,88,187,47.1,2,2.5,2.6,-0.5,32,74,30,16,100,Matches,ESP-LALIGA,17-18
e28868f3,103,Jonny Castro,ESP,DF,Celta Vigo,23,1994,35.6,1744,2114,82.5,28020,9276,933,1032,90.4,653,788,82.9,128,199,64.3,1,1.6,2.9,-0.6,22,120,29,8,162,Matches,ESP-LALIGA,17-18
d109f62b,104,Rubén Castro,ESP,FW,Betis,36,1981,4.0,49,59,83.1,694,132,26,29,89.7,13,14,92.9,4,5,80.0,1,0.6,0.2,0.4,2,2,0,0,6,Matches,ESP-LALIGA,17-18
c0617e2b,105,Dani Ceballos,ESP,MF,Real Madrid,20,1996,4.5,353,380,92.9,5443,1220,195,205,95.1,102,107,95.3,36,42,85.7,0,0.2,0.5,-0.2,4,33,2,0,38,Matches,ESP-LALIGA,17-18
5c256395,106,Emanuel Cecchini,ARG,"MF,DF",Málaga,20,1996,0.3,13,16,81.3,183,52,11,11,100.0,0,0,,2,2,100.0,0,0.0,0.0,0.0,0,3,0,0,3,Matches,ESP-LALIGA,17-18
7a9fae62,107,Nereo Champagne,ARG,GK,Leganés,32,1985,2.0,32,58,55.2,1424,1353,1,1,100.0,5,5,100.0,26,51,51.0,0,0.0,0.0,0.0,0,1,0,0,0,Matches,ESP-LALIGA,17-18
c4b8bcf4,108,Charles,BRA,FW,Eibar,33,1984,17.6,286,424,67.5,3687,672,182,257,70.8,66,103,64.1,11,14,78.6,1,1.7,1.3,-0.7,17,22,6,0,32,Matches,ESP-LALIGA,17-18
7f203b54,109,Chema,ESP,DF,Levante,25,1992,22.4,535,693,77.2,11905,4783,143,160,89.4,273,309,88.3,111,209,53.1,1,0.9,0.2,0.1,4,36,3,0,49,Matches,ESP-LALIGA,17-18
0ac94a23,110,Denis Cheryshev,RUS,"MF,FW",Villarreal,26,1990,10.3,224,334,67.1,3582,1127,120,149,80.5,83,126,65.9,15,32,46.9,1,3.5,1.5,-2.5,17,21,15,6,38,Matches,ESP-LALIGA,17-18
8d957256,111,Leandro Chichizola,ARG,GK,Las Palmas,27,1990,27.0,807,1142,70.7,23394,17039,125,127,98.4,386,394,98.0,295,614,48.0,0,0.0,0.0,0.0,1,9,0,0,0,Matches,ESP-LALIGA,17-18
c4af5889,112,Chuca,ESP,MF,Villarreal,20,1997,1.0,35,54,64.8,656,126,18,24,75.0,10,16,62.5,6,12,50.0,0,0.0,0.0,0.0,1,4,0,0,5,Matches,ESP-LALIGA,17-18
90f83973,113,Cifu,ESP,DF,Málaga,26,1990,1.2,65,85,76.5,902,372,43,49,87.8,18,23,78.3,3,6,50.0,0,0.1,0.7,-0.1,2,5,4,3,6,Matches,ESP-LALIGA,17-18
04ac8285,114,Jasper Cillessen,NED,GK,Barcelona,28,1989,1.0,25,31,80.6,605,330,4,4,100.0,14,14,100.0,7,13,53.8,0,0.0,0.0,0.0,0,0,0,0,0,Matches,ESP-LALIGA,17-18
6d8f8441,115,Coke,ESP,DF,Levante,30,1987,15.4,543,748,72.6,8503,3984,306,352,86.9,181,251,72.1,44,96,45.8,0,0.4,0.6,-0.4,11,43,15,5,67,Matches,ESP-LALIGA,17-18
643b39a6,116,Emre Çolak,TUR,MF,La Coruña,26,1991,16.1,683,881,77.5,11741,3873,357,407,87.7,209,256,81.6,91,160,56.9,1,4.0,4.1,-3.0,38,109,33,6,144,Matches,ESP-LALIGA,17-18
a6951bf8,117,Francis Coquelin,FRA,"MF,DF",Valencia,26,1991,7.3,256,310,82.6,4423,1405,126,140,90.0,91,109,83.5,29,41,70.7,0,0.1,0.1,-0.1,2,33,1,0,28,Matches,ESP-LALIGA,17-18
0e7ccfc4,118,Sébastien Corchia,FRA,DF,Sevilla,26,1990,9.1,305,397,76.8,4441,1789,191,212,90.1,91,134,67.9,15,36,41.7,1,0.5,0.6,0.5,5,18,6,5,25,Matches,ESP-LALIGA,17-18
49ea92be,119,Iñigo Córdoba,ESP,FW,Athletic Club,20,1997,16.2,348,540,64.4,5509,1591,191,245,78.0,111,162,68.5,33,75,44.0,1,1.9,2.0,-0.9,16,37,22,9,65,Matches,ESP-LALIGA,17-18
01eb744d,120,Ángel Correa,ARG,"MF,FW",Atlético Madrid,22,1995,25.0,633,891,71.0,8092,2206,411,499,82.4,148,212,69.8,27,63,42.9,4,2.7,2.4,1.3,29,44,26,4,85,Matches,ESP-LALIGA,17-18
45b9b619,121,Joaquín Correa,ARG,FW,Sevilla,22,1994,13.3,397,486,81.7,5850,1469,234,266,88.0,112,136,82.4,28,32,87.5,1,2.0,1.5,-1.0,23,24,19,0,50,Matches,ESP-LALIGA,17-18
a190d597,122,Diego Costa,ESP,FW,Atlético Madrid,28,1988,11.6,237,316,75.0,2810,422,157,193,81.3,44,55,80.0,8,13,61.5,3,2.4,1.3,0.6,13,11,9,1,16,Matches,ESP-LALIGA,17-18
808d48f3,123,Jaume Costa,ESP,DF,Villarreal,29,1988,28.2,1262,1583,79.7,20464,8096,673,745,90.3,476,596,79.9,97,185,52.4,0,1.7,2.3,-1.7,31,115,31,10,129,Matches,ESP-LALIGA,17-18
0ef89a37,124,Philippe Coutinho,BRA,"MF,FW",Barcelona,25,1992,14.4,728,877,83.0,9986,2462,429,470,91.3,192,224,85.7,44,83,53.0,5,4.2,5.0,0.8,29,62,29,2,99,Matches,ESP-LALIGA,17-18
cc2dd8a5,125,Juan Cruz,ESP,FW,Málaga,17,2000,0.1,3,3,100.0,25,9,2,2,100.0,0,0,,0,0,,0,0.0,0.0,0.0,0,0,0,0,0,Matches,ESP-LALIGA,17-18
75751c99,126,Iván Cuéllar,ESP,GK,Leganés,33,1984,35.0,503,1126,44.7,22645,20523,21,21,100.0,122,126,96.8,360,967,37.2,0,0.1,0.1,-0.1,2,42,0,0,0,Matches,ESP-LALIGA,17-18
070a3904,127,Sergi Darder,ESP,MF,Espanyol,23,1993,30.9,1213,1506,80.5,21560,7141,574,646,88.9,448,539,83.1,154,235,65.5,2,2.4,2.5,-0.4,28,162,15,3,191,Matches,ESP-LALIGA,17-18
60ee859c,128,Salem Al-Dawsari,KSA,MF,Villarreal,25,1991,0.4,15,17,88.2,221,36,10,10,100.0,4,5,80.0,1,1,100.0,0,0.0,0.0,0.0,0,1,0,0,0,Matches,ESP-LALIGA,17-18
b19db005,129,Ousmane Dembélé,FRA,"FW,MF",Barcelona,20,1997,10.3,391,505,77.4,5835,1462,227,262,86.6,111,145,76.6,33,46,71.7,6,3.7,3.6,2.3,28,29,27,3,55,Matches,ESP-LALIGA,17-18
ed79b7d3,130,Ermedin Demirović,BIH,FW,Alavés,19,1998,2.0,16,29,55.2,183,21,14,20,70.0,0,2,0.0,1,3,33.3,1,0.0,0.0,1.0,1,1,0,0,1,Matches,ESP-LALIGA,17-18
39583cfd,131,Gerard Deulofeu,ESP,"MF,FW",Barcelona,23,1994,5.6,230,294,78.2,3290,494,138,158,87.3,57,73,78.1,18,31,58.1,1,1.5,0.9,-0.5,10,6,5,1,14,Matches,ESP-LALIGA,17-18
70438d35,132,Adrián Diéguez,ESP,DF,Alavés,21,1996,4.8,131,168,78.0,2548,1275,67,76,88.2,40,54,74.1,22,33,66.7,0,0.0,0.1,0.0,0,12,3,1,11,Matches,ESP-LALIGA,17-18
1b84dbe1,133,Lucas Digne,FRA,DF,Barcelona,24,1993,7.8,489,564,86.7,7217,2095,281,311,90.4,163,180,90.6,33,44,75.0,2,1.8,1.7,0.2,6,25,5,2,36,Matches,ESP-LALIGA,17-18
7329018e,134,Papakouli Diop,SEN,MF,Espanyol,31,1986,2.9,63,80,78.8,1074,300,27,32,84.4,28,33,84.8,5,10,50.0,0,0.0,0.0,0.0,2,13,0,0,9,Matches,ESP-LALIGA,17-18
7329018e,135,Papakouli Diop,SEN,MF,Eibar,31,1986,10.4,340,449,75.7,6280,1795,130,162,80.2,158,192,82.3,43,74,58.1,0,0.2,0.5,-0.2,4,52,7,2,65,Matches,ESP-LALIGA,17-18
a4971d84,136,Djené,TOG,DF,Getafe,25,1991,36.0,688,992,69.4,14079,6009,225,269,83.6,346,443,78.1,107,240,44.6,0,0.2,0.5,-0.2,3,47,4,1,60,Matches,ESP-LALIGA,17-18
ac295d9e,137,Marko Dmitrović,SRB,GK,Eibar,25,1992,36.0,580,1163,49.9,26463,23662,46,47,97.9,134,136,98.5,399,974,41.0,0,0.0,0.2,0.0,1,82,1,0,1,Matches,ESP-LALIGA,17-18
c9cb972b,138,Jaume Doménech,ESP,GK,Valencia,26,1990,5.0,105,140,75.0,2815,2254,26,26,100.0,45,47,95.7,32,65,49.2,0,0.0,0.0,0.0,0,0,0,0,0,Matches,ESP-LALIGA,17-18
ec699fdd,139,Mauro dos Santos,ARG,DF,Leganés,28,1989,10.9,235,311,75.6,4951,1829,85,99,85.9,103,130,79.2,45,74,60.8,0,0.0,0.1,0.0,0,21,1,0,15,Matches,ESP-LALIGA,17-18
e208bcc8,140,Cheick Doukouré,CIV,MF,Levante,24,1992,11.4,261,320,81.6,4171,1119,139,166,83.7,92,107,86.0,23,28,82.1,0,0.3,0.1,-0.3,4,24,1,0,31,Matches,ESP-LALIGA,17-18
aa0ac32d,141,Óscar Duarte,CRC,DF,Espanyol,28,1989,11.0,380,483,78.7,7877,3145,117,131,89.3,193,218,88.5,65,125,52.0,0,0.0,0.1,0.0,0,15,3,1,20,Matches,ESP-LALIGA,17-18
1fe0492d,142,Rubén Duarte,ESP,DF,Alavés,21,1995,23.8,670,968,69.2,10762,5136,371,441,84.1,221,327,67.6,59,154,38.3,2,1.6,1.6,0.4,19,42,22,14,74,Matches,ESP-LALIGA,17-18
e5cd9da6,143,Riza Durmisi,DEN,DF,Betis,23,1994,23.1,856,1069,80.1,12924,3616,487,518,94.0,311,394,78.9,39,103,37.9,3,2.6,2.3,0.4,18,43,14,4,60,Matches,ESP-LALIGA,17-18
37e103f8,144,Hugo Duro,ESP,FW,Getafe,17,1999,0.2,6,6,100.0,67,13,4,4,100.0,2,2,100.0,0,0,,0,0.0,0.0,0.0,0,0,0,0,0,Matches,ESP-LALIGA,17-18
f7dc2ae5,145,Aritz Elustondo,ESP,DF,Real Sociedad,23,1994,17.7,870,1028,84.6,16255,5748,319,357,89.4,464,514,90.3,77,133,57.9,2,0.3,0.5,1.7,7,48,7,3,61,Matches,ESP-LALIGA,17-18
fd47b4f2,146,Rodrigo Ely,BRA,DF,Alavés,23,1993,29.9,753,1040,72.4,16921,6729,199,250,79.6,396,475,83.4,152,292,52.1,0,0.4,0.2,-0.4,2,40,1,0,46,Matches,ESP-LALIGA,17-18
04e17fd5,147,Youssef En-Nesyri,MAR,FW,Málaga,20,1997,17.7,190,342,55.6,2524,500,119,179,66.5,43,87,49.4,11,26,42.3,0,0.9,0.4,-0.9,10,13,6,2,23,Matches,ESP-LALIGA,17-18
bb4b1242,148,Sergi Enrich,ESP,FW,Eibar,27,1990,14.8,289,430,67.2,3759,477,194,275,70.5,58,86,67.4,16,25,64.0,1,1.7,1.0,-0.7,15,17,1,0,21,Matches,ESP-LALIGA,17-18
aec0fb6f,149,Javier Eraso,ESP,"MF,FW",Leganés,27,1990,28.1,623,875,71.2,9010,2313,386,461,83.7,162,239,67.8,47,104,45.2,3,3.4,2.3,-0.4,33,53,9,4,75,Matches,ESP-LALIGA,17-18
3f79a1c8,150,Gonzalo Escalante,ARG,MF,Eibar,24,1993,17.4,490,674,72.7,7937,1894,236,308,76.6,201,244,82.4,34,76,44.7,0,1.0,0.8,-1.0,10,46,8,2,64,Matches,ESP-LALIGA,17-18
b0616e3d,151,Sergio Escudero,ESP,DF,Sevilla,27,1989,25.9,1303,1651,78.9,20152,8064,724,810,89.4,430,557,77.2,94,179,52.5,2,1.2,1.5,0.8,14,102,17,4,145,Matches,ESP-LALIGA,17-18
4242011c,152,Bernardo Espinosa,COL,DF,Girona,28,1989,31.9,960,1177,81.6,22797,9392,212,240,88.3,516,585,88.2,225,332,67.8,3,1.1,1.0,1.9,7,43,3,0,42,Matches,ESP-LALIGA,17-18
b579e83d,153,Oghenekaro Etebo,NGA,MF,Las Palmas,21,1995,13.5,540,639,84.5,9926,2389,226,255,88.6,231,254,90.9,67,94,71.3,1,0.4,0.4,0.6,7,52,7,1,62,Matches,ESP-LALIGA,17-18
b037bd4f,154,Beñat Etxebarria,ESP,MF,Athletic Club,30,1987,12.4,642,817,78.6,12632,3735,252,284,88.7,275,328,83.8,107,176,60.8,2,2.4,2.0,-0.4,25,62,16,1,109,Matches,ESP-LALIGA,17-18
4a895384,155,Xabier Etxeita,ESP,DF,Athletic Club,29,1987,4.2,136,161,84.5,3024,1198,33,36,91.7,76,84,90.5,25,34,73.5,0,0.0,0.0,0.0,0,14,0,0,10,Matches,ESP-LALIGA,17-18
283c7121,156,Edu Expósito,ESP,"MF,FW",La Coruña,20,1996,1.1,45,52,86.5,766,174,21,24,87.5,19,20,95.0,4,5,80.0,0,0.0,0.0,0.0,0,4,0,0,3,Matches,ESP-LALIGA,17-18
07d67579,157,Erik Expósito,ESP,FW,Las Palmas,21,1996,5.2,58,95,61.1,682,181,41,59,69.5,8,18,44.4,3,4,75.0,0,0.2,0.3,-0.2,4,7,6,1,10,Matches,ESP-LALIGA,17-18
9243fea6,158,Imoh Ezekiel,NGA,"MF,FW",Las Palmas,23,1993,5.2,94,123,76.4,1214,206,65,74,87.8,24,29,82.8,2,8,25.0,0,0.1,0.3,-0.1,3,7,5,0,11,Matches,ESP-LALIGA,17-18
79135368,159,Fayçal Fajr,MAR,"MF,FW",Getafe,28,1988,26.5,738,1068,69.1,16475,4556,275,343,80.2,234,324,72.2,200,327,61.2,4,2.9,2.6,1.1,34,74,25,15,89,Matches,ESP-LALIGA,17-18
89151b16,160,Zouhair Feddal,MAR,DF,Betis,28,1989,14.0,668,825,81.0,14299,4829,218,240,90.8,314,353,89.0,128,211,60.7,0,0.1,0.2,-0.1,1,64,1,1,66,Matches,ESP-LALIGA,17-18
307fcd26,161,Andrés Fernández,ESP,GK,Villarreal,30,1986,2.5,44,70,62.9,1253,946,8,8,100.0,24,24,100.0,12,37,32.4,0,0.0,0.0,0.0,0,0,0,0,0,Matches,ESP-LALIGA,17-18
78c40e94,162,Augusto Fernández,ARG,MF,Atlético Madrid,31,1986,1.2,58,73,79.5,1006,288,25,27,92.6,25,27,92.6,6,14,42.9,0,0.0,0.0,0.0,1,5,0,0,5,Matches,ESP-LALIGA,17-18
e08647d6,163,Carlos Fernández,ESP,FW,Sevilla,21,1996,1.5,28,36,77.8,358,18,18,23,78.3,7,9,77.8,2,2,100.0,0,0.1,0.1,-0.1,3,0,0,0,0,Matches,ESP-LALIGA,17-18
6fb59070,164,Raúl Fernández,ESP,GK,Levante,29,1988,11.0,174,325,53.5,8144,7283,3,3,100.0,39,40,97.5,132,279,47.3,0,0.0,0.0,0.0,0,16,0,0,0,Matches,ESP-LALIGA,17-18
24f59bb2,165,Junior Firpo,DOM,DF,Betis,20,1996,13.2,539,652,82.7,8642,2339,282,320,88.1,219,259,84.6,32,49,65.3,2,1.5,1.2,0.5,9,23,8,4,40,Matches,ESP-LALIGA,17-18
148d4105,166,Mathieu Flamini,FRA,MF,Getafe,33,1984,5.3,98,148,66.2,1512,425,42,56,75.0,41,58,70.7,6,15,40.0,0,0.1,0.2,-0.1,1,7,1,0,11,Matches,ESP-LALIGA,17-18
0f138d5a,167,Andreu Fontàs,ESP,DF,Celta Vigo,27,1989,9.8,642,729,88.1,13546,4803,182,192,94.8,359,387,92.8,98,143,68.5,1,0.3,0.3,0.7,4,28,2,0,34,Matches,ESP-LALIGA,17-18
82927de4,168,Pablo Fornals,ESP,"MF,FW",Villarreal,21,1996,29.1,1047,1373,76.3,17421,4820,544,646,84.2,363,458,79.3,110,170,64.7,12,8.6,3.8,3.4,52,125,40,6,171,Matches,ESP-LALIGA,17-18
2e8fc160,169,Javi Fuego,ESP,MF,Villarreal,33,1984,6.0,261,334,78.1,4185,1485,136,158,86.1,94,116,81.0,24,36,66.7,0,0.0,0.1,0.0,0,28,2,0,32,Matches,ESP-LALIGA,17-18
2e8fc160,170,Javi Fuego,ESP,MF,Espanyol,33,1984,14.9,492,625,78.7,7744,2367,253,301,84.1,181,219,82.6,37,62,59.7,0,0.0,0.2,0.0,2,47,1,0,41,Matches,ESP-LALIGA,17-18
65d750b5,171,Gabi,ESP,MF,Atlético Madrid,34,1983,26.1,1484,1779,83.4,26186,9736,715,773,92.5,500,598,83.6,210,305,68.9,1,1.6,2.7,-0.6,22,191,20,0,184,Matches,ESP-LALIGA,17-18
0d10333c,172,Gabriel,BRA,MF,Leganés,23,1993,26.4,792,1196,66.2,12967,4552,440,608,72.4,228,319,71.5,90,165,54.5,2,2.0,2.4,0.0,21,115,11,2,117,Matches,ESP-LALIGA,17-18
7ebfac0f,173,Nicolás Gaitán,ARG,"MF,FW",Atlético Madrid,29,1988,2.4,75,104,72.1,1041,382,47,56,83.9,17,25,68.0,4,11,36.4,0,0.4,0.5,-0.4,5,7,0,0,7,Matches,ESP-LALIGA,17-18
960fb42d,174,Álex Gálvez,ESP,DF,Las Palmas,28,1989,18.0,770,952,80.9,15922,6403,263,291,90.4,368,421,87.4,127,213,59.6,0,0.1,0.1,-0.1,1,58,0,0,63,Matches,ESP-LALIGA,17-18
960fb42d,175,Álex Gálvez,ESP,DF,Eibar,28,1989,4.0,161,208,77.4,3498,1577,58,66,87.9,63,74,85.1,39,65,60.0,0,0.0,0.1,0.0,1,19,1,0,19,Matches,ESP-LALIGA,17-18
6cffc9df,176,Bruno Gama,POR,"FW,MF",La Coruña,29,1987,1.3,31,42,73.8,364,98,23,27,85.2,7,9,77.8,0,3,0.0,0,0.1,0.1,-0.1,2,3,2,1,2,Matches,ESP-LALIGA,17-18
42276181,177,Kévin Gameiro,FRA,FW,Atlético Madrid,30,1987,12.5,182,234,77.8,2193,336,119,146,81.5,42,54,77.8,4,5,80.0,2,1.5,1.0,0.5,9,6,6,0,16,Matches,ESP-LALIGA,17-18
23593121,178,Ganso,BRA,MF,Sevilla,27,1989,5.8,287,353,81.3,3972,1078,175,203,86.2,85,98,86.7,10,20,50.0,0,0.4,0.5,-0.4,8,32,5,1,33,Matches,ESP-LALIGA,17-18
ac3fb1be,179,Ezequiel Garay,ARG,DF,Valencia,30,1986,22.5,939,1098,85.5,19128,6717,280,309,90.6,544,591,92.0,107,179,59.8,0,0.4,0.3,-0.4,3,52,5,2,61,Matches,ESP-LALIGA,17-18
a10361d2,180,Aleix García,ESP,MF,Girona,20,1997,9.5,459,571,80.4,9256,2586,201,229,87.8,152,175,86.9,94,142,66.2,0,1.3,1.2,-1.3,12,35,1,0,41,Matches,ESP-LALIGA,17-18
e7f4603c,181,Borja García,ESP,MF,Girona,26,1990,31.1,1162,1427,81.4,19654,5024,636,713,89.2,336,410,82.0,158,227,69.6,5,4.4,6.0,0.6,55,135,39,12,179,Matches,ESP-LALIGA,17-18
240d3a0b,182,Dani García,ESP,MF,Eibar,27,1990,30.8,1312,1636,80.2,27130,6341,472,561,84.1,577,691,83.5,248,335,74.0,1,1.1,1.0,-0.1,18,190,11,3,192,Matches,ESP-LALIGA,17-18
1250086e,183,David García,ESP,DF,Las Palmas,35,1982,9.6,383,477,80.3,7203,3089,153,165,92.7,179,208,86.1,47,95,49.5,0,0.3,0.4,-0.3,4,18,1,1,32,Matches,ESP-LALIGA,17-18
167c1bb0,184,Javi García,ESP,"MF,DF",Betis,30,1987,26.8,1540,1677,91.8,28012,7302,585,629,93.0,813,860,94.5,124,156,79.5,0,0.6,0.3,-0.6,10,82,1,0,93,Matches,ESP-LALIGA,17-18
05a4465d,185,Manu García,ESP,MF,Alavés,31,1986,27.1,731,1013,72.2,12294,3710,357,432,82.6,272,360,75.6,75,141,53.2,0,1.2,0.7,-1.2,16,89,4,1,96,Matches,ESP-LALIGA,17-18
b418dbd4,186,Raúl García,ESP,"MF,FW",Athletic Club,31,1986,29.2,498,901,55.3,7630,2785,279,426,65.5,158,271,58.3,39,102,38.2,1,3.5,3.2,-2.5,23,78,25,7,110,Matches,ESP-LALIGA,17-18
1a317a1b,187,Raúl García,ESP,DF,Leganés,28,1989,15.5,455,682,66.7,7447,3703,255,293,87.0,142,204,69.6,49,144,34.0,2,2.2,2.5,-0.2,25,29,9,9,36,Matches,ESP-LALIGA,17-18
5f7db81a,188,Samu García,ESP,MF,Málaga,27,1990,2.0,29,48,60.4,350,88,19,27,70.4,8,12,66.7,0,4,0.0,1,0.1,0.1,0.9,1,1,1,1,3,Matches,ESP-LALIGA,17-18
5f7db81a,189,Samu García,ESP,"FW,MF",Levante,27,1990,2.1,40,70,57.1,490,111,28,40,70.0,7,13,53.8,2,2,100.0,0,0.2,0.1,-0.2,3,6,1,1,3,Matches,ESP-LALIGA,17-18
2bee98fd,190,Sergio García,ESP,"FW,MF",Espanyol,34,1983,18.2,323,455,71.0,4868,1450,184,228,80.7,91,127,71.7,27,45,60.0,6,3.9,3.1,2.1,27,29,22,3,61,Matches,ESP-LALIGA,17-18
fb5d47b3,191,Mario Gaspar,ESP,DF,Villarreal,26,1990,31.2,1406,1817,77.4,22732,9508,750,846,88.7,552,701,78.7,88,192,45.8,3,2.3,2.4,0.7,31,85,18,6,121,Matches,ESP-LALIGA,17-18
294450ba,192,Johannes Geis,GER,"DF,MF",Sevilla,23,1993,7.5,316,379,83.4,6091,2559,128,144,88.9,135,155,87.1,47,70,67.1,1,0.5,0.5,0.5,5,37,3,1,26,Matches,ESP-LALIGA,17-18
11c30a46,193,Carles Gil,ESP,"FW,MF",La Coruña,24,1992,5.3,189,222,85.1,2777,827,111,122,91.0,52,59,88.1,15,21,71.4,1,1.4,1.1,-0.4,12,18,10,0,31,Matches,ESP-LALIGA,17-18
87ec1a2a,194,Nacho Gil,ESP,"FW,MF",Las Palmas,21,1995,8.1,223,296,75.3,3141,919,137,160,85.6,53,68,77.9,15,38,39.5,0,1.0,1.4,-1.0,10,14,4,1,24,Matches,ESP-LALIGA,17-18
87ec1a2a,195,Nacho Gil,ESP,MF,Valencia,21,1995,2.5,68,90,75.6,1048,402,37,43,86.0,20,23,87.0,7,12,58.3,1,0.4,0.5,0.6,2,7,2,0,10,Matches,ESP-LALIGA,17-18
7c218bf9,196,Dani Giménez,ESP,GK,Betis,34,1983,3.4,76,114,66.7,1916,1554,10,10,100.0,45,48,93.8,20,55,36.4,0,0.0,0.0,0.0,1,0,0,0,0,Matches,ESP-LALIGA,17-18
fc4f85b1,197,Diego Godín,URU,DF,Atlético Madrid,31,1986,28.4,1044,1217,85.8,21290,9039,354,390,90.8,508,552,92.0,165,249,66.3,0,0.6,0.6,-0.6,6,46,1,0,55,Matches,ESP-LALIGA,17-18
1961b2aa,198,André Gomes,POR,MF,Barcelona,24,1993,7.1,314,358,87.7,4448,959,188,203,92.6,84,98,85.7,22,25,88.0,0,0.1,0.2,-0.1,3,33,0,0,29,Matches,ESP-LALIGA,17-18
9d2a3d5f,199,Ibai Gómez,ESP,"MF,FW",Alavés,27,1989,25.8,647,997,64.9,11177,4142,334,401,83.3,193,296,65.2,93,229,40.6,6,5.7,4.3,0.3,40,71,22,8,87,Matches,ESP-LALIGA,17-18
4c2e9442,200,Maxi Gómez,URU,FW,Celta Vigo,20,1996,34.1,459,649,70.7,7458,1125,240,321,74.8,163,216,75.5,34,56,60.7,4,3.9,3.2,0.1,22,37,10,2,46,Matches,ESP-LALIGA,17-18
bc6f5f06,201,Sergi Gómez,ESP,DF,Celta Vigo,25,1992,29.8,1460,1661,87.9,31163,10148,381,422,90.3,850,897,94.8,224,314,71.3,0,0.8,0.4,-0.8,5,68,3,1,102,Matches,ESP-LALIGA,17-18
cefb32b1,202,Vicente Gómez,ESP,MF,Las Palmas,28,1988,16.9,774,891,86.9,11575,2445,424,460,92.2,273,313,87.2,42,60,70.0,0,0.4,0.5,-0.4,5,39,4,1,56,Matches,ESP-LALIGA,17-18
57ebd662,203,Adrián González,ESP,"MF,FW",Málaga,29,1988,26.0,851,1074,79.2,15241,4082,399,477,83.6,312,361,86.4,110,156,70.5,0,1.2,0.9,-1.2,18,103,8,1,114,Matches,ESP-LALIGA,17-18
42dcf26d,204,Álvaro González,ESP,DF,Villarreal,27,1990,32.2,1221,1464,83.4,25257,10399,413,456,90.6,598,663,90.2,203,322,63.0,2,0.6,0.6,1.4,8,84,5,2,90,Matches,ESP-LALIGA,17-18
f11fe861,205,Bruno González,ESP,DF,Getafe,27,1990,17.1,224,340,65.9,5024,1787,56,75,74.7,117,149,78.5,47,99,47.5,0,0.8,0.1,-0.8,4,4,0,0,8,Matches,ESP-LALIGA,17-18
4ac7608e,206,Diego González,ESP,DF,Málaga,22,1995,15.9,408,561,72.7,7452,2373,161,188,85.6,199,252,79.0,40,102,39.2,0,0.6,0.5,-0.6,3,26,4,1,22,Matches,ESP-LALIGA,17-18
5418d47c,207,Fabio González,ESP,MF,Las Palmas,20,1997,0.7,39,45,86.7,643,154,20,21,95.2,16,19,84.2,3,3,100.0,0,0.0,0.0,0.0,1,5,2,0,3,Matches,ESP-LALIGA,17-18
d189e48f,208,Mario González,ESP,FW,Villarreal,21,1996,0.2,4,7,57.1,65,17,2,4,50.0,2,3,66.7,0,0,,0,0.1,0.0,-0.1,1,0,1,0,1,Matches,ESP-LALIGA,17-18
6f5f82c0,209,Andoni Gorosabel,ESP,DF,Real Sociedad,20,1996,0.8,42,50,84.0,553,107,31,33,93.9,7,10,70.0,2,4,50.0,0,0.0,0.0,0.0,0,3,1,0,2,Matches,ESP-LALIGA,17-18
314eeab1,210,Julio Gracia,ESP,"DF,FW",Betis,19,1998,0.3,17,22,77.3,238,53,10,12,83.3,5,6,83.3,1,2,50.0,0,0.0,0.0,0.0,0,0,0,0,1,Matches,ESP-LALIGA,17-18
a25250f8,211,Álex Granell,ESP,MF,Girona,28,1988,31.6,1395,1859,75.0,28972,10049,552,646,85.4,529,656,80.6,286,481,59.5,7,6.5,5.9,0.5,75,186,25,11,214,Matches,ESP-LALIGA,17-18
1b17ed86,212,Esteban Granero,ESP,MF,Espanyol,30,1987,13.7,598,754,79.3,10191,2755,285,315,90.5,237,280,84.6,59,123,48.0,2,2.1,1.7,-0.1,17,53,12,3,74,Matches,ESP-LALIGA,17-18
df69b544,213,Antoine Griezmann,FRA,"FW,MF",Atlético Madrid,26,1991,28.0,809,1080,74.9,12542,3324,436,539,80.9,253,314,80.6,70,116,60.3,9,6.8,4.7,2.2,44,69,44,1,125,Matches,ESP-LALIGA,17-18
ab13a5aa,214,Vicente Guaita,ESP,GK,Getafe,30,1987,33.0,429,1002,42.8,18806,16430,22,23,95.7,109,113,96.5,296,856,34.6,0,0.2,0.1,-0.2,1,49,0,0,0,Matches,ESP-LALIGA,17-18
ef322658,215,Andrés Guardado,MEX,MF,Betis,30,1986,25.2,1311,1567,83.7,23838,5943,612,667,91.8,511,578,88.4,164,253,64.8,8,5.2,4.9,2.8,45,138,36,16,159,Matches,ESP-LALIGA,17-18
e6bc67d7,216,Gonçalo Guedes,POR,MF,Valencia,20,1996,27.1,736,964,76.3,11656,3527,397,468,84.8,260,328,79.3,57,101,56.4,9,7.0,4.1,2.0,47,61,67,9,146,Matches,ESP-LALIGA,17-18
07a0baa9,217,Ramiro Guerra,URU,MF,Villarreal,20,1997,0.8,26,32,81.3,381,107,15,16,93.8,9,12,75.0,2,3,66.7,0,0.1,0.1,-0.1,1,1,1,1,2,Matches,ESP-LALIGA,17-18
59d53e8a,218,Francis Guerrero,ESP,"DF,MF",Betis,21,1996,11.0,456,601,75.9,6116,1868,301,341,88.3,121,167,72.5,17,41,41.5,0,0.5,0.9,-0.5,8,18,11,5,23,Matches,ESP-LALIGA,17-18
99bebd12,219,John Guidetti,SWE,FW,Alavés,25,1992,13.6,230,367,62.7,3143,861,143,206,69.4,59,87,67.8,12,27,44.4,3,1.7,1.6,1.3,13,29,5,0,35,Matches,ESP-LALIGA,17-18
99bebd12,220,John Guidetti,SWE,"FW,MF",Celta Vigo,25,1992,1.3,28,38,73.7,373,114,17,22,77.3,6,8,75.0,1,2,50.0,0,0.5,0.2,-0.5,2,3,0,0,4,Matches,ESP-LALIGA,17-18
8754c7ca,221,Guilherme,BRA,MF,La Coruña,26,1991,29.3,1207,1441,83.8,23061,6300,480,536,89.6,521,596,87.4,173,243,71.2,0,1.6,1.6,-1.6,15,108,9,2,152,Matches,ESP-LALIGA,17-18
ac454a4f,222,Gerard Gumbau,ESP,MF,Leganés,22,1994,15.9,412,529,77.9,8119,2579,188,228,82.5,147,173,85.0,70,103,68.0,0,0.5,0.2,-0.5,5,62,2,0,49,Matches,ESP-LALIGA,17-18
4c0a6a48,223,Jon Guridi,ESP,MF,Real Sociedad,22,1995,0.6,18,23,78.3,286,67,9,10,90.0,8,9,88.9,1,1,100.0,0,0.0,0.0,0.0,0,1,1,0,3,Matches,ESP-LALIGA,17-18
4410f0b0,224,Alejandro Gutiérrez Mozo,ESP,MF,Leganés,22,1995,0.5,14,18,77.8,259,46,5,7,71.4,8,9,88.9,1,1,100.0,0,0.0,0.0,0.0,0,0,0,0,2,Matches,ESP-LALIGA,17-18
7c689c48,225,Hacen,MTN,"FW,MF",Levante,19,1997,0.9,25,40,62.5,464,113,12,18,66.7,9,13,69.2,4,6,66.7,0,0.0,0.0,0.0,0,0,0,0,0,Matches,ESP-LALIGA,17-18
8696bc90,226,Munir El Haddadi,MAR,FW,Alavés,21,1995,27.2,471,724,65.1,6677,1736,260,338,76.9,134,194,69.1,34,83,41.0,6,3.9,3.0,2.1,41,33,22,6,68,Matches,ESP-LALIGA,17-18
e42d61c7,227,Achraf Hakimi,MAR,DF,Real Madrid,18,1998,8.4,411,506,81.2,5365,1832,285,317,89.9,103,132,78.0,14,33,42.4,0,0.3,0.6,-0.3,5,20,7,3,31,Matches,ESP-LALIGA,17-18
a6b9bd00,228,Alen Halilović,CRO,"FW,MF",Las Palmas,21,1996,14.5,387,539,71.8,5933,1601,213,250,85.2,114,155,73.5,36,84,42.9,1,1.8,1.9,-0.8,20,26,17,4,47,Matches,ESP-LALIGA,17-18
555f3a0b,229,Mario Hermoso,ESP,DF,Espanyol,22,1995,21.4,712,962,74.0,16861,6691,183,205,89.3,359,423,84.9,166,314,52.9,0,0.2,0.2,-0.2,5,52,2,0,49,Matches,ESP-LALIGA,17-18
8c83efb6,230,Hernán,ESP,MF,Las Palmas,26,1990,3.9,214,238,89.9,3138,707,120,130,92.3,78,85,91.8,9,10,90.0,0,0.0,0.1,0.0,1,15,0,0,15,Matches,ESP-LALIGA,17-18
76ee80ee,231,Héctor Hernández,ESP,DF,Alavés,26,1991,0.2,2,2,100.0,47,26,1,1,100.0,0,0,,1,1,100.0,0,0.0,0.0,0.0,0,0,0,0,0,Matches,ESP-LALIGA,17-18
c3ee18ef,232,Lucas Hernández,FRA,DF,Atlético Madrid,21,1996,23.5,873,1084,80.5,13247,4704,481,538,89.4,298,356,83.7,56,120,46.7,1,0.3,0.5,0.7,6,38,4,1,49,Matches,ESP-LALIGA,17-18
02d2c436,233,Luis Hernández,ESP,DF,Málaga,28,1989,36.0,1154,1463,78.9,24432,11329,347,388,89.4,592,688,86.0,206,352,58.5,1,0.4,1.0,0.6,6,88,8,2,105,Matches,ESP-LALIGA,17-18
6c2f5996,234,Pablo Hernández,CHI,MF,Celta Vigo,30,1986,20.2,1033,1238,83.4,19206,5783,440,506,87.0,428,488,87.7,145,194,74.7,2,1.3,1.1,0.7,14,125,14,3,152,Matches,ESP-LALIGA,17-18
d4c9725f,235,Theo Hernández,FRA,DF,Real Madrid,19,1997,10.7,541,642,84.3,7234,2246,365,393,92.9,134,168,79.8,19,37,51.4,0,1.1,0.6,-1.1,8,43,12,6,45,Matches,ESP-LALIGA,17-18
4f6d9bcd,236,Borja Herrera,ESP,DF,Las Palmas,24,1993,2.7,157,189,83.1,2254,803,91,96,94.8,54,67,80.6,8,16,50.0,0,0.0,0.1,0.0,1,16,2,2,11,Matches,ESP-LALIGA,17-18
9109185e,237,Iago Herrerín,ESP,GK,Athletic Club,29,1988,8.0,175,288,60.8,7231,6284,18,18,100.0,42,43,97.7,115,227,50.7,0,0.0,0.0,0.0,0,13,0,0,0,Matches,ESP-LALIGA,17-18
2ef16f06,238,Andrew Hjulsager,DEN,"DF,MF",Celta Vigo,22,1995,0.2,5,8,62.5,95,13,0,0,,5,7,71.4,0,1,0.0,0,0.0,0.0,0.0,0,0,0,0,0,Matches,ESP-LALIGA,17-18
f519b556,239,Brown Ideye,NGA,FW,Málaga,28,1988,8.1,109,159,68.6,1399,241,63,90,70.0,30,40,75.0,3,7,42.9,0,0.4,0.3,-0.4,3,10,1,0,12,Matches,ESP-LALIGA,17-18
5ce0b5ba,240,Asier Illarramendi,ESP,MF,Real Sociedad,27,1990,35.1,2229,2585,86.2,39187,13317,991,1071,92.5,981,1100,89.2,213,310,68.7,5,2.3,3.0,2.7,34,277,29,7,305,Matches,ESP-LALIGA,17-18
cfd65a29,241,Andrés Iniesta,ESP,MF,Barcelona,33,1984,20.3,1352,1562,86.6,20818,5922,747,805,92.8,401,453,88.5,127,173,73.4,2,1.8,4.4,0.2,17,179,54,6,219,Matches,ESP-LALIGA,17-18
61bd33d0,242,Takashi Inui,JPN,"MF,FW",Eibar,29,1988,29.2,710,936,75.9,10659,1703,407,470,86.6,234,303,77.2,45,93,48.4,2,1.9,1.9,0.1,26,39,17,10,68,Matches,ESP-LALIGA,17-18
26f2473f,243,Gorka Iraizoz,ESP,GK,Girona,36,1981,8.5,145,249,58.2,5497,4596,9,10,90.0,45,46,97.8,90,191,47.1,0,0.0,0.0,0.0,0,16,0,0,1,Matches,ESP-LALIGA,17-18
3e5a168c,244,Carlos Isaac,ESP,DF,Atlético Madrid,19,1998,0.7,36,44,81.8,512,135,21,24,87.5,13,14,92.9,1,3,33.3,0,0.0,0.0,0.0,0,1,1,0,1,Matches,ESP-LALIGA,17-18
a0b4bb3e,245,Isco,ESP,MF,Real Madrid,25,1992,19.7,1387,1636,84.8,20955,5838,826,889,92.9,415,483,85.9,106,169,62.7,7,6.3,7.0,0.7,48,159,63,13,220,Matches,ESP-LALIGA,17-18
000b3da6,246,Manuel Iturra,CHI,MF,Málaga,33,1984,17.6,478,606,78.9,8850,2515,202,242,83.5,194,227,85.5,69,110,62.7,0,0.7,0.7,-0.7,7,54,8,2,56,Matches,ESP-LALIGA,17-18
6dce77a5,247,Ander Iturraspe,ESP,MF,Athletic Club,28,1989,21.2,1013,1275,79.5,19925,5809,425,494,86.0,388,467,83.1,181,263,68.8,0,2.0,2.4,-2.0,22,113,13,5,124,Matches,ESP-LALIGA,17-18
d2fa73e7,248,Ivi,ESP,"MF,FW",Levante,23,1994,19.6,442,674,65.6,7581,2112,223,286,78.0,128,190,67.4,62,134,46.3,3,2.6,2.7,0.4,23,41,28,8,82,Matches,ESP-LALIGA,17-18
4737cebe,249,Adnan Januzaj,BEL,FW,Real Sociedad,22,1995,17.5,407,552,73.7,6423,2055,237,263,90.1,113,144,78.5,35,84,41.7,5,5.5,3.6,-0.5,35,38,23,4,68,Matches,ESP-LALIGA,17-18
9038c2a1,250,Jason,ESP,"FW,MF",Levante,23,1994,19.8,370,576,64.2,5332,1449,216,273,79.1,108,166,65.1,27,58,46.6,2,2.7,2.6,-0.7,26,21,28,12,55,Matches,ESP-LALIGA,17-18
5f5501ed,251,Álvaro Jiménez,ESP,"MF,FW",Getafe,22,1995,5.9,82,146,56.2,1236,419,45,62,72.6,26,50,52.0,6,18,33.3,1,0.7,0.4,0.3,7,11,4,1,17,Matches,ESP-LALIGA,17-18
4c5b14d2,252,Joaquín,ESP,"MF,FW",Betis,36,1981,27.5,1114,1348,82.6,18012,4232,616,678,90.9,348,420,82.9,116,176,65.9,7,6.2,5.5,0.8,51,83,40,11,138,Matches,ESP-LALIGA,17-18
244f57b9,253,Jony,ESP,"FW,MF",Málaga,26,1991,2.4,53,107,49.5,909,372,29,39,74.4,14,31,45.2,9,26,34.6,0,0.3,0.4,-0.3,5,6,5,2,10,Matches,ESP-LALIGA,17-18
2a0c8ba4,254,Joan Jordán,ESP,MF,Eibar,23,1994,27.0,1013,1301,77.9,18719,4160,460,526,87.5,358,449,79.7,159,254,62.6,4,3.1,3.6,0.9,39,93,24,7,130,Matches,ESP-LALIGA,17-18
d87e2cae,255,Willian José,BRA,FW,Real Sociedad,25,1991,30.8,638,864,73.8,9308,1503,352,423,83.2,153,223,68.6,58,95,61.1,4,4.6,2.5,-0.6,40,34,14,3,59,Matches,ESP-LALIGA,17-18
9b337c7c,256,Jozabed,ESP,MF,Celta Vigo,26,1991,16.4,763,888,85.9,13360,3475,348,382,91.1,298,331,90.0,89,114,78.1,4,2.4,1.3,1.6,21,90,11,1,111,Matches,ESP-LALIGA,17-18
9ba48d64,257,Juanfran,ESP,DF,La Coruña,28,1988,34.0,1335,1869,71.4,22134,10014,682,785,86.9,478,644,74.2,129,312,41.3,1,3.9,3.4,-2.9,31,130,41,27,157,Matches,ESP-LALIGA,17-18
cfd8d664,258,Juanfran,ESP,DF,Atlético Madrid,32,1985,14.5,536,681,78.7,7751,3154,323,363,89.0,175,228,76.8,21,48,43.8,1,1.8,1.5,-0.8,7,28,13,3,44,Matches,ESP-LALIGA,17-18
e9a12436,259,Juankar,ESP,DF,Málaga,27,1990,8.7,309,420,73.6,5344,2496,151,188,80.3,118,157,75.2,33,61,54.1,0,0.6,0.7,-0.6,11,27,11,7,32,Matches,ESP-LALIGA,17-18
84399660,260,Juanmi,ESP,"FW,MF",Real Sociedad,24,1993,16.5,286,356,80.3,3729,508,188,218,86.2,62,76,81.6,15,19,78.9,2,0.8,0.8,1.2,9,7,8,1,15,Matches,ESP-LALIGA,17-18
1633fc8a,261,Juanpe,ESP,DF,Girona,26,1991,34.1,1029,1348,76.3,23202,9993,290,332,87.3,520,602,86.4,202,376,53.7,1,0.9,0.8,0.1,7,86,3,0,103,Matches,ESP-LALIGA,17-18
d79afcfc,262,Juanpi,VEN,"MF,FW",Málaga,23,1994,6.8,177,225,78.7,2646,719,108,120,90.0,45,58,77.6,14,27,51.9,2,1.4,0.9,0.6,12,18,6,1,26,Matches,ESP-LALIGA,17-18
de7d40d6,263,David Juncà,ESP,DF,Eibar,23,1993,10.0,447,643,69.5,8720,3244,163,196,83.2,207,280,73.9,70,142,49.3,2,1.6,1.1,0.4,15,60,18,12,61,Matches,ESP-LALIGA,17-18
d5127c3f,264,Aleksandar Katai,SRB,"MF,DF",Alavés,26,1991,0.6,8,10,80.0,96,42,2,2,100.0,4,5,80.0,0,0,,0,0.0,0.0,0.0,0,2,0,0,2,Matches,ESP-LALIGA,17-18
d3272fba,265,Olarenwaju Kayode,NGA,"FW,MF",Girona,24,1993,4.3,36,58,62.1,574,50,19,29,65.5,7,14,50.0,6,6,100.0,0,1.0,0.4,-1.0,5,0,1,0,2,Matches,ESP-LALIGA,17-18
1512328c,266,Keko,ESP,"MF,FW",Málaga,25,1991,13.4,271,395,68.6,4039,1025,164,197,83.2,74,113,65.5,20,42,47.6,2,1.8,1.1,0.2,14,18,11,7,29,Matches,ESP-LALIGA,17-18
e897d8ba,267,Kiké,ESP,FW,Eibar,27,1989,27.3,501,709,70.7,6144,781,317,401,79.1,120,174,69.0,14,35,40.0,1,0.6,0.8,0.4,14,20,6,1,41,Matches,ESP-LALIGA,17-18
8b8a56ce,268,Simon Kjær,DEN,DF,Sevilla,28,1989,17.5,666,790,84.3,13037,4594,254,277,91.7,307,354,86.7,94,140,67.1,0,0.1,0.1,-0.1,2,34,2,0,34,Matches,ESP-LALIGA,17-18
55126f3b,269,Koke,ESP,MF,Atlético Madrid,25,1992,30.6,1729,2153,80.3,28200,9343,901,989,91.1,547,652,83.9,189,349,54.2,4,6.7,6.5,-2.7,51,198,40,4,237,Matches,ESP-LALIGA,17-18
cce181df,270,Geoffrey Kondogbia,CTA,MF,Valencia,24,1993,29.0,1355,1559,86.9,24809,6908,589,653,90.2,567,630,90.0,173,222,77.9,4,2.7,1.5,1.3,22,158,15,0,182,Matches,ESP-LALIGA,17-18
79c0821a,271,Mateo Kovačić,CRO,MF,Real Madrid,23,1994,11.0,742,797,93.1,12983,3579,319,336,94.9,334,348,96.0,72,83,86.7,1,0.4,0.6,0.6,10,75,6,0,81,Matches,ESP-LALIGA,17-18
60713cb3,272,Maksym Koval,UKR,GK,La Coruña,24,1992,1.3,32,48,66.7,1200,860,5,5,100.0,7,8,87.5,20,35,57.1,0,0.0,0.0,0.0,0,0,0,0,0,Matches,ESP-LALIGA,17-18
9fa0a0b8,273,Bojan Krkić,ESP,"FW,MF",Alavés,26,1990,4.9,109,141,77.3,1865,397,52,60,86.7,38,49,77.6,12,18,66.7,0,0.1,0.2,-0.1,2,9,2,0,18,Matches,ESP-LALIGA,17-18
1c8dc17d,274,Michael Krohn-Dehli,DEN,MF,La Coruña,34,1983,8.1,301,362,83.1,4858,1439,157,175,89.7,104,121,86.0,29,40,72.5,0,0.1,0.2,-0.1,1,33,6,1,42,Matches,ESP-LALIGA,17-18
1c8dc17d,275,Michael Krohn-Dehli,DEN,"MF,FW",Sevilla,34,1983,6.0,308,382,80.6,5019,1241,165,181,91.2,109,125,87.2,27,52,51.9,1,0.3,0.6,0.7,3,25,8,0,37,Matches,ESP-LALIGA,17-18
6ce1f46f,276,Toni Kroos,GER,MF,Real Madrid,27,1990,25.1,1982,2235,88.7,36218,11344,920,965,95.3,736,810,90.9,277,377,73.5,7,5.7,6.1,1.3,64,251,34,7,274,Matches,ESP-LALIGA,17-18
6df0dc74,277,Zdravko Kuzmanović,SRB,MF,Málaga,29,1987,5.3,304,342,88.9,5473,1691,134,142,94.4,128,141,90.8,35,46,76.1,1,0.6,0.3,0.4,8,32,3,2,40,Matches,ESP-LALIGA,17-18
8497faf7,278,Alberto de la Bella,ESP,DF,Real Sociedad,31,1985,17.0,852,1072,79.5,14170,4868,450,501,89.8,312,387,80.6,77,147,52.4,1,1.1,2.0,-0.1,16,56,29,22,59,Matches,ESP-LALIGA,17-18
a3a306f6,279,Mehdi Lacen,ALG,MF,Málaga,33,1984,11.7,408,486,84.0,7737,1986,179,204,87.7,158,176,89.8,61,75,81.3,0,0.4,0.4,-0.4,5,31,3,2,54,Matches,ESP-LALIGA,17-18
a3a306f6,280,Mehdi Lacen,ALG,MF,Getafe,33,1984,0.7,22,27,81.5,297,133,13,13,100.0,8,10,80.0,0,2,0.0,0,0.0,0.0,0.0,0,4,0,0,4,Matches,ESP-LALIGA,17-18
b7c99b9b,281,Víctor Laguardia,ESP,DF,Alavés,27,1989,17.0,384,565,68.0,8690,4359,104,129,80.6,198,234,84.6,81,194,41.8,0,0.2,0.5,-0.2,1,43,6,0,44,Matches,ESP-LALIGA,17-18
119b9a8e,282,Aymeric Laporte,ESP,DF,Athletic Club,23,1994,19.0,822,990,83.0,19242,6784,220,246,89.4,404,451,89.6,195,275,70.9,1,0.9,0.9,0.1,8,67,10,3,74,Matches,ESP-LALIGA,17-18
d9faee7e,283,Borja Lasso,ESP,MF,Sevilla,23,1994,0.6,26,35,74.3,460,96,17,22,77.3,5,6,83.3,4,5,80.0,0,0.1,0.1,-0.1,1,2,1,0,5,Matches,ESP-LALIGA,17-18
8e088e04,284,Toni Lato,ESP,"DF,MF",Valencia,19,1997,8.9,317,411,77.1,5293,2019,145,171,84.8,148,176,84.1,18,43,41.9,1,1.3,0.8,-0.3,6,25,2,1,28,Matches,ESP-LALIGA,17-18
ad6295d4,285,Miguel Layún,MEX,DF,Sevilla,29,1988,13.2,504,683,73.8,8433,3145,259,299,86.6,180,238,75.6,49,107,45.8,0,1.3,1.1,-1.3,11,31,12,6,55,Matches,ESP-LALIGA,17-18
59b7d823,286,Iñigo Lekue,ESP,"DF,FW",Athletic Club,24,1993,23.5,922,1231,74.9,15319,4906,472,545,86.6,344,444,77.5,83,166,50.0,1,1.4,1.7,-0.4,19,74,30,14,109,Matches,ESP-LALIGA,17-18
dbe5a587,287,Mauricio Lemos,URU,"DF,MF",Las Palmas,21,1995,14.0,729,830,87.8,14783,5518,275,297,92.6,316,343,92.1,127,172,73.8,0,0.4,0.6,-0.4,4,35,2,0,34,Matches,ESP-LALIGA,17-18
4f28a6ff,288,Clément Lenglet,FRA,DF,Sevilla,22,1995,33.3,1441,1727,83.4,27507,12150,550,604,91.1,685,751,91.2,179,316,56.6,1,0.7,0.5,0.3,5,67,3,0,76,Matches,ESP-LALIGA,17-18
d66b9872,289,Pedro León,ESP,"FW,MF",Eibar,30,1986,10.3,231,429,53.8,3879,1416,130,163,79.8,57,102,55.9,35,128,27.3,3,2.1,1.9,0.9,27,18,17,13,28,Matches,ESP-LALIGA,17-18
0a0cc13c,290,Sergio León,ESP,FW,Betis,28,1989,22.0,259,381,68.0,3530,540,158,195,81.0,50,89,56.2,24,46,52.2,1,1.2,1.0,-0.2,10,15,7,1,27,Matches,ESP-LALIGA,17-18
9b5ce51a,291,Jefferson Lerma,COL,MF,Levante,22,1994,23.7,894,1103,81.1,15424,4362,393,463,84.9,391,452,86.5,86,129,66.7,1,1.5,0.7,-0.5,19,92,8,1,106,Matches,ESP-LALIGA,17-18
ac290817,292,Maxime Lestienne,BEL,MF,Málaga,25,1992,7.4,160,236,67.8,2449,660,82,104,78.8,49,70,70.0,18,37,48.6,1,1.6,1.2,-0.6,10,5,5,3,11,Matches,ESP-LALIGA,17-18
f69e9eee,293,Raúl Lizoain,ESP,GK,Las Palmas,26,1991,11.0,296,383,77.3,7746,5614,34,34,100.0,182,187,97.3,79,160,49.4,0,0.0,0.0,0.0,0,0,0,0,0,Matches,ESP-LALIGA,17-18
bba30585,294,Diego Llorente,ESP,DF,Real Sociedad,23,1993,25.8,1360,1532,88.8,27297,8582,459,498,92.2,690,733,94.1,194,268,72.4,0,0.0,0.2,0.0,0,81,4,0,89,Matches,ESP-LALIGA,17-18
02c15616,295,Marcos Llorente,ESP,MF,Real Madrid,22,1995,6.1,401,430,93.3,7029,1568,160,169,94.7,193,201,96.0,33,38,86.8,0,0.2,0.2,-0.2,3,42,1,0,46,Matches,ESP-LALIGA,17-18
e1cbb531,296,Stanislav Lobotka,SVK,MF,Celta Vigo,22,1994,34.0,1888,2087,90.5,33434,10037,854,926,92.2,772,838,92.1,217,244,88.9,0,0.6,1.1,-0.6,10,188,12,2,205,Matches,ESP-LALIGA,17-18
b43b81f1,297,David Lombán,ESP,DF,Eibar,30,1987,11.0,363,450,80.7,8660,3303,96,112,85.7,174,192,90.6,91,142,64.1,0,0.0,0.1,0.0,1,41,0,0,35,Matches,ESP-LALIGA,17-18
88a359d4,298,Adrián López,ESP,"FW,MF",La Coruña,29,1988,26.1,610,904,67.5,8324,2436,377,496,76.0,188,275,68.4,21,45,46.7,6,5.7,3.7,0.3,34,52,23,4,104,Matches,ESP-LALIGA,17-18
c0de5ff5,299,Alberto López,ESP,DF,Málaga,22,1995,0.5,17,22,77.3,166,48,9,11,81.8,5,6,83.3,0,2,0.0,0,0.0,0.0,0.0,0,1,0,0,0,Matches,ESP-LALIGA,17-18
fc8cb238,300,Andoni López,ESP,DF,Athletic Club,21,1996,1.0,36,45,80.0,678,141,12,15,80.0,19,20,95.0,3,6,50.0,0,0.0,0.3,0.0,0,1,0,0,1,Matches,ESP-LALIGA,17-18
f03f284b,301,David López,ESP,"DF,MF",Espanyol,27,1989,37.0,1565,1933,81.0,31746,13492,547,608,90.0,767,845,90.8,237,427,55.5,1,0.5,0.6,0.5,7,106,7,0,140,Matches,ESP-LALIGA,17-18
73683fa9,302,Diego López,ESP,GK,Espanyol,35,1981,9.5,147,270,54.4,5175,4340,10,10,100.0,60,63,95.2,76,195,39.0,0,0.0,0.0,0.0,0,2,0,0,0,Matches,ESP-LALIGA,17-18
576575e5,303,Iván López,ESP,DF,Levante,23,1993,1.9,77,104,74.0,1488,719,38,40,95.0,27,34,79.4,11,25,44.0,1,0.6,0.2,0.4,1,5,5,1,8,Matches,ESP-LALIGA,17-18
ffad706e,304,Javi López,ESP,DF,Espanyol,31,1986,10.7,455,613,74.2,6643,2752,272,313,86.9,154,213,72.3,23,59,39.0,0,0.7,0.9,-0.7,6,28,7,4,35,Matches,ESP-LALIGA,17-18
a60823a4,305,Pedro López Muñoz,ESP,DF,Levante,33,1983,17.7,612,830,73.7,9652,4361,323,365,88.5,234,316,74.1,45,113,39.8,0,0.3,0.6,-0.3,7,40,11,7,56,Matches,ESP-LALIGA,17-18
20b9f052,306,Pau López,ESP,GK,Espanyol,22,1994,28.5,465,817,56.9,17532,14632,34,34,100.0,184,188,97.9,246,591,41.6,0,0.1,0.0,-0.1,2,16,0,0,0,Matches,ESP-LALIGA,17-18
bfa29677,307,Pedro López,ESP,GK,Betis,22,1995,4.6,144,182,79.1,3550,2789,30,30,100.0,74,76,97.4,40,76,52.6,0,0.0,0.0,0.0,0,0,0,0,0,Matches,ESP-LALIGA,17-18
a68856b5,308,Víctor López,ESP,MF,Alavés,20,1997,0.7,10,18,55.6,223,97,4,5,80.0,2,4,50.0,4,6,66.7,1,0.1,0.1,0.9,2,0,2,1,1,Matches,ESP-LALIGA,17-18
38699c72,309,Anthony Lozano,HON,"FW,MF",Girona,24,1993,5.2,81,129,62.8,1179,271,48,62,77.4,29,45,64.4,2,8,25.0,0,0.3,0.8,-0.3,4,4,2,1,11,Matches,ESP-LALIGA,17-18
e4ed2628,310,Filipe Luís,BRA,DF,Atlético Madrid,31,1985,18.4,956,1178,81.2,14285,5380,557,608,91.6,307,372,82.5,56,116,48.3,2,2.0,1.3,0.0,19,64,15,5,102,Matches,ESP-LALIGA,17-18
b05e2dbd,311,José Luis Gayà,ESP,DF,Valencia,22,1995,32.4,1325,1676,79.1,21329,7487,680,750,90.7,525,654,80.3,93,195,47.7,3,4.1,3.3,-1.1,36,116,41,22,145,Matches,ESP-LALIGA,17-18
4a478107,312,José Luis Morales,ESP,"MF,FW",Levante,30,1987,34.0,609,973,62.6,10379,3235,325,410,79.3,201,307,65.5,71,148,48.0,8,6.9,4.1,1.1,47,59,54,17,112,Matches,ESP-LALIGA,17-18
a7f00c8c,313,Luisinho,POR,DF,La Coruña,32,1985,29.1,1206,1580,76.3,19835,8603,609,680,89.6,482,614,78.5,92,212,43.4,1,2.1,2.2,-1.1,18,89,22,17,115,Matches,ESP-LALIGA,17-18
6f7d826d,314,Douglas Luiz,BRA,"MF,FW",Girona,19,1998,3.4,107,144,74.3,1776,502,54,65,83.1,42,52,80.8,9,18,50.0,0,0.7,0.8,-0.7,3,11,0,0,18,Matches,ESP-LALIGA,17-18
c6e8cf1f,315,Saša Lukić,SRB,MF,Levante,20,1996,11.0,289,345,83.8,4541,1376,138,157,87.9,118,132,89.4,17,30,56.7,1,1.6,1.2,-0.6,9,23,5,1,32,Matches,ESP-LALIGA,17-18
ed239245,316,Antonio Luna,ESP,DF,Levante,26,1991,22.5,681,997,68.3,11520,5712,343,405,84.7,248,349,71.1,66,182,36.3,2,2.1,1.5,-0.1,14,58,25,13,67,Matches,ESP-LALIGA,17-18
5db04597,317,Pablo Maffeo,ESP,DF,Girona,20,1997,29.4,879,1240,70.9,14966,4211,440,511,86.1,322,445,72.4,92,221,41.6,1,3.1,2.6,-2.1,28,55,31,21,70,Matches,ESP-LALIGA,17-18
00b28772,318,Nemanja Maksimović,SRB,MF,Valencia,22,1995,6.2,216,258,83.7,3422,753,113,129,87.6,80,93,86.0,17,27,63.0,0,0.4,0.2,-0.4,9,11,7,1,22,Matches,ESP-LALIGA,17-18
cb574619,319,Hugo Mallo,ESP,DF,Celta Vigo,26,1991,33.3,1608,2187,73.5,26399,10439,818,940,87.0,628,798,78.7,126,329,38.3,5,5.3,4.6,-0.3,29,112,44,16,159,Matches,ESP-LALIGA,17-18
fbd6378b,320,Aïssa Mandi,ALG,DF,Betis,25,1991,33.6,1965,2146,91.6,35804,13638,827,876,94.4,943,1010,93.4,182,227,80.2,0,0.2,0.5,-0.2,4,146,2,0,129,Matches,ESP-LALIGA,17-18
4ffb647d,321,Martín Mantovani,ARG,DF,Leganés,33,1984,11.4,297,384,77.3,5705,2183,116,136,85.3,141,172,82.0,36,67,53.7,0,0.1,0.1,-0.1,2,17,1,0,20,Matches,ESP-LALIGA,17-18
71d4e271,322,José Manuel Jurado,ESP,"MF,FW",Espanyol,31,1986,16.7,512,642,79.8,7600,1869,303,335,90.4,145,181,80.1,40,75,53.3,3,1.5,1.4,1.5,16,49,13,2,64,Matches,ESP-LALIGA,17-18
603116a7,323,Marcelo,BRA,DF,Real Madrid,29,1988,25.1,1569,1969,79.7,24686,9969,908,975,93.1,467,593,78.8,144,285,50.5,6,6.5,7.6,-0.5,57,163,77,26,254,Matches,ESP-LALIGA,17-18
9f323c71,324,Óscar de Marcos,ESP,"DF,FW",Athletic Club,28,1989,18.4,706,921,76.7,11694,3605,364,422,86.3,266,335,79.4,61,113,54.0,2,2.4,2.1,-0.4,21,64,25,14,83,Matches,ESP-LALIGA,17-18
f0da930c,325,José María Giménez,URU,DF,Atlético Madrid,22,1995,18.8,595,765,77.8,12334,5524,212,239,88.7,267,308,86.7,108,199,54.3,1,0.4,0.1,0.6,6,42,1,0,28,Matches,ESP-LALIGA,17-18
b7f2edff,326,Adrián Marín,ESP,DF,Villarreal,20,1997,2.6,84,101,83.2,1541,550,43,49,87.8,31,36,86.1,10,14,71.4,0,0.0,0.0,0.0,1,9,1,0,8,Matches,ESP-LALIGA,17-18
d9764034,327,Guillermo Maripán,CHI,DF,Alavés,23,1994,17.0,352,460,76.5,6982,2964,117,132,88.6,184,219,84.0,48,99,48.5,0,0.0,0.0,0.0,1,13,0,0,26,Matches,ESP-LALIGA,17-18
0ae4e09a,328,Roger Martí,ESP,FW,Levante,26,1991,10.7,138,197,70.1,1920,568,87,106,82.1,35,53,66.0,9,16,56.3,2,1.5,0.8,0.5,10,14,7,1,24,Matches,ESP-LALIGA,17-18
2f3e911a,329,Aarón Martín,ESP,DF,Espanyol,20,1997,31.3,1053,1412,74.6,15981,5502,635,717,88.6,320,419,76.4,77,194,39.7,0,2.8,3.7,-2.8,31,63,30,23,86,Matches,ESP-LALIGA,17-18
d9b0cc38,330,Carlos Martínez,ESP,DF,Real Sociedad,31,1986,0.0,3,5,60.0,60,43,1,3,33.3,2,2,100.0,0,0,,0,0.0,0.0,0.0,0,1,0,0,1,Matches,ESP-LALIGA,17-18
7956236f,331,Emiliano Martínez,ARG,GK,Getafe,24,1992,5.0,70,153,45.8,3597,3322,2,2,100.0,11,11,100.0,57,137,41.6,0,0.0,0.0,0.0,0,8,0,0,0,Matches,ESP-LALIGA,17-18
3fc45c73,332,Iñigo Martínez,ESP,DF,Athletic Club,26,1991,16.0,595,780,76.3,13872,5769,154,178,86.5,309,357,86.6,125,210,59.5,0,0.3,0.7,-0.3,2,81,7,0,71,Matches,ESP-LALIGA,17-18
3fc45c73,333,Iñigo Martínez,ESP,DF,Real Sociedad,26,1991,11.7,611,780,78.3,12085,4509,231,253,91.3,281,329,85.4,90,165,54.5,1,0.9,1.3,0.1,7,73,7,4,84,Matches,ESP-LALIGA,17-18
6f0d613a,334,Roger Martínez,COL,FW,Villarreal,23,1994,2.6,45,62,72.6,578,85,33,40,82.5,8,12,66.7,2,6,33.3,0,0.0,0.1,0.0,0,4,1,0,4,Matches,ESP-LALIGA,17-18
5070881b,335,Javier Mascherano,ARG,DF,Barcelona,33,1984,6.0,402,444,90.5,9435,3558,87,91,95.6,223,231,96.5,90,111,81.1,0,0.2,0.4,-0.2,3,43,5,0,42,Matches,ESP-LALIGA,17-18
64e8ed6d,336,Borja Mayoral,ESP,"FW,MF",Real Madrid,20,1997,3.8,101,121,83.5,1192,191,74,84,88.1,17,20,85.0,3,5,60.0,1,0.1,0.3,0.9,2,4,3,0,11,Matches,ESP-LALIGA,17-18
30672832,337,Róbert Mazáň,SVK,DF,Celta Vigo,23,1994,0.9,74,84,88.1,1274,436,32,35,91.4,38,41,92.7,4,6,66.7,0,0.0,0.1,0.0,1,5,2,2,10,Matches,ESP-LALIGA,17-18
31223bcf,338,Álvaro Medrán,ESP,MF,Alavés,23,1994,10.5,368,473,77.8,6946,2308,158,185,85.4,145,168,86.3,56,88,63.6,0,1.0,0.8,-1.0,10,47,5,1,52,Matches,ESP-LALIGA,17-18
31223bcf,339,Álvaro Medrán,ESP,MF,Valencia,23,1994,0.8,44,48,91.7,972,330,16,17,94.1,18,19,94.7,10,10,100.0,0,0.0,0.0,0.0,0,6,0,0,4,Matches,ESP-LALIGA,17-18
379652be,340,Óscar Melendo,ESP,"MF,FW",Espanyol,19,1997,7.6,221,270,81.9,3483,761,113,132,85.6,76,85,89.4,20,30,66.7,1,0.4,0.4,0.6,9,30,4,2,35,Matches,ESP-LALIGA,17-18
c9e39d91,341,Brais Méndez,ESP,"MF,FW",Celta Vigo,20,1997,10.5,362,476,76.1,5206,1504,209,246,85.0,113,144,78.5,18,41,43.9,1,1.7,1.5,-0.7,10,33,15,1,46,Matches,ESP-LALIGA,17-18
bf97c188,342,Gabriel Mercado,ARG,DF,Sevilla,30,1987,23.5,878,1079,81.4,14111,5293,452,489,92.4,355,412,86.2,54,125,43.2,1,1.8,0.7,-0.8,9,57,8,5,67,Matches,ESP-LALIGA,17-18
1d5f96d9,343,Sabin Merino,ESP,"FW,MF",Athletic Club,25,1992,4.2,61,93,65.6,786,156,40,52,76.9,15,27,55.6,2,3,66.7,0,0.1,0.1,-0.1,2,4,1,0,7,Matches,ESP-LALIGA,17-18
7c4243d4,344,Roque Mesa,ESP,MF,Sevilla,28,1989,3.8,202,223,90.6,3329,851,99,107,92.5,72,80,90.0,22,23,95.7,0,0.4,0.3,-0.4,5,21,3,1,18,Matches,ESP-LALIGA,17-18
d70ce98e,345,Lionel Messi,ARG,FW,Barcelona,30,1987,33.3,1544,1978,78.1,22697,8141,893,1023,87.3,448,548,81.8,116,192,60.4,12,13.9,14.4,-1.9,86,211,131,2,333,Matches,ESP-LALIGA,17-18
05384ea1,346,Michel,BRA,DF,Las Palmas,27,1990,23.7,963,1200,80.3,14048,5510,578,630,91.7,308,385,80.0,48,109,44.0,1,1.2,1.6,-0.2,23,51,25,15,78,Matches,ESP-LALIGA,17-18
0b90bb97,347,Santi Mina,ESP,FW,Valencia,21,1995,17.3,367,475,77.3,4992,872,235,288,81.6,86,116,74.1,22,33,66.7,2,1.6,1.6,0.4,10,27,6,1,34,Matches,ESP-LALIGA,17-18
6d5701f2,348,Yerry Mina,COL,DF,Barcelona,22,1994,4.1,226,244,92.6,3970,1335,103,108,95.4,101,104,97.1,19,26,73.1,1,0.2,0.1,0.8,3,14,2,0,12,Matches,ESP-LALIGA,17-18
174f09a6,349,Ignasi Miquel,ESP,DF,Málaga,24,1992,19.7,517,727,71.1,11500,4896,139,169,82.2,273,330,82.7,102,207,49.3,1,0.4,0.2,0.6,2,31,0,0,42,Matches,ESP-LALIGA,17-18
6025fab1,350,Luka Modrić,CRO,MF,Real Madrid,31,1985,21.9,1394,1572,88.7,24341,7975,692,739,93.6,491,545,90.1,169,207,81.6,6,4.2,4.0,1.8,39,196,42,1,254,Matches,ESP-LALIGA,17-18
608f2092,351,Johan Mojica,COL,DF,Girona,24,1992,23.7,855,1163,73.5,13587,4540,498,572,87.1,251,342,73.4,81,167,48.5,4,2.8,2.5,1.2,23,26,32,28,48,Matches,ESP-LALIGA,17-18
43f71e77,352,Jorge Molina,ESP,FW,Getafe,35,1982,31.0,502,864,58.1,6546,1788,304,489,62.2,128,206,62.1,21,47,44.7,4,3.1,2.9,0.9,33,54,29,2,72,Matches,ESP-LALIGA,17-18
102fda08,353,Daniel Molina Orta,ESP,MF,Celta Vigo,21,1996,0.1,2,3,66.7,44,17,0,0,,2,3,66.7,0,0,,0,0.0,0.0,0.0,0,1,0,0,1,Matches,ESP-LALIGA,17-18
2cea96ce,354,Francisco Molinero,ESP,DF,Getafe,32,1985,6.4,190,267,71.2,2987,1477,108,119,90.8,62,86,72.1,16,41,39.0,0,0.2,0.2,-0.2,3,22,8,3,26,Matches,ESP-LALIGA,17-18
9857e65d,355,Momo,ESP,"FW,MF",Las Palmas,35,1982,7.5,312,404,77.2,4950,1601,165,187,88.2,99,120,82.5,33,59,55.9,1,1.2,1.0,-0.2,14,37,10,6,39,Matches,ESP-LALIGA,17-18
fa6561bf,356,Jefferson Montero,ECU,"MF,FW",Getafe,27,1989,0.6,10,20,50.0,154,64,6,6,100.0,3,6,50.0,1,3,33.3,0,0.0,0.0,0.0,0,1,0,0,1,Matches,ESP-LALIGA,17-18
5cec2487,357,Martín Montoya,ESP,DF,Valencia,26,1991,23.9,976,1257,77.6,15642,5451,502,563,89.2,405,505,80.2,58,139,41.7,4,2.0,1.4,2.0,13,76,17,6,104,Matches,ESP-LALIGA,17-18
39e9c09a,358,Walter Montoya,ARG,FW,Sevilla,24,1993,0.8,17,24,70.8,247,72,9,11,81.8,4,6,66.7,2,4,50.0,0,0.3,0.2,-0.3,1,2,2,0,3,Matches,ESP-LALIGA,17-18
3b9f859b,359,Shaq Moore,USA,DF,Levante,20,1996,4.7,170,226,75.2,2498,1047,105,120,87.5,54,74,73.0,9,26,34.6,0,0.1,0.1,-0.1,3,12,3,3,16,Matches,ESP-LALIGA,17-18
0c3f7197,360,Emre Mor,TUR,"FW,MF",Celta Vigo,20,1997,7.4,189,292,64.7,3004,654,106,135,78.5,57,84,67.9,18,42,42.9,2,2.2,2.1,-0.2,14,13,12,6,17,Matches,ESP-LALIGA,17-18
f0a31c00,361,Sergio Mora,ESP,MF,Getafe,37,1979,9.0,302,401,75.3,4863,1730,158,193,81.9,109,143,76.2,25,41,61.0,0,0.2,0.2,-0.2,6,32,4,1,49,Matches,ESP-LALIGA,17-18
6941883f,362,Erik Morán,ESP,MF,Leganés,26,1991,2.5,81,111,73.0,1492,518,39,46,84.8,29,42,69.0,13,21,61.9,0,0.0,0.0,0.0,0,11,1,0,13,Matches,ESP-LALIGA,17-18
81f0781e,363,Gerard Moreno,ESP,FW,Espanyol,25,1992,37.9,846,1246,67.9,13940,3218,465,613,75.9,254,357,71.1,99,160,61.9,1,4.2,3.4,-3.2,43,96,30,3,139,Matches,ESP-LALIGA,17-18
5d311e8d,364,Héctor Moreno,MEX,DF,Real Sociedad,29,1988,8.0,441,511,86.3,9010,3025,134,147,91.2,244,263,92.8,57,86,66.3,0,0.1,0.1,-0.1,2,22,1,0,28,Matches,ESP-LALIGA,17-18
8499c713,365,Marlos Moreno,COL,"MF,DF",Girona,20,1996,0.3,1,1,100.0,11,0,1,1,100.0,0,0,,0,0,,0,0.0,0.0,0.0,1,0,0,0,0,Matches,ESP-LALIGA,17-18
3aa4a3be,366,Loren Morón,ESP,FW,Betis,23,1993,11.8,139,197,70.6,1837,395,93,119,78.2,28,39,71.8,7,13,53.8,0,1.3,0.9,-1.3,7,7,7,0,17,Matches,ESP-LALIGA,17-18
c5fa58ea,367,Pedro Mosquera,ESP,MF,La Coruña,29,1988,15.5,574,727,79.0,11023,3892,252,294,85.7,210,245,85.7,97,149,65.1,2,1.3,0.6,0.7,9,84,9,1,84,Matches,ESP-LALIGA,17-18
9e098912,368,Toni Moya,ESP,MF,Atlético Madrid,19,1998,0.0,1,1,100.0,10,0,1,1,100.0,0,0,,0,0,,0,0.0,0.0,0.0,0,0,0,0,0,Matches,ESP-LALIGA,17-18
bd207a4d,369,Álex Mula,ESP,"FW,MF",Málaga,21,1996,6.2,159,218,72.9,2627,498,83,99,83.8,55,68,80.9,18,42,42.9,0,0.4,0.6,-0.4,2,14,4,2,15,Matches,ESP-LALIGA,17-18
c05dfb74,370,Iker Muniain,ESP,"MF,FW",Athletic Club,24,1992,8.7,372,451,82.5,6433,1649,165,191,86.4,148,173,85.5,41,59,69.5,2,1.7,1.4,0.3,15,56,20,3,79,Matches,ESP-LALIGA,17-18
4db76f57,371,Marc Muniesa,ESP,DF,Girona,25,1992,12.5,506,640,79.1,10263,4375,182,209,87.1,252,291,86.6,70,119,58.8,1,0.1,0.2,0.9,1,39,1,0,50,Matches,ESP-LALIGA,17-18
e4b8c5b6,372,Ezequiel Muñoz,ARG,DF,Leganés,26,1990,15.6,381,497,76.7,7123,2342,143,174,82.2,186,222,83.8,47,91,51.6,1,0.7,0.4,0.3,5,6,1,0,10,Matches,ESP-LALIGA,17-18
e185aa52,373,Sulley Muntari,GHA,MF,La Coruña,32,1984,4.5,110,158,69.6,2136,893,52,62,83.9,36,49,73.5,21,36,58.3,0,0.4,0.4,-0.4,1,14,3,0,18,Matches,ESP-LALIGA,17-18
eb2fe5b6,374,Luis Muriel,COL,FW,Sevilla,26,1991,17.9,326,445,73.3,4444,959,199,245,81.2,97,129,75.2,10,19,52.6,1,2.3,1.9,-1.3,20,27,18,1,47,Matches,ESP-LALIGA,17-18
b233e8e4,375,Jeison Murillo,COL,DF,Valencia,25,1992,15.3,671,752,89.2,14054,5048,198,224,88.4,376,399,94.2,94,124,75.8,0,0.0,0.1,0.0,0,21,0,0,23,Matches,ESP-LALIGA,17-18
23f32ea1,376,Fahad Al Muwallad,KSA,MF,Levante,22,1994,0.3,6,9,66.7,69,2,3,4,75.0,2,3,66.7,0,0,,0,0.0,0.0,0.0,0,0,0,0,0,Matches,ESP-LALIGA,17-18
7789bf63,377,Alfred N'Diaye,SEN,"DF,MF",Villarreal,27,1990,1.1,32,36,88.9,628,220,13,14,92.9,12,13,92.3,7,9,77.8,0,0.0,0.0,0.0,0,0,0,0,0,Matches,ESP-LALIGA,17-18
2946f9a1,378,Nacho,ESP,DF,Real Madrid,27,1990,23.0,1064,1195,89.0,17838,6173,516,552,93.5,433,477,90.8,90,120,75.0,0,0.3,0.5,-0.3,5,46,5,3,70,Matches,ESP-LALIGA,17-18
48e4c485,379,Matías Nahuel,ESP,"MF,FW",Betis,20,1996,2.8,97,124,78.2,1375,193,60,67,89.6,24,31,77.4,7,13,53.8,0,0.1,0.1,-0.1,4,5,0,0,6,Matches,ESP-LALIGA,17-18
a2609621,380,Naldo,BRA,DF,Espanyol,28,1988,10.2,360,434,82.9,7538,2430,99,109,90.8,206,229,90.0,53,85,62.4,0,0.0,0.1,0.0,0,7,1,0,9,Matches,ESP-LALIGA,17-18
217011a0,381,Nano,ESP,FW,Levante,22,1995,3.1,36,59,61.0,564,121,16,24,66.7,16,21,76.2,2,3,66.7,0,0.0,0.1,0.0,1,1,2,0,4,Matches,ESP-LALIGA,17-18
2a70c756,382,Naranjo,ESP,"MF,FW",Leganés,23,1994,6.2,111,159,69.8,1661,413,62,76,81.6,28,36,77.8,11,25,44.0,0,0.4,0.5,-0.4,7,9,1,0,10,Matches,ESP-LALIGA,17-18
485e4939,383,Juanjo Narváez,COL,MF,Betis,22,1995,3.4,142,161,88.2,2331,377,68,72,94.4,60,67,89.6,10,14,71.4,0,0.1,0.3,-0.1,2,10,2,1,15,Matches,ESP-LALIGA,17-18
5a3f6fae,384,Fernando Navarro,ESP,DF,La Coruña,35,1982,11.6,412,529,77.9,7396,3281,192,222,86.5,161,202,79.7,52,89,58.4,0,0.3,0.2,-0.3,4,36,4,2,46,Matches,ESP-LALIGA,17-18
c2846353,385,Marc Navarro,ESP,DF,Espanyol,22,1995,12.3,418,588,71.1,6702,2369,234,266,88.0,142,200,71.0,33,90,36.7,0,0.8,0.6,-0.8,9,16,13,12,24,Matches,ESP-LALIGA,17-18
83627094,386,Rafa Navarro,ESP,DF,Betis,23,1994,1.5,73,82,89.0,1064,303,43,46,93.5,24,27,88.9,4,6,66.7,0,0.3,0.1,-0.3,2,3,2,0,6,Matches,ESP-LALIGA,17-18
8db394aa,387,Ximo Navarro,ESP,DF,Las Palmas,27,1990,29.0,1130,1372,82.4,20643,7460,473,522,90.6,523,591,88.5,113,207,54.6,1,0.5,0.4,0.5,5,56,3,0,76,Matches,ESP-LALIGA,17-18
3f10bd22,388,Jesús Navas,ESP,"FW,DF",Sevilla,31,1985,19.6,678,960,70.6,10432,3210,401,475,84.4,209,296,70.6,52,107,48.6,0,2.9,2.7,-2.9,31,59,40,8,110,Matches,ESP-LALIGA,17-18
ecada4fc,389,Keylor Navas,CRC,GK,Real Madrid,30,1986,27.0,560,700,80.0,15660,10767,59,60,98.3,309,314,98.4,191,325,58.8,0,0.0,0.0,0.0,0,2,0,0,0,Matches,ESP-LALIGA,17-18
ad178594,390,Raúl Navas,ESP,DF,Real Sociedad,29,1988,19.9,1054,1230,85.7,22969,7664,281,303,92.7,567,621,91.3,198,277,71.5,1,0.5,0.6,0.5,4,34,1,0,53,Matches,ESP-LALIGA,17-18
32b84cec,391,Merveille Ndockyt,CGO,"MF,FW",Getafe,19,1998,0.8,16,25,64.0,239,51,12,16,75.0,3,6,50.0,1,2,50.0,0,0.0,0.0,0.0,0,2,0,0,2,Matches,ESP-LALIGA,17-18
a9dc785c,392,Neto,BRA,GK,Valencia,28,1989,33.0,484,820,59.0,16966,14248,56,57,98.2,198,203,97.5,227,555,40.9,0,0.0,0.0,0.0,0,1,0,0,0,Matches,ESP-LALIGA,17-18
c14bc029,393,Saúl Ñíguez,ESP,MF,Atlético Madrid,22,1994,35.1,1420,1750,81.1,21740,7111,802,910,88.1,464,580,80.0,102,154,66.2,3,2.8,1.9,0.2,21,164,18,1,188,Matches,ESP-LALIGA,17-18
b2d0ec1b,394,Nolito,ESP,"FW,MF",Sevilla,30,1986,17.8,461,654,70.5,7015,2553,271,320,84.7,148,200,74.0,31,72,43.1,5,4.0,4.1,1.0,32,38,42,3,94,Matches,ESP-LALIGA,17-18
be170419,395,Unai Núñez,ESP,DF,Athletic Club,20,1997,32.7,1220,1489,81.9,26641,9465,334,383,87.2,641,707,90.7,233,365,63.8,0,0.5,0.3,-0.5,3,94,4,0,119,Matches,ESP-LALIGA,17-18
c7526c18,396,Steven Nzonzi,FRA,MF,Sevilla,28,1988,24.6,1632,1865,87.5,25757,7955,867,942,92.0,599,688,87.1,114,147,77.6,2,1.0,1.4,1.0,13,155,5,1,167,Matches,ESP-LALIGA,17-18
ee8508c0,397,Jan Oblak,SVN,GK,Atlético Madrid,24,1993,37.0,505,911,55.4,17911,14751,49,49,100.0,186,190,97.9,270,668,40.4,0,0.0,0.0,0.0,2,11,0,0,0,Matches,ESP-LALIGA,17-18
1d1691ad,398,Álvaro Odriozola,ESP,DF,Real Sociedad,21,1995,32.4,1436,1756,81.8,20470,6201,873,950,91.9,434,548,79.2,73,130,56.2,4,3.6,3.7,0.4,46,54,41,25,98,Matches,ESP-LALIGA,17-18
b5bdf144,399,Oier Olazábal,ESP,GK,Levante,27,1989,26.0,383,727,52.7,14832,12804,15,15,100.0,134,142,94.4,233,568,41.0,0,0.0,0.0,0.0,0,22,0,0,0,Matches,ESP-LALIGA,17-18
a8fbae1d,400,Paulo Oliveira,POR,DF,Eibar,25,1992,24.6,658,897,73.4,14770,5154,162,200,81.0,344,423,81.3,143,254,56.3,0,0.3,0.2,-0.3,5,60,2,1,67,Matches,ESP-LALIGA,17-18
41c12f75,401,Mathías Olivera,URU,MF,Getafe,19,1997,1.1,11,31,35.5,110,29,9,16,56.3,1,5,20.0,0,3,0.0,0,0.1,0.1,-0.1,1,0,1,1,1,Matches,ESP-LALIGA,17-18
48593154,402,Michael Olunga,KEN,"FW,MF",Girona,23,1994,4.8,76,112,67.9,996,120,43,63,68.3,25,30,83.3,1,3,33.3,1,0.5,0.5,0.5,6,6,1,0,7,Matches,ESP-LALIGA,17-18
a83d8b0c,403,Javier Ontiveros,ESP,"MF,FW",Málaga,19,1997,4.3,118,173,68.2,1876,648,67,81,82.7,37,56,66.1,10,22,45.5,0,0.6,0.9,-0.6,6,10,8,6,13,Matches,ESP-LALIGA,17-18
c90977db,404,Fabián Orellana,CHI,"MF,FW",Eibar,31,1986,13.1,377,541,69.7,6144,1292,207,257,80.5,108,161,67.1,44,72,61.1,2,3.8,3.4,-1.8,28,25,16,7,46,Matches,ESP-LALIGA,17-18
8c3c640c,405,Mikel Oyarzabal,ESP,"FW,MF",Real Sociedad,20,1997,30.8,740,1008,73.4,10621,2571,457,543,84.2,169,228,74.1,59,114,51.8,5,5.0,3.0,0.0,43,44,30,3,93,Matches,ESP-LALIGA,17-18
5b2a4b8d,406,Daniel Pacheco,ESP,"MF,FW",Getafe,26,1991,1.9,62,102,60.8,1208,358,29,38,76.3,20,34,58.8,13,22,59.1,0,1.1,0.4,-1.1,6,8,5,1,7,Matches,ESP-LALIGA,17-18
97852360,407,Fernando Pacheco,ESP,GK,Alavés,25,1992,37.3,580,1056,54.9,23564,20644,49,50,98.0,153,157,97.5,377,844,44.7,0,0.0,0.1,0.0,0,19,0,0,0,Matches,ESP-LALIGA,17-18
d24e154c,408,Costel Pantilimon,ROU,GK,La Coruña,30,1987,6.0,108,169,63.9,3904,3306,14,14,100.0,33,34,97.1,61,118,51.7,0,0.0,0.0,0.0,0,2,0,0,0,Matches,ESP-LALIGA,17-18
2306bfde,409,Rubén Pardo,ESP,MF,Real Sociedad,24,1992,2.5,107,140,76.4,1977,588,44,50,88.0,48,57,84.2,12,25,48.0,1,0.6,0.3,0.4,4,10,3,0,16,Matches,ESP-LALIGA,17-18
a92669f6,410,Nicolás Pareja,ARG,DF,Sevilla,33,1984,4.5,197,228,86.4,4155,1684,70,74,94.6,86,97,88.7,37,53,69.8,0,0.1,0.1,-0.1,1,15,0,0,11,Matches,ESP-LALIGA,17-18
7460ca0d,411,Daniel Parejo,ESP,MF,Valencia,28,1989,33.3,2090,2560,81.6,41540,16326,803,905,88.7,906,1037,87.4,333,499,66.7,7,5.6,6.1,1.4,70,295,33,3,327,Matches,ESP-LALIGA,17-18
529f49ab,412,Thomas Partey,GHA,"MF,DF",Atlético Madrid,24,1993,26.4,1182,1437,82.3,20409,6530,577,649,88.9,429,506,84.8,135,195,69.2,0,0.6,1.6,-0.6,12,111,19,2,134,Matches,ESP-LALIGA,17-18
bb7337cc,413,Paulinho,BRA,MF,Barcelona,29,1988,21.6,1074,1231,87.2,14866,3366,615,679,90.6,324,366,88.5,47,58,81.0,2,2.7,1.7,-0.7,13,79,9,0,105,Matches,ESP-LALIGA,17-18
b7ca5c51,414,Gabriel Paulista,BRA,DF,Valencia,26,1990,28.7,1197,1379,86.8,24126,9483,368,405,90.9,655,719,91.1,165,230,71.7,0,0.1,0.3,-0.1,3,54,0,0,50,Matches,ESP-LALIGA,17-18
6ca663b4,415,Giampaolo Pazzini,ITA,FW,Levante,32,1984,4.9,43,66,65.2,542,67,30,44,68.2,9,12,75.0,1,3,33.3,0,0.0,0.0,0.0,0,3,0,0,4,Matches,ESP-LALIGA,17-18
63f04c6c,416,Alfonso Pedraza,ESP,"MF,DF",Alavés,21,1996,27.1,454,720,63.1,6895,2807,251,324,77.5,160,227,70.5,25,72,34.7,5,3.9,2.6,1.1,30,34,21,11,69,Matches,ESP-LALIGA,17-18
1f079188,417,Rubén Peña,ESP,"DF,MF",Eibar,26,1991,19.2,664,955,69.5,11799,4717,315,399,78.9,241,328,73.5,89,170,52.4,0,1.0,1.8,-1.0,17,65,21,13,78,Matches,ESP-LALIGA,17-18
e7375367,418,Gabriel Peñalba,ARG,MF,Las Palmas,32,1984,6.3,326,381,85.6,5200,1515,162,178,91.0,122,139,87.8,24,39,61.5,0,0.0,0.2,0.0,1,22,3,0,20,Matches,ESP-LALIGA,17-18
4b3f2936,419,Adalberto Peñaranda,VEN,"FW,MF",Málaga,20,1997,8.9,193,249,77.5,2497,310,122,149,81.9,52,63,82.5,7,10,70.0,0,0.4,0.2,-0.4,10,11,3,0,18,Matches,ESP-LALIGA,17-18
6639e500,420,Andreas Pereira,BRA,MF,Valencia,21,1996,12.0,262,405,64.7,4479,1583,135,176,76.7,90,140,64.3,29,55,52.7,3,1.9,2.5,1.1,20,32,24,13,51,Matches,ESP-LALIGA,17-18
e1cea3f7,421,Hernán Pérez,PAR,MF,Alavés,28,1989,4.2,101,149,67.8,1611,458,57,76,75.0,26,36,72.2,12,24,50.0,0,0.4,0.4,-0.4,6,6,8,4,10,Matches,ESP-LALIGA,17-18
e1cea3f7,422,Hernán Pérez,PAR,"MF,DF",Espanyol,28,1989,1.6,47,79,59.5,746,312,29,37,78.4,12,24,50.0,5,12,41.7,0,0.0,0.0,0.0,0,7,0,0,1,Matches,ESP-LALIGA,17-18
a300ac7e,423,Lucas Pérez,ESP,FW,La Coruña,28,1988,31.1,680,1001,67.9,11110,3608,353,432,81.7,215,307,70.0,77,184,41.8,6,10.9,9.0,-4.9,79,53,41,7,107,Matches,ESP-LALIGA,17-18
3c7bc9bd,424,Rubén Pérez,ESP,MF,Leganés,28,1989,28.0,1140,1500,76.0,23886,8306,417,507,82.2,487,583,83.5,216,346,62.4,0,0.8,0.9,-0.8,14,168,8,0,161,Matches,ESP-LALIGA,17-18
48e89655,425,Pablo Piatti,ARG,"MF,FW",Espanyol,28,1989,19.3,428,679,63.0,6722,2430,249,305,81.6,105,175,60.0,51,125,40.8,3,4.1,4.4,-1.1,43,35,26,15,57,Matches,ESP-LALIGA,17-18
e54bd0a2,426,Tomás Pina Isla,ESP,MF,Alavés,29,1987,26.5,795,980,81.1,13329,4426,391,465,84.1,302,359,84.1,75,109,68.8,0,1.3,0.9,-1.3,10,108,4,0,122,Matches,ESP-LALIGA,17-18
adfc9123,427,Gerard Piqué,ESP,DF,Barcelona,30,1987,29.2,1669,1868,89.3,32441,10907,613,661,92.7,791,856,92.4,236,304,77.6,0,1.0,0.6,-1.0,6,111,5,0,99,Matches,ESP-LALIGA,17-18
faec2ec4,428,Guido Pizarro,ARG,MF,Sevilla,27,1990,19.5,1076,1251,86.0,18426,5709,494,555,89.0,480,540,88.9,82,103,79.6,0,1.0,0.6,-1.0,8,89,4,0,102,Matches,ESP-LALIGA,17-18
72b92c4e,429,Carles Planas,ESP,DF,Girona,26,1991,2.1,74,106,69.8,981,369,49,57,86.0,18,31,58.1,3,7,42.9,1,1.2,0.9,-0.2,4,3,2,2,4,Matches,ESP-LALIGA,17-18
29b61deb,430,Pere Pons,ESP,MF,Girona,24,1993,28.4,824,1033,79.8,13993,3850,404,471,85.8,327,394,83.0,74,108,68.5,2,1.1,0.8,0.9,11,86,7,1,116,Matches,ESP-LALIGA,17-18
8e010ff4,431,Francisco Portillo,ESP,"MF,FW",Getafe,27,1990,27.3,739,1020,72.5,11163,4024,418,505,82.8,229,312,73.4,57,100,57.0,3,3.5,2.8,-0.5,23,101,56,2,158,Matches,ESP-LALIGA,17-18
1bda5842,432,Portu,ESP,MF,Girona,25,1992,33.3,477,672,71.0,7134,1785,273,331,82.5,159,214,74.3,25,51,49.0,5,5.6,6.3,-0.6,39,50,33,15,74,Matches,ESP-LALIGA,17-18
474ecac8,433,Sergio Postigo,ESP,DF,Levante,28,1988,26.9,768,961,79.9,16597,7338,223,248,89.9,398,445,89.4,142,244,58.2,0,0.6,0.8,-0.6,5,76,4,1,71,Matches,ESP-LALIGA,17-18
cbdf7d5c,434,Darío Poveda,ESP,MF,Villarreal,20,1997,0.0,1,2,50.0,10,8,1,2,50.0,0,0,,0,0,,0,0.0,0.0,0.0,0,0,0,0,0,Matches,ESP-LALIGA,17-18
113fb4ea,435,Andrés Prieto,ESP,GK,Málaga,23,1993,4.0,46,110,41.8,2093,1934,0,0,,12,15,80.0,34,94,36.2,0,0.0,0.0,0.0,0,3,0,0,0,Matches,ESP-LALIGA,17-18
d054d8b0,436,Xabi Prieto,ESP,"MF,FW",Real Sociedad,33,1983,21.4,869,1065,81.6,12685,3384,495,565,87.6,296,354,83.6,50,78,64.1,5,4.9,4.0,0.1,42,99,31,10,142,Matches,ESP-LALIGA,17-18
ea6a7ab4,437,Dani Raba,ESP,"MF,FW",Villarreal,21,1995,12.3,374,501,74.7,6629,1551,171,204,83.8,138,183,75.4,50,76,65.8,4,3.9,2.3,0.1,25,26,11,3,52,Matches,ESP-LALIGA,17-18
b5dd3469,438,Nemanja Radoja,SRB,MF,Celta Vigo,24,1993,12.3,523,611,85.6,8770,1890,247,281,87.9,223,250,89.2,39,51,76.5,1,0.6,0.5,0.4,7,51,5,1,62,Matches,ESP-LALIGA,17-18
89f951b5,439,Ivan Rakitić,CRO,MF,Barcelona,29,1988,31.5,2282,2575,88.6,38020,11750,1127,1202,93.8,827,905,91.4,238,325,73.2,5,3.9,4.8,1.1,29,241,28,2,250,Matches,ESP-LALIGA,17-18
be3a0121,440,Jonás Ramalho,ESP,DF,Girona,24,1993,25.5,668,903,74.0,13589,5325,243,279,87.1,320,399,80.2,95,190,50.0,0,0.8,0.7,-0.8,5,51,5,0,59,Matches,ESP-LALIGA,17-18
db714daf,441,Benito Ramírez,ESP,"FW,DF",Las Palmas,22,1995,1.8,41,73,56.2,498,86,26,33,78.8,7,15,46.7,2,10,20.0,0,0.1,0.2,-0.1,3,2,1,1,0,Matches,ESP-LALIGA,17-18
833fb62e,442,Sandro Ramírez,ESP,"FW,MF",Sevilla,22,1995,8.0,198,259,76.4,2736,532,123,140,87.9,58,76,76.3,8,25,32.0,1,1.7,0.9,-0.7,9,5,8,0,19,Matches,ESP-LALIGA,17-18
dc4511f3,443,Toño Ramírez,ESP,GK,Real Sociedad,30,1986,3.5,91,131,69.5,2496,1852,12,12,100.0,53,53,100.0,26,66,39.4,0,0.0,0.0,0.0,0,0,0,0,0,Matches,ESP-LALIGA,17-18
d2be40f2,444,Iván Ramis,ESP,DF,Eibar,32,1984,14.5,578,700,82.6,14264,4965,121,142,85.2,287,331,86.7,162,208,77.9,0,0.0,0.2,0.0,1,53,0,0,62,Matches,ESP-LALIGA,17-18
0657888a,445,Omar Ramos,ESP,"FW,MF",Leganés,29,1988,16.1,362,512,70.7,5745,1590,212,246,86.2,103,140,73.6,35,95,36.8,1,1.8,1.8,-0.8,22,29,18,8,47,Matches,ESP-LALIGA,17-18
08511d65,446,Sergio Ramos,ESP,DF,Real Madrid,31,1986,25.4,1717,1921,89.4,32838,14791,708,752,94.1,765,822,93.1,227,305,74.4,1,1.7,0.9,-0.7,14,156,10,1,145,Matches,ESP-LALIGA,17-18
54073b28,447,Recio,ESP,MF,Málaga,26,1991,20.4,812,1027,79.1,13953,4200,397,455,87.3,285,343,83.1,95,161,59.0,2,2.1,1.9,-0.1,24,81,13,2,97,Matches,ESP-LALIGA,17-18
1214f0a6,448,Alberto Redondo,ESP,DF,Getafe,20,1997,1.0,14,33,42.4,133,68,11,15,73.3,1,9,11.1,0,4,0.0,0,0.0,0.0,0.0,0,2,0,0,1,Matches,ESP-LALIGA,17-18
4b32b2be,449,Xesc Regis,ESP,FW,Eibar,20,1996,0.0,0,0,,0,0,0,0,,0,0,,0,0,,0,0.0,0.0,0.0,0,0,0,0,0,Matches,ESP-LALIGA,17-18
5c2da10f,450,Loïc Rémy,FRA,FW,Las Palmas,30,1987,8.5,189,243,77.8,2863,607,109,133,82.0,52,67,77.6,18,27,66.7,0,0.2,0.3,-0.2,5,7,3,1,14,Matches,ESP-LALIGA,17-18
5c2da10f,451,Loïc Rémy,FRA,"FW,MF",Getafe,30,1987,5.1,85,124,68.5,1227,156,53,69,76.8,23,34,67.6,6,10,60.0,0,0.0,0.2,0.0,0,2,3,1,6,Matches,ESP-LALIGA,17-18
54f5ce34,452,Federico Ricca,URU,DF,Málaga,22,1994,12.3,396,607,65.2,6327,3521,222,264,84.1,134,207,64.7,30,98,30.6,1,0.8,0.5,0.2,6,36,7,4,40,Matches,ESP-LALIGA,17-18
d9ba39fc,453,Diego Rico,ESP,DF,Leganés,24,1993,24.8,892,1329,67.1,15813,8615,442,531,83.2,336,482,69.7,101,230,43.9,2,3.5,3.1,-1.5,27,83,28,14,107,Matches,ESP-LALIGA,17-18
def69cd0,454,Mikel Rico,ESP,MF,Athletic Club,32,1984,13.0,441,554,79.6,8001,1852,192,214,89.7,184,223,82.5,53,77,68.8,0,1.1,0.6,-1.1,11,44,5,1,48,Matches,ESP-LALIGA,17-18
5f0241b2,455,Sergio Rico,ESP,GK,Sevilla,23,1993,24.0,444,668,66.5,12988,10100,63,63,100.0,227,229,99.1,152,373,40.8,0,0.0,0.0,0.0,0,0,0,0,0,Matches,ESP-LALIGA,17-18
581c5276,456,Asier Riesgo,ESP,GK,Eibar,33,1983,1.0,13,33,39.4,727,716,0,0,,0,0,,13,33,39.4,0,0.0,0.0,0.0,0,1,0,0,0,Matches,ESP-LALIGA,17-18
8ef81d2d,457,Cristian Rivera,ESP,MF,Eibar,20,1997,2.7,112,133,84.2,2076,284,38,45,84.4,58,61,95.1,13,19,68.4,0,0.1,0.0,-0.1,2,11,0,0,5,Matches,ESP-LALIGA,17-18
c00097d2,458,Rober,ESP,"DF,MF",Levante,22,1995,21.2,555,680,81.6,10831,4125,204,234,87.2,277,316,87.7,71,110,64.5,0,0.5,0.1,-0.5,2,34,0,0,45,Matches,ESP-LALIGA,17-18
ba3ca78f,459,Roberto,ESP,GK,Málaga,31,1986,34.0,519,998,52.0,21747,18799,24,24,100.0,165,168,98.2,330,804,41.0,0,0.1,0.1,-0.1,2,18,0,0,0,Matches,ESP-LALIGA,17-18
335fa267,460,Sergi Roberto,ESP,DF,Barcelona,25,1992,24.7,1634,1832,89.2,23188,6591,1001,1053,95.1,478,545,87.7,89,121,73.6,7,3.8,3.9,3.2,23,119,31,4,139,Matches,ESP-LALIGA,17-18
df9326db,461,Álex Robles,ESP,DF,Málaga,18,1999,1.0,21,34,61.8,361,151,10,10,100.0,7,13,53.8,2,6,33.3,0,0.0,0.0,0.0,0,1,0,0,1,Matches,ESP-LALIGA,17-18
da27e268,462,Marc Roca,ESP,MF,Espanyol,20,1996,2.9,151,170,88.8,2735,875,66,71,93.0,59,66,89.4,21,25,84.0,0,0.0,0.1,0.0,2,15,0,0,17,Matches,ESP-LALIGA,17-18
ecd8c01e,463,Rubén Rochina,ESP,"MF,DF",Levante,26,1991,1.7,62,86,72.1,1167,475,25,30,83.3,25,31,80.6,9,14,64.3,0,0.0,0.1,0.0,1,14,6,0,15,Matches,ESP-LALIGA,17-18
6434f10d,464,Rodri,ESP,MF,Villarreal,21,1996,35.9,2227,2483,89.7,40468,11625,975,1067,91.4,953,1039,91.7,265,308,86.0,3,1.7,1.3,1.3,23,162,5,0,208,Matches,ESP-LALIGA,17-18
1fb1c435,465,Rodrigo,ESP,FW,Valencia,26,1991,29.8,688,928,74.1,10085,2192,370,453,81.7,221,299,73.9,46,80,57.5,4,4.0,2.9,0.0,35,74,28,4,116,Matches,ESP-LALIGA,17-18
f1bed920,466,Kévin Rodrigues,POR,DF,Real Sociedad,23,1994,18.2,726,927,78.3,11312,4117,398,445,89.4,270,330,81.8,44,103,42.7,2,0.9,1.4,1.1,15,56,16,9,65,Matches,ESP-LALIGA,17-18
8cfc2f69,467,Ángel Rodríguez,ESP,FW,Getafe,30,1987,25.5,260,392,66.3,3934,882,133,183,72.7,87,130,66.9,22,35,62.9,2,3.7,3.3,-1.7,18,26,15,3,33,Matches,ESP-LALIGA,17-18
aa55fe48,468,Iván Rodríguez,ESP,DF,Málaga,21,1996,0.2,10,11,90.9,194,82,6,6,100.0,2,2,100.0,2,2,100.0,0,0.0,0.0,0.0,0,2,0,0,0,Matches,ESP-LALIGA,17-18
d1491e00,469,Diego Rolán,URU,"FW,MF",Málaga,24,1993,21.6,472,606,77.9,6500,1331,296,347,85.3,119,157,75.8,29,49,59.2,0,1.3,1.0,-1.3,20,37,17,3,57,Matches,ESP-LALIGA,17-18
10e25802,470,Esteban Rolón,ARG,MF,Málaga,22,1995,4.6,105,138,76.1,1780,483,58,71,81.7,32,45,71.1,13,15,86.7,0,0.0,0.1,0.0,1,7,1,0,10,Matches,ESP-LALIGA,17-18
4bc5f2b4,471,Óscar Romero,PAR,"MF,FW",Alavés,25,1992,2.8,44,74,59.5,943,356,17,24,70.8,14,22,63.6,11,23,47.8,0,0.3,0.2,-0.3,5,5,1,0,6,Matches,ESP-LALIGA,17-18
dea698d9,472,Cristiano Ronaldo,POR,FW,Real Madrid,32,1985,25.4,615,789,77.9,8268,1746,390,462,84.4,164,212,77.4,26,41,63.4,5,5.0,4.9,0.0,38,44,26,4,99,Matches,ESP-LALIGA,17-18
51e3954c,473,Facundo Roncaglia,ARG,DF,Celta Vigo,30,1987,16.6,945,1083,87.3,19810,6810,286,305,93.8,507,536,94.6,147,224,65.6,0,0.1,0.2,-0.1,2,52,2,0,60,Matches,ESP-LALIGA,17-18
81069528,474,Roberto Rosales,VEN,DF,Málaga,28,1988,34.7,1359,1936,70.2,24397,12465,673,783,86.0,467,664,70.3,194,393,49.4,0,3.8,3.7,-3.8,54,132,36,25,153,Matches,ESP-LALIGA,17-18
24279b8b,475,Rubén,ESP,GK,La Coruña,33,1984,27.5,442,712,62.1,16078,12538,44,45,97.8,159,160,99.4,237,501,47.3,0,0.0,0.0,0.0,0,10,0,0,0,Matches,ESP-LALIGA,17-18
a55d8df5,476,Aitor Ruibal,ESP,MF,Betis,21,1996,0.1,4,4,100.0,33,5,4,4,100.0,0,0,,0,0,,0,0.0,0.0,0.0,0,0,0,0,0,Matches,ESP-LALIGA,17-18
c0c7ff58,477,Fabián Ruiz Peña,ESP,MF,Betis,21,1996,29.5,1813,2120,85.5,29626,7190,960,1057,90.8,633,723,87.6,168,212,79.2,6,2.2,2.2,3.8,33,188,30,2,211,Matches,ESP-LALIGA,17-18
b3dc6eca,478,Víctor Ruiz,ESP,DF,Villarreal,28,1989,26.8,1218,1430,85.2,23906,10797,472,500,94.4,569,625,91.0,160,272,58.8,1,0.1,0.7,0.9,3,61,4,1,57,Matches,ESP-LALIGA,17-18
e12d7851,479,Antonio Rukavina,SRB,DF,Villarreal,33,1984,14.1,489,628,77.9,8304,3405,236,271,87.1,197,247,79.8,44,86,51.2,0,0.6,0.6,-0.6,8,27,8,5,36,Matches,ESP-LALIGA,17-18
625c144a,480,Gerónimo Rulli,ARG,GK,Real Sociedad,25,1992,26.0,847,1115,76.0,23365,16757,113,114,99.1,446,459,97.2,284,533,53.3,0,0.0,0.0,0.0,1,4,0,0,0,Matches,ESP-LALIGA,17-18
eb5bc3eb,481,Enric Saborit,ESP,DF,Athletic Club,25,1992,15.9,524,707,74.1,9157,2571,244,288,84.7,228,294,77.6,47,92,51.1,1,0.5,0.5,0.5,6,32,11,3,40,Matches,ESP-LALIGA,17-18
21164a21,482,Mujaid Sadick,ESP,DF,La Coruña,17,2000,1.2,38,41,92.7,620,185,14,14,100.0,22,24,91.7,1,2,50.0,0,0.0,0.0,0.0,0,0,0,0,0,Matches,ESP-LALIGA,17-18
8b6d1830,483,Armando Sadiku,ALB,FW,Levante,26,1991,3.0,53,71,74.6,687,179,31,39,79.5,18,23,78.3,0,2,0.0,0,0.0,0.0,0.0,1,5,0,0,6,Matches,ESP-LALIGA,17-18
6a7586f4,484,Sergi Samper,ESP,MF,Las Palmas,22,1995,1.6,69,84,82.1,1088,231,33,38,86.8,28,33,84.8,4,8,50.0,0,0.0,0.0,0.0,0,2,0,0,4,Matches,ESP-LALIGA,17-18
c0a0c18f,485,Jairo Samperio,ESP,"FW,MF",Las Palmas,24,1993,6.2,96,155,61.9,1406,401,58,79,73.4,30,46,65.2,5,13,38.5,0,0.4,0.2,-0.4,4,6,5,2,18,Matches,ESP-LALIGA,17-18
003a5c72,486,Mikel San José,ESP,MF,Athletic Club,28,1989,23.9,800,1025,78.0,14622,4586,341,412,82.8,348,420,82.9,93,139,66.9,1,1.2,1.4,-0.2,12,97,12,2,121,Matches,ESP-LALIGA,17-18
0a447501,487,Antonio Sanabria,PAR,FW,Betis,21,1996,9.5,126,174,72.4,1696,210,74,93,79.6,32,50,64.0,6,7,85.7,0,0.1,0.7,-0.1,4,5,0,0,7,Matches,ESP-LALIGA,17-18
50b51fac,488,Carlos Sánchez,COL,MF,Espanyol,31,1986,12.5,478,584,81.8,8868,2053,209,249,83.9,197,223,88.3,63,85,74.1,0,0.3,0.2,-0.3,3,44,4,0,36,Matches,ESP-LALIGA,17-18
83a83b0a,489,Sergio Sánchez,ESP,DF,Espanyol,31,1986,1.1,28,41,68.3,516,201,9,12,75.0,14,15,93.3,4,10,40.0,0,0.0,0.0,0.0,0,2,0,0,3,Matches,ESP-LALIGA,17-18
ad4d0985,490,Víctor Sánchez,ESP,"MF,DF",Espanyol,29,1987,27.3,1007,1404,71.7,15933,6241,558,637,87.6,331,445,74.4,83,240,34.6,2,0.5,0.7,1.5,5,93,15,6,101,Matches,ESP-LALIGA,17-18
22df75d8,491,Arona Sané,SEN,"MF,FW",Atlético Madrid,22,1995,0.7,10,15,66.7,129,0,6,9,66.7,3,5,60.0,0,0,,0,0.0,0.0,0.0,0,1,0,0,2,Matches,ESP-LALIGA,17-18
7eb97a8e,492,Nicola Sansone,ITA,"FW,MF",Villarreal,25,1991,7.1,177,239,74.1,2538,596,112,135,83.0,44,60,73.3,12,18,66.7,1,1.3,1.1,-0.3,13,14,7,1,17,Matches,ESP-LALIGA,17-18
4efd29bb,493,Christian Santos,VEN,FW,Alavés,29,1988,4.8,89,137,65.0,1073,151,59,85,69.4,21,36,58.3,2,3,66.7,0,0.0,0.3,0.0,2,8,0,0,6,Matches,ESP-LALIGA,17-18
9744ff80,494,Pablo Sarabia,ESP,"FW,MF",Sevilla,25,1992,26.6,865,1178,73.4,12670,4209,510,589,86.6,256,343,74.6,55,134,41.0,5,6.5,5.6,-1.5,46,68,55,12,136,Matches,ESP-LALIGA,17-18
b32b7d1b,495,Imanol Sarriegi,ESP,"MF,FW",Eibar,22,1995,0.5,20,25,80.0,352,30,8,11,72.7,9,9,100.0,2,4,50.0,0,0.0,0.0,0.0,0,2,0,0,1,Matches,ESP-LALIGA,17-18
f6ac68c1,496,Stefan Savić,MNE,DF,Atlético Madrid,26,1991,25.5,809,994,81.4,16894,6144,270,299,90.3,384,427,89.9,145,242,59.9,0,0.2,0.2,-0.2,3,54,5,0,52,Matches,ESP-LALIGA,17-18
c8aa95da,497,Fabian Schär,SUI,DF,La Coruña,25,1991,24.7,758,957,79.2,17100,7069,233,260,89.6,353,400,88.3,166,272,61.0,2,0.6,0.8,1.4,7,53,3,0,45,Matches,ESP-LALIGA,17-18
3536fdc1,498,Sergio Segura García,ESP,DF,Leganés,21,1995,0.3,,,,,,,,,,,,,,,0,,,,,,,,,Matches,ESP-LALIGA,17-18
d04b94db,499,Nélson Semedo,POR,DF,Barcelona,23,1993,16.6,1000,1148,87.1,13975,3939,618,656,94.2,280,330,84.8,53,80,66.3,0,1.2,1.3,-1.2,11,61,14,1,62,Matches,ESP-LALIGA,17-18
c904f3d5,500,Rúben Semedo,POR,"DF,MF",Villarreal,23,1994,2.6,78,89,87.6,1272,444,38,41,92.7,34,36,94.4,4,8,50.0,0,0.0,0.0,0.0,1,1,0,0,4,Matches,ESP-LALIGA,17-18
d2ac648c,501,Gaku Shibasaki,JPN,"MF,FW",Getafe,25,1992,11.1,256,357,71.7,4278,976,121,155,78.1,91,120,75.8,26,50,52.0,0,0.9,1.0,-0.9,9,24,4,4,28,Matches,ESP-LALIGA,17-18
b14d0c5d,502,Sidnei,BRA,DF,La Coruña,27,1989,19.8,642,769,83.5,13907,4492,185,203,91.1,329,372,88.4,121,181,66.9,1,0.5,0.5,0.5,5,24,6,2,44,Matches,ESP-LALIGA,17-18
aaa4239e,503,Jaime Sierra Mateos,ESP,"FW,MF",Leganés,19,1998,0.3,3,5,60.0,39,5,2,4,50.0,1,1,100.0,0,0,,0,0.0,0.0,0.0,0,0,0,0,0,Matches,ESP-LALIGA,17-18
251336da,504,David Simón,ESP,DF,Las Palmas,28,1988,8.0,413,525,78.7,5778,2109,258,284,90.8,115,153,75.2,22,54,40.7,0,1.0,1.0,-1.0,10,15,14,7,27,Matches,ESP-LALIGA,17-18
92d38e6c,505,Dimitris Siovas,GRE,DF,Leganés,28,1988,22.9,547,744,73.5,10832,3917,188,228,82.5,275,340,80.9,76,153,49.7,1,0.7,0.1,0.3,2,21,1,0,44,Matches,ESP-LALIGA,17-18
fd9c4805,506,Pione Sisto,DEN,"FW,MF",Celta Vigo,22,1995,28.0,863,1075,80.3,14422,3380,472,532,88.7,254,314,80.9,108,169,63.9,10,5.1,5.0,4.9,41,65,48,17,108,Matches,ESP-LALIGA,17-18
9970da54,507,Antonio Sivera,ESP,GK,Alavés,20,1996,0.7,7,15,46.7,311,279,1,1,100.0,1,1,100.0,5,13,38.5,0,0.0,0.0,0.0,0,0,0,0,0,Matches,ESP-LALIGA,17-18
19b776e9,508,Rubén Sobrino,ESP,"FW,MF",Alavés,25,1992,16.3,290,407,71.3,3622,774,193,239,80.8,62,93,66.7,11,21,52.4,2,1.2,0.9,0.8,21,19,8,3,29,Matches,ESP-LALIGA,17-18
fed17f5a,509,Carlos Soler,ESP,MF,Valencia,20,1997,26.3,814,1002,81.2,13201,3615,437,486,89.9,288,343,84.0,67,112,59.8,4,3.7,3.7,0.3,34,87,29,7,101,Matches,ESP-LALIGA,17-18
6435143e,510,Kévin Soni,CMR,MF,Girona,19,1998,0.2,3,5,60.0,53,22,1,1,100.0,2,4,50.0,0,0,,0,0.0,0.0,0.0,0,0,1,0,2,Matches,ESP-LALIGA,17-18
8f8c6934,511,David Soria,ESP,GK,Sevilla,24,1993,14.0,273,377,72.4,8315,6742,29,29,100.0,132,137,96.4,111,210,52.9,0,0.0,0.0,0.0,0,3,0,0,0,Matches,ESP-LALIGA,17-18
9d4c45d6,512,Roberto Soriano,ITA,"MF,FW",Villarreal,26,1991,12.7,395,511,77.3,5515,1416,249,293,85.0,113,138,81.9,16,29,55.2,0,0.7,0.8,-0.7,13,38,11,4,49,Matches,ESP-LALIGA,17-18
220c11f1,513,Cristhian Stuani,URU,FW,Girona,30,1986,30.1,329,500,65.8,4250,566,220,309,71.2,83,133,62.4,9,15,60.0,0,1.3,0.8,-1.3,13,24,4,0,35,Matches,ESP-LALIGA,17-18
ba5004e1,514,Damián Suárez,URU,DF,Getafe,29,1988,32.0,1175,1698,69.2,20384,11106,623,721,86.4,378,553,68.4,143,321,44.5,4,3.2,3.2,0.8,36,121,28,10,152,Matches,ESP-LALIGA,17-18
12c50af5,515,Denis Suárez,ESP,"MF,FW",Barcelona,23,1994,6.6,312,387,80.6,4244,1048,193,218,88.5,81,97,83.5,16,31,51.6,2,2.7,1.8,-0.7,14,17,11,1,27,Matches,ESP-LALIGA,17-18
25c72b36,516,Leonardo Suárez,ARG,MF,Villarreal,21,1996,0.3,9,12,75.0,133,11,7,10,70.0,1,1,100.0,1,1,100.0,0,0.0,0.0,0.0,0,1,0,0,0,Matches,ESP-LALIGA,17-18
a6154613,517,Luis Suárez,URU,FW,Barcelona,30,1987,32.2,818,1080,75.7,11732,2032,486,596,81.5,211,274,77.0,58,84,69.0,12,10.5,8.1,1.5,57,32,50,1,97,Matches,ESP-LALIGA,17-18
f573a8bf,518,Isaac Success,NGA,"MF,FW",Málaga,21,1996,5.5,81,143,56.6,1370,283,39,57,68.4,35,52,67.3,5,18,27.8,1,2.1,1.9,-1.1,7,7,5,1,14,Matches,ESP-LALIGA,17-18
6fd1ba62,519,Markel Susaeta,ESP,"FW,MF",Athletic Club,29,1987,25.2,746,1013,73.6,12787,3245,368,428,86.0,254,314,80.9,100,205,48.8,2,5.3,4.9,-3.3,54,65,23,14,85,Matches,ESP-LALIGA,17-18
ef345601,520,Tana,ESP,"MF,FW",Las Palmas,26,1990,17.2,694,832,83.4,9639,2925,434,473,91.8,179,214,83.6,44,81,54.3,1,1.2,2.4,-0.2,21,62,20,3,94,Matches,ESP-LALIGA,17-18
730bd100,521,Oussama Tannane,MAR,FW,Las Palmas,23,1994,6.4,183,251,72.9,2774,724,106,124,85.5,59,78,75.6,13,29,44.8,0,1.0,0.6,-1.0,8,11,5,1,17,Matches,ESP-LALIGA,17-18
72a99e38,522,Cristian Tello,ESP,"FW,MF",Betis,25,1991,18.8,549,724,75.8,8029,1725,332,400,83.0,167,223,74.9,32,52,61.5,3,3.7,2.2,-0.7,25,28,17,4,46,Matches,ESP-LALIGA,17-18
6f51e382,523,Marc-André ter Stegen,GER,GK,Barcelona,25,1992,37.0,1068,1304,81.9,27867,19433,154,154,100.0,598,613,97.6,313,531,58.9,0,0.0,0.0,0.0,0,1,0,0,0,Matches,ESP-LALIGA,17-18
174651c8,524,David Timor,ESP,"MF,DF",Girona,27,1989,10.3,379,470,80.6,7227,2560,172,192,89.6,136,160,85.0,53,87,60.9,0,0.2,0.2,-0.2,6,45,1,0,51,Matches,ESP-LALIGA,17-18
7cefa219,525,Tito,ESP,DF,Leganés,32,1985,6.8,215,294,73.1,3192,1487,126,140,90.0,65,95,68.4,14,38,36.8,0,0.0,0.2,0.0,0,13,5,3,21,Matches,ESP-LALIGA,17-18
93568a16,526,Hernán Toledo,ARG,"FW,MF",Las Palmas,21,1996,6.9,113,173,65.3,1385,419,77,98,78.6,30,50,60.0,1,5,20.0,1,0.9,0.8,0.1,6,6,3,1,15,Matches,ESP-LALIGA,17-18
d4ef9ac5,527,Toño,ESP,DF,Levante,27,1989,12.0,443,589,75.2,7402,2914,247,275,89.8,145,193,75.1,45,97,46.4,1,1.0,0.7,0.0,7,44,12,7,49,Matches,ESP-LALIGA,17-18
87882adc,528,Daniel Torres,COL,MF,Alavés,27,1989,13.5,420,514,81.7,7635,2847,190,212,89.6,172,203,84.7,52,76,68.4,0,0.3,0.5,-0.3,7,53,5,1,56,Matches,ESP-LALIGA,17-18
bdf7b97d,529,Fernando Torres,ESP,FW,Atlético Madrid,33,1984,10.9,147,248,59.3,1882,401,95,143,66.4,31,59,52.5,8,16,50.0,0,0.4,0.3,-0.4,5,11,6,0,24,Matches,ESP-LALIGA,17-18
9e1035f8,530,Ferrán Torres,ESP,MF,Valencia,17,2000,3.5,68,110,61.8,1005,379,46,63,73.0,17,26,65.4,4,13,30.8,1,0.8,0.7,0.2,4,4,3,0,11,Matches,ESP-LALIGA,17-18
44b61913,531,Miguel Torres,ESP,DF,Málaga,31,1986,7.5,248,306,81.0,4098,2180,118,127,92.9,101,125,80.8,22,42,52.4,0,0.1,0.1,-0.1,2,17,1,1,25,Matches,ESP-LALIGA,17-18
532e1e4f,532,Pau Torres,ESP,DF,Villarreal,20,1997,0.6,20,32,62.5,428,175,6,9,66.7,10,12,83.3,4,8,50.0,0,0.0,0.0,0.0,0,0,0,0,2,Matches,ESP-LALIGA,17-18
322ba2df,533,Alin Toșca,ROU,DF,Betis,25,1992,4.7,182,217,83.9,3015,1093,96,107,89.7,65,80,81.3,16,20,80.0,0,0.0,0.1,0.0,1,11,3,1,16,Matches,ESP-LALIGA,17-18
963829d0,534,Manu Trigueros,ESP,MF,Villarreal,25,1991,30.0,1612,1912,84.3,29669,8839,714,777,91.9,651,738,88.2,218,308,70.8,4,3.8,3.5,0.2,43,191,28,5,189,Matches,ESP-LALIGA,17-18
1fa85681,535,Przemysław Tytoń,POL,GK,La Coruña,30,1987,1.1,17,28,60.7,508,358,1,1,100.0,9,9,100.0,7,18,38.9,0,0.0,0.0,0.0,0,0,0,0,0,Matches,ESP-LALIGA,17-18
3eed9821,536,Samuel Umtiti,FRA,DF,Barcelona,23,1993,24.3,1483,1628,91.1,26965,9644,587,622,94.4,736,778,94.6,143,189,75.7,0,0.1,0.3,-0.1,1,115,1,0,112,Matches,ESP-LALIGA,17-18
f8eca1b6,537,Enes Ünal,TUR,FW,Villarreal,20,1997,12.5,205,286,71.7,2352,582,146,179,81.6,43,65,66.2,3,5,60.0,2,1.7,1.6,0.3,9,12,3,0,19,Matches,ESP-LALIGA,17-18
f8eca1b6,538,Enes Ünal,TUR,FW,Levante,20,1997,6.6,104,140,74.3,1173,195,71,94,75.5,24,34,70.6,0,1,0.0,1,0.5,0.2,0.5,5,7,1,0,9,Matches,ESP-LALIGA,17-18
cfd68aa7,539,Francis Uzoho,NGA,GK,La Coruña,18,1998,2.0,20,48,41.7,770,685,1,1,100.0,6,6,100.0,13,40,32.5,0,0.0,0.0,0.0,0,0,0,0,0,Matches,ESP-LALIGA,17-18
9d4c3227,540,Gerard Valentín,ESP,"DF,FW",La Coruña,24,1993,1.8,35,55,63.6,629,309,15,18,83.3,15,25,60.0,4,9,44.4,0,0.0,0.0,0.0,0,2,0,0,3,Matches,ESP-LALIGA,17-18
3a6a49f7,541,Borja Valle,ESP,"FW,MF",La Coruña,25,1992,5.4,103,141,73.0,1511,277,63,71,88.7,29,48,60.4,7,11,63.6,2,1.2,0.6,0.8,9,6,7,2,12,Matches,ESP-LALIGA,17-18
c2111b45,542,Jesús Vallejo,ESP,DF,Real Madrid,20,1997,7.0,319,366,87.2,6507,2306,98,108,90.7,177,189,93.7,44,67,65.7,0,0.0,0.0,0.0,0,9,0,0,18,Matches,ESP-LALIGA,17-18
0959c2a2,543,Federico Valverde,URU,"MF,FW",La Coruña,19,1998,13.7,447,593,75.4,7941,2267,237,282,84.0,145,192,75.5,55,77,71.4,0,0.9,1.0,-0.9,11,56,10,2,66,Matches,ESP-LALIGA,17-18
9f8e9423,544,Raphaël Varane,FRA,DF,Real Madrid,24,1993,25.8,1211,1339,90.4,24144,8452,434,460,94.3,591,635,93.1,169,214,79.0,1,0.5,0.2,0.5,6,86,2,0,66,Matches,ESP-LALIGA,17-18
467bae22,545,Franco Vázquez,ARG,MF,Sevilla,28,1989,20.4,655,915,71.6,9906,2769,367,448,81.9,213,280,76.1,46,85,54.1,6,5.1,2.6,0.9,41,74,24,5,117,Matches,ESP-LALIGA,17-18
fd51b456,546,Lucas Vázquez,ESP,"MF,FW",Real Madrid,26,1991,18.7,818,1014,80.7,11947,2704,515,563,91.5,218,273,79.9,55,91,60.4,7,5.8,6.1,1.2,51,47,50,15,94,Matches,ESP-LALIGA,17-18
bfb15d99,547,Koke Vegas,ESP,GK,Levante,21,1995,1.0,15,29,51.7,481,392,2,2,100.0,6,6,100.0,7,21,33.3,0,0.0,0.0,0.0,0,0,0,0,0,Matches,ESP-LALIGA,17-18
e0cd04e0,548,Carlos Vela,MEX,FW,Real Sociedad,28,1989,4.2,160,209,76.6,2510,919,89,100,89.0,44,58,75.9,18,33,54.5,0,0.5,0.6,-0.5,9,15,8,0,28,Matches,ESP-LALIGA,17-18
d0d79694,549,Thomas Vermaelen,BEL,DF,Barcelona,31,1985,11.3,603,650,92.8,12304,3928,187,193,96.9,320,338,94.7,91,105,86.7,1,0.4,0.1,0.6,3,22,2,0,43,Matches,ESP-LALIGA,17-18
b0fce72c,550,Mikel Vesga,ESP,MF,Athletic Club,24,1993,9.0,327,404,80.9,6069,1464,136,158,86.1,141,172,82.0,42,57,73.7,1,0.5,0.5,0.5,7,29,5,2,42,Matches,ESP-LALIGA,17-18
c67cd65c,551,Rúben Vezo,POR,DF,Valencia,23,1994,17.3,630,825,76.4,11175,4877,261,301,86.7,305,378,80.7,52,103,50.5,0,0.2,0.4,-0.2,3,35,5,1,50,Matches,ESP-LALIGA,17-18
04965583,552,Aleix Vidal,ESP,"MF,FW",Barcelona,27,1989,5.1,207,275,75.3,3005,827,111,130,85.4,70,87,80.5,13,26,50.0,1,1.2,0.7,-0.2,4,13,9,0,27,Matches,ESP-LALIGA,17-18
3a9c4b7b,553,Nacho Vidal,ESP,DF,Valencia,22,1995,5.0,176,221,79.6,2842,1050,97,107,90.7,64,81,79.0,12,24,50.0,0,0.0,0.2,0.0,1,11,2,2,12,Matches,ESP-LALIGA,17-18
efa708aa,554,Jonathan Viera,ESP,MF,Las Palmas,27,1989,22.1,1271,1557,81.6,18812,5418,718,801,89.6,398,488,81.6,84,146,57.5,3,6.4,6.1,-3.4,63,139,53,2,179,Matches,ESP-LALIGA,17-18
2513a588,555,Luciano Vietto,ARG,FW,Atlético Madrid,23,1993,3.0,68,80,85.0,823,132,43,46,93.5,14,18,77.8,2,3,66.7,0,0.3,0.1,-0.3,1,2,0,0,5,Matches,ESP-LALIGA,17-18
2513a588,556,Luciano Vietto,ARG,FW,Valencia,23,1993,5.9,158,204,77.5,2190,469,99,113,87.6,38,54,70.4,11,16,68.8,1,1.4,0.8,-0.4,14,14,8,3,21,Matches,ESP-LALIGA,17-18
f69d934e,557,Carlos Vigaray,ESP,DF,Alavés,22,1994,9.9,238,347,68.6,3958,1597,115,141,81.6,91,133,68.4,22,50,44.0,0,0.1,0.2,-0.1,2,18,3,0,18,Matches,ESP-LALIGA,17-18
bad38a94,558,Dídac Vilà,ESP,"DF,MF",Espanyol,28,1989,8.1,318,418,76.1,5439,1636,164,184,89.1,115,145,79.3,30,58,51.7,0,0.9,0.6,-0.9,8,23,8,4,33,Matches,ESP-LALIGA,17-18
db750822,559,Vitolo,ESP,"FW,MF",Las Palmas,27,1989,7.7,307,369,83.2,3854,1014,208,230,90.4,75,86,87.2,7,15,46.7,0,0.8,1.1,-0.8,7,19,10,0,34,Matches,ESP-LALIGA,17-18
db750822,560,Vitolo,ESP,"MF,FW",Atlético Madrid,27,1989,6.9,235,304,77.3,2885,743,149,174,85.6,56,69,81.2,6,13,46.2,2,0.6,0.4,1.4,3,17,8,0,24,Matches,ESP-LALIGA,17-18
46a8347f,561,Šime Vrsaljko,CRO,DF,Atlético Madrid,25,1992,18.8,608,891,68.2,9404,3391,335,406,82.5,221,318,69.5,36,110,32.7,4,2.4,1.9,1.6,13,29,16,9,48,Matches,ESP-LALIGA,17-18
999908af,562,Wakaso,GHA,MF,Alavés,27,1990,12.2,330,480,68.8,6784,2151,125,148,84.5,123,172,71.5,72,134,53.7,1,0.6,0.4,0.4,9,27,2,1,37,Matches,ESP-LALIGA,17-18
d83bbc54,563,Daniel Wass,DEN,"MF,DF",Celta Vigo,28,1989,32.6,1257,1676,75.0,19875,6057,690,801,86.1,425,547,77.7,94,216,43.5,8,6.4,4.8,1.6,54,118,46,19,139,Matches,ESP-LALIGA,17-18
c0b1a6da,564,Axel Werner,ARG,GK,Atlético Madrid,21,1996,1.0,5,17,29.4,223,205,0,0,,1,1,100.0,4,16,25.0,0,0.0,0.0,0.0,0,0,0,0,0,Matches,ESP-LALIGA,17-18
6a99e0b1,565,Iñaki Williams,GHA,"FW,MF",Athletic Club,23,1994,31.7,555,761,72.9,8171,1619,311,383,81.2,177,241,73.4,39,58,67.2,6,5.0,5.2,1.0,33,29,31,11,64,Matches,ESP-LALIGA,17-18
61bb7498,566,Yoel,ESP,GK,Eibar,28,1988,1.0,14,40,35.0,746,742,0,0,,0,0,,14,40,35.0,0,0.0,0.0,0.0,0,0,0,0,0,Matches,ESP-LALIGA,17-18
5ca20b7a,567,Joseba Zaldúa,ESP,DF,Leganés,25,1992,28.4,921,1264,72.9,14775,6227,501,571,87.7,339,455,74.5,64,173,37.0,0,2.2,2.0,-2.2,15,70,24,11,100,Matches,ESP-LALIGA,17-18
9592289a,568,Simone Zaza,ITA,FW,Valencia,26,1991,23.1,319,465,68.6,4630,913,179,226,79.2,94,135,69.6,22,32,68.8,1,2.1,1.5,-1.1,15,20,9,0,31,Matches,ESP-LALIGA,17-18
37f96552,569,Nabil El Zhar,MAR,"FW,MF",Leganés,30,1986,22.0,469,644,72.8,7069,2171,280,337,83.1,130,181,71.8,40,73,54.8,2,2.3,2.8,-0.3,25,55,22,10,97,Matches,ESP-LALIGA,17-18
4cafb146,570,Enzo Zidane,ESP,MF,Alavés,22,1995,0.8,17,30,56.7,223,54,9,15,60.0,6,10,60.0,0,1,0.0,0,0.0,0.0,0.0,1,2,0,0,3,Matches,ESP-LALIGA,17-18
c818c4d9,571,Luca Zidane,FRA,GK,Real Madrid,19,1998,1.0,30,32,93.8,725,327,2,2,100.0,22,22,100.0,6,8,75.0,0,0.0,0.0,0.0,0,0,0,0,0,Matches,ESP-LALIGA,17-18
5c7845f6,572,Igor Zubeldia,ESP,MF,Real Sociedad,20,1997,17.6,810,944,85.8,15702,3292,305,348,87.6,387,426,90.8,106,137,77.4,2,0.2,0.4,1.8,6,65,6,1,72,Matches,ESP-LALIGA,17-18
d9bda115,573,David Zurutuza,ESP,MF,Real Sociedad,31,1986,24.9,987,1165,84.7,16088,4090,512,580,88.3,374,427,87.6,80,104,76.9,2,1.2,1.4,0.8,11,125,11,1,118,Matches,ESP-LALIGA,17-18
