id,Unnamed: 0_level_0,Unnamed: 1_level_0,Unnamed: 2_level_0,Unnamed: 3_level_0,Unnamed: 4_level_0,Unnamed: 5_level_0,Unnamed: 6_level_0,Unnamed: 7_level_0,Performance,Performance,Performance,Performance,Performance,Performance,Performance,Performance,Performance,Performance,Performance,Performance,Performance,Aerial Duels,Aerial Duels,Aerial Duels,Unnamed: 24_level_0,Unnamed: league,Unnamed: season
,Rk,Player,Nation,Pos,Squad,Age,Born,90s,CrdY,CrdR,2CrdY,Fls,Fld,Off,Crs,Int,TklW,PKwon,PKcon,OG,Recov,Won,Lost,Won%,Matches,league,season
a7e4760c,1,Ismael Aaneba,FRA,DF,Strasbourg,19,1999,2.3,3,0,0,6,0,0,11,8,6,0,0,0,18,1,5,16.7,Matches,FRA-L1,18-19
32c2d95f,2,Yunis Abdelhamid,MAR,DF,Reims,30,1987,38.0,2,0,0,34,20,1,0,65,33,0,1,1,205,113,71,61.4,Matches,FRA-L1,18-19
a4c3f7af,3,Mehdi Abeid,ALG,MF,Dijon,25,1992,22.5,6,0,0,57,28,1,24,29,33,0,0,0,145,17,26,39.5,Matches,FRA-L1,18-19
469d3d84,4,Charles Abi,FRA,"DF,FW",Saint-Étienne,18,2000,0.4,0,0,0,2,1,0,0,0,4,0,0,0,5,2,1,66.7,Matches,FRA-L1,18-19
16714a62,5,Khaled Adénon,BEN,DF,Amiens,33,1985,22.2,7,1,1,32,20,2,0,31,22,0,0,1,107,51,58,46.8,Matches,FRA-L1,18-19
26777636,6,Yacine Adli,FRA,MF,Bordeaux,18,2000,2.4,1,0,0,4,1,0,9,2,2,0,0,0,16,2,1,66.7,Matches,FRA-L1,18-19
288e1e13,7,Nayef Aguerd,MAR,DF,Dijon,22,1996,11.7,4,1,0,19,8,0,3,14,12,0,1,0,58,41,23,64.1,Matches,FRA-L1,18-19
3dd738a1,8,Ruben Aguilar,FRA,DF,Montpellier,25,1993,28.1,8,0,0,37,40,1,115,37,51,0,1,0,185,28,32,46.7,Matches,FRA-L1,18-19
48b28bfd,9,Jean-Eudes Aholou,CIV,MF,Monaco,24,1994,11.9,2,0,0,26,17,0,5,17,11,0,0,0,79,22,25,46.8,Matches,FRA-L1,18-19
c46fa34c,10,Youssef Aït Bennasser,MAR,MF,Saint-Étienne,22,1996,10.4,0,0,0,10,10,0,4,19,13,0,0,0,74,7,10,41.2,Matches,FRA-L1,18-19
c46fa34c,11,Youssef Aït Bennasser,MAR,MF,Monaco,22,1996,11.9,2,0,0,11,11,0,2,15,16,0,0,0,119,7,10,41.2,Matches,FRA-L1,18-19
9b398aea,12,Rayan Aït-Nouri,ALG,"DF,MF",Angers,17,2001,0.6,1,0,0,1,1,0,0,0,2,0,1,0,2,0,2,0.0,Matches,FRA-L1,18-19
462475ed,13,Ludovic Ajorque,FRA,FW,Strasbourg,24,1994,17.0,5,0,0,45,16,2,5,5,13,1,0,0,32,104,60,63.4,Matches,FRA-L1,18-19
5314e067,14,Sofiane Alakouch,MAR,DF,Nîmes,20,1998,21.1,4,0,0,29,32,0,40,46,44,0,0,0,93,18,26,40.9,Matches,FRA-L1,18-19
0f4c0bad,15,Alexis Alegue,FRA,FW,Nantes,21,1996,0.1,0,0,0,0,0,0,0,0,0,0,0,0,0,0,0,,Matches,FRA-L1,18-19
8fa8f8d2,16,Rúnar Alex Rúnarsson,ISL,GK,Dijon,23,1995,25.0,0,0,0,0,4,0,0,1,0,0,0,0,33,10,0,100.0,Matches,FRA-L1,18-19
bdedd861,17,Rachid Alioui,MAR,FW,Nîmes,26,1992,13.9,1,0,0,11,11,5,19,10,5,0,0,0,40,42,67,38.5,Matches,FRA-L1,18-19
8870154f,18,Bobby Allain,FRA,GK,Dijon,26,1991,13.0,1,0,0,1,6,0,0,0,0,0,1,0,14,9,3,75.0,Matches,FRA-L1,18-19
0a63446f,19,Mickaël Alphonse,GLP,DF,Dijon,29,1989,6.3,0,0,0,9,10,0,22,9,5,0,0,0,27,14,3,82.4,Matches,FRA-L1,18-19
c9e99e49,20,Dani Alves,BRA,"MF,DF",Paris S-G,35,1983,18.0,4,0,0,43,23,4,61,8,22,0,0,1,121,11,18,37.9,Matches,FRA-L1,18-19
d7bf3d19,21,Romain Amalfitano,FRA,"MF,FW",Dijon,28,1989,28.0,3,1,0,42,29,1,25,47,33,0,0,0,154,13,35,27.1,Matches,FRA-L1,18-19
22721b88,22,Jordan Amavi,FRA,DF,Marseille,24,1994,24.2,7,2,0,46,33,1,82,46,50,0,1,0,110,71,31,69.6,Matches,FRA-L1,18-19
bcc81786,23,Kelvin Amian,FRA,DF,Toulouse,20,1998,32.0,6,0,0,38,11,3,21,36,45,0,1,0,148,47,49,49.0,Matches,FRA-L1,18-19
aeed036d,24,Yanis Ammour,FRA,MF,Montpellier,19,1999,0.0,0,0,0,1,0,0,0,0,0,0,0,0,0,0,0,,Matches,FRA-L1,18-19
ef9c1c95,25,Benjamin André,FRA,MF,Rennes,27,1990,27.7,8,1,1,59,48,5,13,54,60,1,0,0,218,141,98,59.0,Matches,FRA-L1,18-19
872cd68c,26,Yoann Andreu,FRA,DF,Angers,29,1989,0.0,0,0,0,1,0,0,0,1,0,0,0,0,0,1,0,100.0,Matches,FRA-L1,18-19
a5db0bec,27,Houssem Aouar,ALG,MF,Lyon,20,1998,34.0,2,0,0,30,53,11,7,32,38,2,0,0,218,17,33,34.0,Matches,FRA-L1,18-19
fa18c72e,28,Luiz Araújo,BRA,"FW,MF",Lille,22,1996,8.7,2,1,0,22,8,1,30,3,17,0,0,0,35,1,11,8.3,Matches,FRA-L1,18-19
2f965a72,29,Alphonse Areola,FRA,GK,Paris S-G,25,1993,21.0,1,0,0,0,1,0,0,0,1,0,0,0,27,2,1,66.7,Matches,FRA-L1,18-19
9dd5da03,30,Yoël Armougom,FRA,DF,Caen,20,1998,20.6,5,1,1,19,15,1,71,21,21,0,1,0,87,26,27,49.1,Matches,FRA-L1,18-19
6a827d8e,31,Youcef Atal,ALG,"DF,FW",Nice,22,1996,25.1,8,0,0,42,58,9,72,56,44,3,0,0,145,44,41,51.8,Matches,FRA-L1,18-19
d3ce9f1f,32,Ludovic Baal,GUF,DF,Rennes,32,1986,1.4,0,0,0,0,2,0,1,2,3,0,0,0,15,0,1,0.0,Matches,FRA-L1,18-19
06df8256,33,Benoît Badiashile,FRA,DF,Monaco,17,2001,19.6,4,0,0,13,6,0,0,21,18,1,1,1,94,36,15,70.6,Matches,FRA-L1,18-19
5046b7d4,34,Stéphane Bahoken,CMR,FW,Angers,26,1992,27.4,3,0,0,54,35,30,29,8,7,0,0,0,43,38,78,32.8,Matches,FRA-L1,18-19
f449640d,35,Fodé Ballo-Touré,SEN,DF,Lille,21,1997,17.7,3,0,0,13,29,2,26,27,35,1,1,0,89,29,24,54.7,Matches,FRA-L1,18-19
f449640d,36,Fodé Ballo-Touré,SEN,DF,Monaco,21,1997,17.7,4,0,0,17,22,1,71,28,31,0,0,1,101,29,26,52.7,Matches,FRA-L1,18-19
4e7bfc23,37,Florent Balmont,FRA,MF,Dijon,38,1980,12.0,3,0,0,21,20,0,40,6,16,0,0,0,89,1,7,12.5,Matches,FRA-L1,18-19
8ff07990,38,Mario Balotelli,ITA,FW,Nice,27,1990,8.4,5,0,0,19,15,3,1,1,0,0,0,0,16,13,16,44.8,Matches,FRA-L1,18-19
8ff07990,39,Mario Balotelli,ITA,FW,Marseille,27,1990,10.4,5,1,0,24,25,4,2,3,3,0,0,0,26,21,28,42.9,Matches,FRA-L1,18-19
7fecbcdb,40,Abdoulaye Bamba,CIV,DF,Angers,28,1990,28.6,6,0,0,21,22,2,70,37,29,0,0,0,139,22,28,44.0,Matches,FRA-L1,18-19
b2bd0f6c,41,Jonathan Bamba,CIV,"FW,MF",Lille,22,1996,33.4,4,0,0,25,65,2,56,41,19,0,0,0,194,27,36,42.9,Matches,FRA-L1,18-19
a1d04509,42,Yacine Bammou,MAR,"FW,MF",Caen,26,1991,10.3,2,0,0,9,9,3,25,9,7,0,0,0,47,20,25,44.4,Matches,FRA-L1,18-19
0557ff4f,43,Danilo Barbosa,BRA,MF,Nice,22,1996,17.2,1,1,0,18,34,0,2,15,20,0,0,0,72,18,18,50.0,Matches,FRA-L1,18-19
6a189491,44,Antonio Barreca,ITA,DF,Monaco,23,1995,6.6,0,0,0,7,7,0,19,7,8,0,0,0,29,11,12,47.8,Matches,FRA-L1,18-19
80556f08,45,Toma Bašić,CRO,MF,Bordeaux,21,1996,14.8,3,0,0,24,23,0,46,9,16,0,0,0,55,31,28,52.5,Matches,FRA-L1,18-19
65391fa7,46,Thomas Basila,FRA,DF,Nantes,19,1999,1.0,0,0,0,0,1,0,0,0,1,0,0,0,3,1,2,33.3,Matches,FRA-L1,18-19
2515040a,47,Paul Baysse,FRA,DF,Bordeaux,30,1988,0.8,1,0,0,1,0,0,0,1,0,0,0,0,4,4,1,80.0,Matches,FRA-L1,18-19
2515040a,48,Paul Baysse,FRA,DF,Caen,30,1988,19.9,3,1,1,16,12,3,3,31,14,0,2,1,81,59,42,58.4,Matches,FRA-L1,18-19
8ca253a3,49,Claudio Beauvue,GLP,"FW,MF",Caen,30,1988,16.7,1,0,0,20,28,4,33,10,11,1,0,0,51,64,77,45.4,Matches,FRA-L1,18-19
74dc806c,50,Hatem Ben Arfa,FRA,"FW,MF",Rennes,31,1987,22.6,1,0,0,18,42,4,60,4,7,1,0,0,82,5,11,31.3,Matches,FRA-L1,18-19
b7e7937d,51,Diego Benaglio,SUI,GK,Monaco,34,1983,22.9,2,0,0,1,2,0,0,0,0,0,1,0,23,5,0,100.0,Matches,FRA-L1,18-19
30395d3b,52,Nicolas Benezet,FRA,"MF,FW",Guingamp,27,1991,18.5,1,0,0,23,42,7,125,19,19,0,0,0,117,19,42,31.1,Matches,FRA-L1,18-19
8a2248b4,53,Walter Benítez,ARG,GK,Nice,25,1993,35.0,1,0,0,0,4,0,0,2,0,0,0,0,21,12,0,100.0,Matches,FRA-L1,18-19
fbf76716,54,Yassine Benrahou,FRA,"MF,FW",Bordeaux,19,1999,2.0,0,0,0,2,4,0,16,2,6,0,0,0,12,1,6,14.3,Matches,FRA-L1,18-19
378825c7,55,Ramy Bensebaini,ALG,DF,Rennes,23,1995,23.9,9,0,0,32,33,1,33,41,48,0,1,1,132,51,32,61.4,Matches,FRA-L1,18-19
6fbde63a,56,Yassine Benzia,ALG,MF,Lille,23,1994,1.8,0,0,0,3,3,0,3,1,1,0,0,0,12,1,1,50.0,Matches,FRA-L1,18-19
9001138b,57,Robert Berić,SVN,FW,Saint-Étienne,27,1991,13.1,0,0,0,32,23,4,3,4,5,0,0,0,23,31,49,38.8,Matches,FRA-L1,18-19
28dabd43,58,Paul Bernardoni,FRA,GK,Nîmes,21,1997,38.0,0,0,0,0,7,0,0,1,1,0,0,0,28,12,2,85.7,Matches,FRA-L1,18-19
433dc9a2,59,Juan Bernat,ESP,"DF,MF",Paris S-G,25,1993,20.4,6,1,0,33,20,6,41,20,32,0,0,0,87,16,25,39.0,Matches,FRA-L1,18-19
07a821e4,60,Antoine Bernede,FRA,MF,Paris S-G,19,1999,1.9,0,0,0,2,1,0,0,3,7,0,0,0,15,3,5,37.5,Matches,FRA-L1,18-19
380a15e2,61,Dimitry Bertaud,COD,GK,Montpellier,20,1998,1.0,0,0,0,0,0,0,0,0,0,0,0,0,0,1,0,100.0,Matches,FRA-L1,18-19
de40e38c,62,Giulian Biancone,FRA,DF,Monaco,18,2000,1.0,0,0,0,2,0,0,1,3,3,0,0,0,5,1,2,33.3,Matches,FRA-L1,18-19
6191093d,63,Ludovic Blas,FRA,"MF,FW",Guingamp,20,1997,26.4,5,0,0,38,35,2,20,26,38,0,0,0,158,42,76,35.6,Matches,FRA-L1,18-19
c69ef855,64,Alexis Blin,FRA,MF,Amiens,21,1996,22.1,4,0,0,30,33,1,4,33,45,0,1,0,162,48,49,49.5,Matches,FRA-L1,18-19
7d937aa1,65,Antonin Bobichon,FRA,MF,Nîmes,22,1995,23.9,2,0,0,35,11,0,49,15,16,0,0,0,128,17,38,30.9,Matches,FRA-L1,18-19
8c2c48a9,66,Yann Bodiger,FRA,MF,Toulouse,23,1995,0.1,0,0,0,0,0,0,0,0,0,0,0,0,2,0,0,,Matches,FRA-L1,18-19
f3642ba8,67,Mathieu Bodmer,FRA,"MF,FW",Amiens,35,1982,11.9,1,0,0,12,13,1,3,2,11,0,0,0,42,40,44,47.6,Matches,FRA-L1,18-19
6c8ddd52,68,Sacha Boey,FRA,DF,Rennes,17,2000,0.2,0,0,0,0,0,0,0,0,0,0,0,0,0,0,2,0.0,Matches,FRA-L1,18-19
403f5d20,69,Olivier Boscagli,FRA,DF,Nice,20,1997,9.6,1,0,0,6,22,0,32,17,12,0,0,0,63,19,18,51.4,Matches,FRA-L1,18-19
e90af77c,70,Gabriel Boschilia,BRA,"FW,MF",Nantes,22,1996,14.7,1,0,0,17,24,0,63,8,23,0,0,0,75,5,22,18.5,Matches,FRA-L1,18-19
46291841,71,John Bostock,TRI,MF,Toulouse,26,1992,10.9,1,0,0,18,14,0,17,17,14,0,0,0,50,14,10,58.3,Matches,FRA-L1,18-19
0b0cbe5b,72,Denis Bouanga,GAB,"MF,FW",Nîmes,23,1994,29.3,5,0,0,41,27,5,46,20,32,0,0,0,147,27,74,26.7,Matches,FRA-L1,18-19
249cdcff,73,Zacharie Boucher,FRA,GK,Angers,26,1992,2.0,0,0,0,0,0,0,0,0,0,0,0,0,1,2,0,100.0,Matches,FRA-L1,18-19
f3085377,74,Arnold Bouka Moutou,CGO,"DF,FW",Dijon,29,1988,0.7,0,0,0,1,1,0,0,3,1,0,0,0,7,1,0,100.0,Matches,FRA-L1,18-19
20e73fac,75,Benjamin Bourigeaud,FRA,"MF,FW",Rennes,24,1994,26.9,5,0,0,35,14,3,120,32,35,0,0,0,129,15,36,29.4,Matches,FRA-L1,18-19
e8a65bc8,76,Bilal Boutobba,FRA,"FW,MF",Montpellier,19,1998,0.4,0,0,0,1,3,0,1,0,0,0,0,0,4,0,1,0.0,Matches,FRA-L1,18-19
6e2c94ad,77,Umut Bozok,TUR,FW,Nîmes,21,1996,13.7,1,0,0,14,30,11,4,5,6,0,0,0,40,18,38,32.1,Matches,FRA-L1,18-19
0589c701,78,Pedro Brazão,POR,"MF,FW",Nice,15,2002,0.2,0,0,0,0,0,0,1,0,0,0,0,0,0,0,0,,Matches,FRA-L1,18-19
16324e1d,79,Anthony Briançon,FRA,DF,Nîmes,23,1994,32.5,9,1,0,31,24,1,3,70,27,0,3,0,159,74,60,55.2,Matches,FRA-L1,18-19
f83c8d6c,80,Jimmy Briand,FRA,FW,Bordeaux,32,1985,27.7,1,0,0,37,48,19,15,4,8,0,0,0,66,49,96,33.8,Matches,FRA-L1,18-19
e40d028b,81,Gianluigi Buffon,ITA,GK,Paris S-G,40,1978,17.0,0,0,0,0,1,0,0,0,0,0,0,0,28,1,1,50.0,Matches,FRA-L1,18-19
8746d5d0,82,Patrick Burner,MTQ,DF,Nice,22,1996,15.0,3,0,0,15,12,0,24,31,23,0,1,0,84,11,16,40.7,Matches,FRA-L1,18-19
26975a92,83,Ludovic Butelle,FRA,GK,Angers,35,1983,36.0,1,1,0,2,5,0,0,1,0,0,1,0,25,7,0,100.0,Matches,FRA-L1,18-19
148e136f,84,Rémy Cabella,FRA,"MF,FW",Saint-Étienne,28,1990,33.3,5,1,1,34,67,4,83,19,51,0,0,0,165,15,31,32.6,Matches,FRA-L1,18-19
0118c54c,85,Anthony Caci,FRA,DF,Strasbourg,21,1997,25.5,1,0,0,27,8,1,39,47,30,0,1,0,143,21,31,40.4,Matches,FRA-L1,18-19
2a657da0,86,Mathieu Cafaro,FRA,"FW,MF",Reims,21,1997,23.3,5,0,0,35,31,3,147,20,28,0,0,0,118,14,34,29.2,Matches,FRA-L1,18-19
677ee102,87,Yannick Cahuzac,FRA,"MF,DF",Toulouse,33,1985,15.9,8,1,0,24,19,0,1,24,19,0,1,0,101,32,22,59.3,Matches,FRA-L1,18-19
5ee6e943,88,Marc-Aurèle Caillard,FRA,GK,Guingamp,24,1994,21.0,0,0,0,0,5,0,0,2,0,0,0,0,9,4,0,100.0,Matches,FRA-L1,18-19
94f8d10c,89,Duje Ćaleta-Car,CRO,DF,Marseille,21,1996,17.2,1,2,0,13,6,0,1,20,16,0,0,0,84,65,26,71.4,Matches,FRA-L1,18-19
8577e60a,90,Mahdi Camara,FRA,FW,Saint-Étienne,20,1998,0.1,0,0,0,1,0,0,0,0,0,0,0,0,1,0,0,,Matches,FRA-L1,18-19
c58270f8,91,Souleymane Camara,SEN,"FW,MF",Montpellier,35,1982,1.5,0,0,0,3,6,2,3,0,0,0,0,0,7,6,11,35.3,Matches,FRA-L1,18-19
7b9c2d84,92,Eduardo Camavinga,FRA,MF,Rennes,15,2002,4.0,1,0,0,9,11,0,0,4,15,0,0,0,25,4,2,66.7,Matches,FRA-L1,18-19
79b2399c,93,Pierrick Capelle,FRA,"DF,MF",Angers,31,1987,20.5,2,0,0,32,8,1,62,38,31,0,0,0,148,30,29,50.8,Matches,FRA-L1,18-19
950ff24d,94,Yoan Cardinale,FRA,GK,Nice,24,1994,3.0,0,0,0,0,0,0,0,0,0,0,0,0,3,1,0,100.0,Matches,FRA-L1,18-19
b4a014b1,95,Diego Carlos,BRA,DF,Nantes,25,1993,35.0,8,0,0,44,26,2,5,50,34,0,1,0,209,86,69,55.5,Matches,FRA-L1,18-19
2384dbed,96,Louis Carnot,FRA,MF,Guingamp,17,2001,0.1,0,0,0,0,0,0,2,0,0,0,0,0,0,0,0,,Matches,FRA-L1,18-19
5b5724d2,97,Lionel Carole,FRA,"DF,FW",Strasbourg,27,1991,19.2,2,0,0,12,27,2,51,32,12,0,0,0,107,27,30,47.4,Matches,FRA-L1,18-19
f54d2149,98,Moreto Cassamã,GNB,MF,Reims,20,1998,0.7,0,0,0,2,0,0,0,1,3,0,0,0,4,0,0,,Matches,FRA-L1,18-19
527f063d,99,Edinson Cavani,URU,FW,Paris S-G,31,1987,18.6,1,0,0,11,16,10,5,6,8,2,0,0,42,4,12,25.0,Matches,FRA-L1,18-19
31a62dc7,100,Zeki Çelik,TUR,DF,Lille,21,1997,33.0,5,1,0,55,27,1,87,34,59,2,3,0,176,24,34,41.4,Matches,FRA-L1,18-19
5b54bf3b,101,Nacer Chadli,BEL,"MF,DF",Monaco,28,1989,7.7,1,0,0,10,8,2,34,3,5,0,0,0,29,16,7,69.6,Matches,FRA-L1,18-19
edd1466a,102,Fouad Chafik,MAR,DF,Dijon,31,1986,20.5,2,0,0,14,18,1,47,25,31,0,0,0,112,16,22,42.1,Matches,FRA-L1,18-19
7961f7aa,103,Kwon Chang-hoon,KOR,"FW,MF",Dijon,24,1994,10.4,1,0,0,8,12,4,44,8,4,0,0,0,53,16,22,42.1,Matches,FRA-L1,18-19
279ddf6a,104,Xavier Chavalerin,FRA,MF,Reims,27,1991,36.0,8,0,0,48,10,1,107,72,61,0,1,0,216,10,23,30.3,Matches,FRA-L1,18-19
4207e578,105,Pablo Chavarría,ARG,FW,Reims,30,1988,21.9,3,0,0,47,22,30,28,4,12,0,0,0,54,74,112,39.8,Matches,FRA-L1,18-19
873ce3a2,106,Pape Cheikh Diop,SEN,MF,Lyon,20,1997,5.0,3,0,0,13,7,0,0,2,0,0,0,0,20,2,8,20.0,Matches,FRA-L1,18-19
5113d9a7,107,Laurent Ciman,BEL,DF,Dijon,32,1985,8.0,3,0,0,11,5,0,0,7,6,0,0,0,45,17,14,54.8,Matches,FRA-L1,18-19
e8b5ad37,108,Till Cissokho,FRA,DF,Bordeaux,18,2000,0.9,0,0,0,1,1,0,0,2,0,0,0,0,4,3,1,75.0,Matches,FRA-L1,18-19
3010aefb,109,Marcus Coco,FRA,"FW,MF",Guingamp,22,1996,20.4,3,1,0,47,49,6,60,23,23,1,0,0,99,69,67,50.7,Matches,FRA-L1,18-19
166a981d,110,Racine Coly,SEN,"DF,MF",Nice,22,1995,5.6,2,0,0,8,6,0,10,9,2,0,0,0,39,13,15,46.4,Matches,FRA-L1,18-19
3f5b4635,111,Daniel Congré,FRA,DF,Montpellier,33,1985,36.6,5,1,0,38,29,1,6,67,45,0,0,0,159,76,57,57.1,Matches,FRA-L1,18-19
cfd8dde3,112,Benjamin Corgnet,FRA,"MF,FW",Strasbourg,31,1987,7.5,0,0,0,17,19,2,19,6,12,0,0,0,17,22,24,47.8,Matches,FRA-L1,18-19
c693347d,113,Andreas Cornelius,DEN,FW,Bordeaux,25,1993,8.8,4,0,0,39,17,8,4,1,1,0,0,0,22,74,50,59.7,Matches,FRA-L1,18-19
beb391dd,114,Maxwel Cornet,CIV,FW,Lyon,21,1996,14.2,2,0,0,8,18,9,52,5,11,0,0,0,51,19,27,41.3,Matches,FRA-L1,18-19
5d42d487,115,Quentin Cornette,FRA,"FW,MF",Amiens,24,1994,2.3,0,0,0,3,7,1,7,1,1,0,0,0,6,0,1,0.0,Matches,FRA-L1,18-19
909222de,116,Nuno da Costa,CPV,FW,Strasbourg,27,1991,22.8,3,0,0,40,42,9,15,14,27,1,0,0,56,52,67,43.7,Matches,FRA-L1,18-19
2434f24a,117,Benoît Costil,FRA,GK,Bordeaux,31,1987,37.0,0,0,0,0,2,0,0,0,0,0,0,0,33,5,3,62.5,Matches,FRA-L1,18-19
9980269a,118,Kalifa Coulibaly,MLI,FW,Nantes,26,1991,19.5,6,1,1,54,21,21,14,4,7,1,0,0,41,141,102,58.0,Matches,FRA-L1,18-19
67b7357e,119,Senou Coulibaly,MLI,DF,Dijon,23,1994,4.6,1,1,0,10,1,0,1,11,7,0,0,0,15,10,10,50.0,Matches,FRA-L1,18-19
8f325097,120,Nicolas Cozza,FRA,DF,Montpellier,19,1999,10.9,0,0,0,11,10,0,2,23,15,0,1,0,61,14,19,42.4,Matches,FRA-L1,18-19
06f33dc8,121,Enzo Crivelli,FRA,FW,Caen,23,1995,25.1,7,0,0,45,46,5,5,4,14,0,0,0,59,111,130,46.1,Matches,FRA-L1,18-19
3e092724,122,Wylan Cyprien,FRA,MF,Nice,23,1995,26.2,2,1,1,22,48,1,131,11,20,0,0,0,157,10,10,50.0,Matches,FRA-L1,18-19
1ec7e1c5,123,Damien Da Silva,FRA,DF,Rennes,30,1988,31.9,4,0,0,25,24,0,2,39,25,0,2,0,152,76,42,64.4,Matches,FRA-L1,18-19
3067cbef,124,Kouadio-Yves Dabila,CIV,DF,Lille,21,1997,8.7,2,0,0,6,3,0,0,6,6,0,1,0,56,8,12,40.0,Matches,FRA-L1,18-19
797f6070,125,Abdoulaye Dabo,FRA,FW,Nantes,17,2001,1.3,0,0,0,2,2,0,1,0,1,0,0,0,3,0,4,0.0,Matches,FRA-L1,18-19
29c02c9f,126,Colin Dagba,FRA,"DF,MF",Paris S-G,19,1998,10.2,2,0,0,19,6,1,17,9,12,0,0,0,48,2,11,15.4,Matches,FRA-L1,18-19
fd2bc67d,127,Dante,BRA,DF,Nice,34,1983,35.8,11,0,0,44,16,1,4,38,40,0,1,0,217,75,41,64.7,Matches,FRA-L1,18-19
44f8c299,128,Lucas Deaux,FRA,MF,Guingamp,29,1988,13.2,4,0,0,32,12,2,24,11,28,0,0,0,84,30,38,44.1,Matches,FRA-L1,18-19
92232aad,129,Mathieu Debuchy,FRA,DF,Saint-Étienne,33,1985,21.6,5,1,1,35,19,7,97,47,26,0,2,0,107,92,50,64.8,Matches,FRA-L1,18-19
0be95d34,130,Romain Del Castillo,FRA,"MF,FW",Rennes,22,1996,14.9,1,0,0,31,21,3,62,20,20,0,0,0,80,20,24,45.5,Matches,FRA-L1,18-19
d33c706e,131,Andy Delort,ALG,FW,Montpellier,26,1991,34.6,4,0,0,93,53,25,138,4,20,0,0,0,94,127,159,44.4,Matches,FRA-L1,18-19
e7986081,132,Moussa Dembélé,FRA,FW,Lyon,22,1996,22.4,1,0,0,35,13,17,8,2,4,3,0,0,36,50,51,49.5,Matches,FRA-L1,18-19
a6138e4a,133,Jessy Deminguet,FRA,MF,Caen,20,1998,14.1,2,0,0,22,14,0,14,18,25,0,0,0,89,12,13,48.0,Matches,FRA-L1,18-19
47af88b8,134,Jason Denayer,BEL,DF,Lyon,23,1995,30.6,2,0,0,13,9,0,2,26,21,0,1,0,161,54,45,54.5,Matches,FRA-L1,18-19
e53ab10b,135,Clément Depres,FRA,FW,Nîmes,23,1994,4.9,1,0,0,13,6,1,5,0,2,0,0,0,12,52,33,61.2,Matches,FRA-L1,18-19
19cda00b,136,Ángel Di María,ARG,"FW,MF",Paris S-G,30,1988,25.8,2,0,0,11,19,6,149,16,17,1,0,0,100,0,2,0.0,Matches,FRA-L1,18-19
244bc2c8,137,Boulaye Dia,SEN,FW,Reims,21,1996,8.3,2,0,0,9,13,2,1,4,6,1,0,0,34,20,28,41.7,Matches,FRA-L1,18-19
aeed5c06,138,Moussa Diaby,FRA,"MF,DF",Paris S-G,19,1999,12.7,1,0,0,15,6,2,30,12,8,0,0,0,69,2,9,18.2,Matches,FRA-L1,18-19
1bfb6fef,139,Bafodé Diakité,FRA,DF,Toulouse,17,2001,7.0,2,0,0,9,7,0,5,11,7,0,1,0,42,22,21,51.2,Matches,FRA-L1,18-19
26383ea5,140,Abdoulaye Diallo,SEN,GK,Rennes,26,1992,5.5,0,0,0,0,0,0,0,0,1,0,0,0,4,2,0,100.0,Matches,FRA-L1,18-19
6c6ecdd4,141,Mustapha Diallo,SEN,MF,Nîmes,32,1986,5.1,5,0,0,19,9,0,2,10,11,0,0,0,29,28,13,68.3,Matches,FRA-L1,18-19
79584585,142,Lassana Diarra,FRA,MF,Paris S-G,33,1985,1.8,0,0,0,6,3,0,0,2,1,0,0,0,13,1,2,33.3,Matches,FRA-L1,18-19
247accfd,143,Bakaye Dibassy,MLI,DF,Amiens,28,1989,32.7,5,1,0,36,15,2,50,44,26,0,1,0,181,51,59,46.4,Matches,FRA-L1,18-19
d2aa8ac0,144,Étienne Didot,FRA,MF,Guingamp,35,1983,23.4,4,0,0,42,28,3,40,37,29,0,0,0,152,23,37,38.3,Matches,FRA-L1,18-19
92b56413,145,Tristan Dingomé,CMR,MF,Reims,27,1991,14.9,5,0,0,29,12,2,11,11,15,0,0,0,64,7,16,30.4,Matches,FRA-L1,18-19
10650926,146,Ismaël Diomandé,CIV,"MF,DF",Caen,25,1992,14.4,5,1,1,27,18,1,4,10,15,0,0,0,99,14,10,58.3,Matches,FRA-L1,18-19
4be0b467,147,Lois Diony,FRA,FW,Saint-Étienne,25,1992,17.7,3,0,0,29,28,6,28,1,12,0,0,0,52,27,55,32.9,Matches,FRA-L1,18-19
19053e31,148,Sofiane Diop,FRA,"MF,FW",Monaco,18,2000,8.2,1,0,0,18,11,1,16,8,7,0,0,0,48,7,11,38.9,Matches,FRA-L1,18-19
7f622eef,149,Assane Dioussé,SEN,MF,Saint-Étienne,20,1997,2.4,0,0,0,2,3,0,0,1,4,0,0,0,30,3,3,50.0,Matches,FRA-L1,18-19
ad82197c,150,Axel Disasi,FRA,DF,Reims,20,1998,1.8,0,0,0,0,0,0,0,2,1,0,0,0,11,4,4,50.0,Matches,FRA-L1,18-19
933d3b51,151,Koffi Djidji,CIV,DF,Nantes,25,1992,1.0,0,0,0,0,0,0,0,1,1,0,0,0,3,0,0,,Matches,FRA-L1,18-19
43e7a164,152,Alexander Djiku,GHA,DF,Caen,23,1994,30.6,9,1,0,50,43,1,3,83,37,0,2,0,175,83,53,61.0,Matches,FRA-L1,18-19
083525e5,153,Papy Djilobodji,SEN,DF,Guingamp,29,1988,1.9,1,1,0,3,0,0,1,0,1,0,0,0,7,9,4,69.2,Matches,FRA-L1,18-19
ccb1c3af,154,Keagan Dolly,RSA,FW,Montpellier,25,1993,1.0,0,0,0,2,2,0,4,0,1,0,0,0,5,0,3,0.0,Matches,FRA-L1,18-19
6421dd73,155,Mathieu Dossevi,TOG,"FW,MF",Toulouse,30,1988,27.4,0,0,0,28,46,19,189,33,28,1,0,0,133,13,32,28.9,Matches,FRA-L1,18-19
6481421d,156,Moussa Doumbia,MLI,"FW,MF",Reims,23,1994,17.8,5,0,0,29,68,8,37,7,13,1,0,0,122,13,29,31.0,Matches,FRA-L1,18-19
9daeac61,157,Souleyman Doumbia,CIV,DF,Rennes,21,1996,6.7,0,0,0,7,7,1,7,4,7,0,0,0,39,11,8,57.9,Matches,FRA-L1,18-19
1a992676,158,Julian Draxler,GER,"MF,FW",Paris S-G,24,1993,22.7,6,0,0,25,14,1,36,15,22,0,0,0,140,18,12,60.0,Matches,FRA-L1,18-19
ff0ab48c,159,Leo Dubois,FRA,DF,Lyon,23,1994,22.7,2,0,0,30,15,2,88,22,22,0,0,0,127,28,24,53.8,Matches,FRA-L1,18-19
0e12089d,160,Maxime Dupé,FRA,GK,Nantes,25,1993,10.4,1,0,0,0,0,0,0,0,0,0,0,0,8,2,0,100.0,Matches,FRA-L1,18-19
f09a8b75,161,Jimmy Durmaz,SWE,"MF,FW",Toulouse,29,1989,21.1,5,0,0,27,18,1,87,11,22,0,0,0,121,9,24,27.3,Matches,FRA-L1,18-19
167d5018,162,Félix Eboa Eboa,CMR,DF,Guingamp,21,1997,27.0,5,0,0,26,17,0,12,39,33,0,1,0,117,98,51,65.8,Matches,FRA-L1,18-19
4fdf1fd9,163,Björn Engels,BEL,DF,Reims,23,1994,33.0,4,0,0,20,17,2,4,44,8,0,0,1,138,99,49,66.9,Matches,FRA-L1,18-19
5f4ce4b6,164,Lucas Evangelista,BRA,"FW,MF",Nantes,23,1995,8.0,0,0,0,19,31,0,15,9,17,0,0,0,49,23,16,59.0,Matches,FRA-L1,18-19
ae82fa48,165,Valentin Eysseric,FRA,"MF,FW",Nantes,26,1992,2.3,1,0,0,8,9,0,18,0,1,1,0,0,16,1,3,25.0,Matches,FRA-L1,18-19
bc7b4580,166,Fábio,BRA,"DF,FW",Nantes,28,1990,14.2,4,1,0,18,19,1,35,18,34,0,1,0,87,20,17,54.1,Matches,FRA-L1,18-19
33508c78,167,Cesc Fàbregas,ESP,MF,Monaco,31,1987,10.7,2,0,0,6,17,0,30,9,10,0,0,0,69,7,18,28.0,Matches,FRA-L1,18-19
745ca0a3,168,Romain Faivre,FRA,MF,Monaco,20,1998,1.0,1,0,0,3,2,0,0,1,0,0,0,0,4,1,0,100.0,Matches,FRA-L1,18-19
79135368,169,Fayçal Fajr,MAR,MF,Caen,29,1988,36.0,6,0,0,43,89,3,217,29,32,0,0,0,239,15,21,41.7,Matches,FRA-L1,18-19
66116290,170,Radamel Falcao,COL,FW,Monaco,32,1986,28.4,10,0,0,70,63,14,7,3,15,1,1,0,85,92,96,48.9,Matches,FRA-L1,18-19
bece776f,171,Nabil Fekir,FRA,MF,Lyon,25,1993,22.1,5,0,0,44,63,18,79,7,31,1,0,0,85,13,31,29.5,Matches,FRA-L1,18-19
6644712a,172,Yassin Fekir,FRA,FW,Lyon,21,1997,0.1,0,0,0,0,0,0,1,0,0,0,0,0,5,0,0,,Matches,FRA-L1,18-19
05816e19,173,Juan Ferney Otero,COL,"FW,MF",Amiens,23,1995,24.2,1,0,0,29,39,14,90,22,13,0,0,0,127,43,63,40.6,Matches,FRA-L1,18-19
375622c5,174,Jordan Ferri,FRA,MF,Nîmes,26,1992,20.8,5,0,0,40,30,2,21,15,31,0,0,0,194,21,31,40.4,Matches,FRA-L1,18-19
375622c5,175,Jordan Ferri,FRA,MF,Lyon,26,1992,1.3,0,0,0,2,2,0,6,1,3,0,0,0,13,2,3,40.0,Matches,FRA-L1,18-19
9dafff2a,176,Guessouma Fofana,MTN,MF,Amiens,25,1992,2.1,1,0,0,5,2,0,1,3,4,0,0,0,11,3,2,60.0,Matches,FRA-L1,18-19
9dafff2a,177,Guessouma Fofana,MTN,MF,Guingamp,25,1992,5.3,2,0,0,12,5,0,4,6,9,0,0,0,24,7,8,46.7,Matches,FRA-L1,18-19
132a82f1,178,Wesley Fofana,FRA,DF,Saint-Étienne,17,2000,1.8,0,0,0,2,4,0,0,4,6,0,0,0,9,3,4,42.9,Matches,FRA-L1,18-19
822d51d7,179,Youssouf Fofana,FRA,MF,Strasbourg,19,1999,10.1,0,0,0,17,9,0,6,11,20,0,0,0,65,5,7,41.7,Matches,FRA-L1,18-19
90eb507d,180,Thomas Foket,BEL,DF,Reims,23,1994,32.0,7,0,0,49,42,4,53,49,52,0,2,0,167,28,41,40.6,Matches,FRA-L1,18-19
9f90c06b,181,Thomas Fontaine,MAD,"DF,MF",Reims,27,1991,4.7,1,0,0,6,3,0,0,7,3,0,0,0,20,10,9,52.6,Matches,FRA-L1,18-19
90f87966,182,José Fonte,POR,DF,Lille,34,1983,34.6,5,1,0,29,14,0,6,37,15,0,2,0,187,117,40,74.5,Matches,FRA-L1,18-19
6ff8ef56,183,Rui Fonte,POR,"FW,MF",Lille,28,1990,7.0,1,0,0,22,4,2,2,2,12,0,0,0,23,37,29,56.1,Matches,FRA-L1,18-19
574aa9ec,184,Steven Fortes,CPV,DF,Toulouse,26,1992,1.5,0,0,0,1,1,0,0,2,1,0,0,0,2,7,2,77.8,Matches,FRA-L1,18-19
4b96c347,185,Angelo Fulgini,FRA,"MF,FW",Angers,21,1996,18.2,1,0,0,21,46,1,46,28,22,1,0,0,104,19,22,46.3,Matches,FRA-L1,18-19
9f6325f9,186,Milan Gajić,SRB,DF,Bordeaux,22,1996,1.0,0,0,0,1,1,0,3,1,1,0,0,0,2,1,3,25.0,Matches,FRA-L1,18-19
23c63b7f,187,Ignatius Ganago,CMR,FW,Nice,19,1999,11.5,1,0,0,9,12,2,3,1,1,1,0,0,25,23,21,52.3,Matches,FRA-L1,18-19
23593121,188,Ganso,BRA,"MF,FW",Amiens,28,1989,5.8,0,0,0,9,9,0,9,6,8,0,0,0,35,5,4,55.6,Matches,FRA-L1,18-19
6ed1a2a2,189,Manu García,ESP,MF,Toulouse,20,1998,20.5,2,1,1,28,46,0,7,15,26,0,0,0,101,3,14,17.6,Matches,FRA-L1,18-19
4c700f46,190,Jérémy Gélin,FRA,"DF,MF",Rennes,21,1997,14.2,3,1,0,17,8,0,0,19,16,0,0,0,82,13,22,37.1,Matches,FRA-L1,18-19
1040e783,191,Romain Genevois,HAI,DF,Caen,30,1987,4.0,0,0,0,4,0,0,4,8,6,0,0,0,16,3,5,37.5,Matches,FRA-L1,18-19
ea0ff634,192,Valère Germain,FRA,FW,Marseille,28,1990,24.1,1,0,0,22,20,5,22,6,25,0,0,0,59,98,146,40.2,Matches,FRA-L1,18-19
9836e892,193,Willem Geubbels,FRA,MF,Monaco,16,2001,0.1,0,0,0,0,0,0,0,0,0,0,0,0,1,0,0,,Matches,FRA-L1,18-19
ce84946a,194,Lamine Ghezali,FRA,"FW,MF",Saint-Étienne,19,1999,0.5,1,0,0,3,2,0,3,0,1,0,0,0,5,0,2,0.0,Matches,FRA-L1,18-19
f7b1d4e0,195,Saman Ghoddos,IRN,"FW,MF",Amiens,24,1993,20.3,4,0,0,28,43,5,107,7,17,0,0,0,87,15,25,37.5,Matches,FRA-L1,18-19
3befc2b6,196,Andrei Girotto,BRA,MF,Nantes,26,1992,16.4,6,3,2,35,23,0,4,29,40,0,0,0,86,55,40,57.9,Matches,FRA-L1,18-19
c6056d58,197,Kamil Glik,POL,DF,Monaco,30,1988,33.0,10,0,0,29,38,0,2,61,23,0,2,0,137,95,78,54.9,Matches,FRA-L1,18-19
a0434482,198,Eddy Gnahoré,FRA,MF,Amiens,24,1993,24.9,4,2,2,35,9,3,4,23,27,0,0,0,160,29,27,51.8,Matches,FRA-L1,18-19
132bb875,199,Mauro Goicoechea,URU,GK,Toulouse,30,1988,7.9,0,0,0,0,3,0,0,0,0,0,0,0,6,2,0,100.0,Matches,FRA-L1,18-19
3708e9fa,200,Aleksandr Golovin,RUS,"MF,FW",Monaco,22,1996,25.4,7,1,0,45,43,1,67,22,17,0,0,0,138,8,22,26.7,Matches,FRA-L1,18-19
c27dfb82,201,Anthony Gonçalves,FRA,"MF,FW",Strasbourg,32,1986,11.8,3,0,0,31,6,2,70,10,15,0,0,0,42,13,13,50.0,Matches,FRA-L1,18-19
4d3e9033,202,Mathieu Gorgelin,FRA,GK,Lyon,27,1990,4.0,0,0,0,0,0,0,0,0,0,0,0,0,6,3,0,100.0,Matches,FRA-L1,18-19
7c6d6c96,203,Prince-Désir Gouano,FRA,DF,Amiens,24,1993,29.1,2,0,0,32,41,0,2,46,18,0,2,1,122,66,43,60.6,Matches,FRA-L1,18-19
3acddfdd,204,Yoann Gourcuff,FRA,"MF,FW",Dijon,32,1986,1.5,0,0,0,2,3,0,6,0,0,0,0,0,8,0,0,,Matches,FRA-L1,18-19
c5a500ca,205,Max Gradel,CIV,"FW,MF",Toulouse,30,1987,36.0,6,0,0,71,94,17,146,18,35,3,0,0,178,40,77,34.2,Matches,FRA-L1,18-19
06c48679,206,Jonathan Gradit,FRA,DF,Caen,25,1992,22.3,1,0,0,21,37,1,16,45,28,0,0,1,124,33,56,37.1,Matches,FRA-L1,18-19
d2448564,207,Samuel Grandsir,FRA,"MF,FW",Strasbourg,21,1996,2.6,0,1,0,2,2,2,8,1,6,0,0,0,16,2,3,40.0,Matches,FRA-L1,18-19
d2448564,208,Samuel Grandsir,FRA,"FW,MF",Monaco,21,1996,5.2,1,1,0,11,2,2,38,1,7,0,0,0,38,3,8,27.3,Matches,FRA-L1,18-19
8b298f56,209,Clément Grenier,FRA,MF,Rennes,27,1991,29.6,6,0,0,34,25,0,120,29,27,0,1,0,196,18,18,50.0,Matches,FRA-L1,18-19
53283127,210,Jérémy Grimm,FRA,MF,Strasbourg,31,1987,1.9,2,0,0,4,3,1,0,4,2,0,1,0,5,3,3,50.0,Matches,FRA-L1,18-19
0ee664db,211,Metehan Güçlü,TUR,MF,Paris S-G,19,1999,0.2,0,0,0,1,0,0,0,0,0,0,0,0,0,0,0,,Matches,FRA-L1,18-19
92b1763b,212,Makhtar Gueye,SEN,"FW,MF",Saint-Étienne,20,1997,0.6,0,0,0,1,1,0,1,0,1,0,0,0,1,5,3,62.5,Matches,FRA-L1,18-19
5d8d7454,213,Frederic Guilbert,FRA,DF,Caen,23,1994,32.4,10,1,1,57,37,1,91,78,67,0,0,0,173,76,76,50.0,Matches,FRA-L1,18-19
9453d2f4,214,Baptiste Guillaume,BEL,FW,Nîmes,23,1995,13.1,4,0,0,24,21,3,3,2,6,1,0,0,26,84,71,54.2,Matches,FRA-L1,18-19
923f4dda,215,Serhou Guirassy,GUI,FW,Amiens,22,1996,12.3,0,1,0,16,40,7,10,4,5,0,0,0,38,91,59,60.7,Matches,FRA-L1,18-19
bc270726,216,Régis Gurtner,FRA,GK,Amiens,31,1986,38.0,4,0,0,1,6,0,0,1,1,0,1,0,55,6,0,100.0,Matches,FRA-L1,18-19
82671804,217,Luiz Gustavo,BRA,"MF,DF",Marseille,31,1987,27.1,8,0,0,37,40,2,7,34,43,0,2,0,159,16,22,42.1,Matches,FRA-L1,18-19
ec400194,218,Oussama Haddadi,TUN,DF,Dijon,26,1992,29.7,6,1,1,29,11,4,118,45,25,0,0,0,170,28,42,40.0,Matches,FRA-L1,18-19
9f29c204,219,Oualid El Hajjam,MAR,"DF,MF",Amiens,27,1991,6.0,1,0,0,10,8,0,17,12,9,0,1,0,31,12,8,60.0,Matches,FRA-L1,18-19
0b4d8274,220,Romain Hamouma,FRA,"FW,MF",Saint-Étienne,31,1987,17.6,3,1,1,24,34,4,90,9,19,0,0,0,77,25,43,36.8,Matches,FRA-L1,18-19
d880dc16,221,Féthi Harek,ALG,DF,Nîmes,35,1982,2.0,1,0,0,1,1,0,0,1,4,0,0,0,12,5,2,71.4,Matches,FRA-L1,18-19
0a89e877,222,Benjamin Henrichs,GER,"DF,MF",Monaco,21,1997,20.3,3,0,0,35,42,4,48,35,39,0,0,0,91,13,18,41.9,Matches,FRA-L1,18-19
3681cfff,223,Christophe Hérelle,MTQ,DF,Nice,25,1992,32.6,9,1,0,34,46,0,3,61,52,0,1,0,186,99,56,63.9,Matches,FRA-L1,18-19
c4bbea9f,224,Vitorino Hilton,BRA,DF,Montpellier,40,1977,35.9,5,1,0,23,45,0,4,66,13,0,1,1,246,77,48,61.6,Matches,FRA-L1,18-19
97b87472,225,Tomáš Hubočan,SVK,DF,Marseille,32,1985,0.8,1,0,0,1,0,0,0,2,2,0,0,0,3,4,0,100.0,Matches,FRA-L1,18-19
d14229f3,226,Adrien Hunou,FRA,"FW,MF",Rennes,24,1994,13.8,1,0,0,14,23,13,6,5,7,0,0,0,39,11,24,31.4,Matches,FRA-L1,18-19
7ffaf233,227,Suk Hyun-jun,KOR,FW,Reims,27,1991,8.8,3,0,0,24,16,13,12,2,8,0,0,0,11,69,57,54.8,Matches,FRA-L1,18-19
885b7aa7,228,Didier Ibrahim Ndong,GAB,MF,Guingamp,24,1994,8.3,3,0,0,17,11,0,6,15,11,0,0,0,59,14,23,37.8,Matches,FRA-L1,18-19
3767b3b7,229,Edgar Ié,GNB,DF,Lille,24,1994,2.7,1,0,0,3,0,1,2,7,4,0,1,0,24,7,4,63.6,Matches,FRA-L1,18-19
3767b3b7,230,Edgar Ié,GNB,DF,Nantes,24,1994,8.6,2,0,0,12,9,2,9,8,13,0,1,0,51,10,11,47.6,Matches,FRA-L1,18-19
8ff4872e,231,Jordan Ikoko,COD,DF,Guingamp,24,1994,19.0,3,0,0,18,21,2,41,24,24,0,1,0,100,7,22,24.1,Matches,FRA-L1,18-19
42eaa028,232,Jonathan Ikone,FRA,"MF,FW",Lille,20,1998,31.1,3,0,0,36,29,1,23,6,14,0,0,0,100,12,48,20.0,Matches,FRA-L1,18-19
3e87d087,233,Emmanuel Imorou,BEN,DF,Caen,29,1988,12.4,2,0,0,9,8,0,21,28,13,0,0,0,55,16,8,66.7,Matches,FRA-L1,18-19
a671316d,234,Wilson Isidor,FRA,FW,Monaco,17,2000,0.5,0,0,0,1,0,0,2,0,0,0,0,0,0,0,0,,Matches,FRA-L1,18-19
46d50339,235,Christophe Jallet,FRA,DF,Nice,34,1983,9.8,3,0,0,8,3,0,16,14,21,0,1,0,33,9,13,40.9,Matches,FRA-L1,18-19
22a62523,236,Nicolas Janvier,FRA,MF,Rennes,19,1998,0.0,0,0,0,0,0,0,0,0,0,0,0,0,0,0,0,,Matches,FRA-L1,18-19
dd73120f,237,Assil Jaziri,TUN,FW,Nice,18,1999,0.4,0,0,0,2,1,0,3,1,2,0,0,0,5,0,1,0.0,Matches,FRA-L1,18-19
7d9b37bf,238,Corentin Jean,FRA,"FW,MF",Toulouse,23,1995,7.0,1,0,0,8,15,5,27,2,6,1,0,0,35,13,27,32.5,Matches,FRA-L1,18-19
2e52206e,239,Benjamin Jeannot,FRA,"FW,MF",Dijon,26,1992,16.0,3,0,0,34,22,7,11,12,12,0,0,0,71,62,80,43.7,Matches,FRA-L1,18-19
7cab69b5,240,Jemerson,BRA,"DF,MF",Monaco,25,1992,24.7,9,1,1,43,20,1,0,25,38,0,1,0,110,63,35,64.3,Matches,FRA-L1,18-19
e4a26a91,241,Jakob Johansson,SWE,MF,Rennes,28,1990,7.9,0,0,0,6,7,0,1,3,9,0,0,0,60,19,8,70.4,Matches,FRA-L1,18-19
a56bd2ee,242,Karl-Johan Johnsson,SWE,GK,Guingamp,28,1990,17.0,0,0,0,0,3,0,0,0,0,0,0,0,12,7,0,100.0,Matches,FRA-L1,18-19
acde3581,243,Evens Joseph,FRA,"MF,FW",Caen,19,1999,3.8,0,0,0,4,12,0,3,2,2,1,0,0,11,2,8,20.0,Matches,FRA-L1,18-19
0eb03d5b,244,Vukašin Jovanović,SRB,DF,Bordeaux,22,1996,15.3,7,1,0,18,16,0,1,36,21,0,1,0,107,37,38,49.3,Matches,FRA-L1,18-19
f36c432f,245,Stevan Jovetić,MNE,"MF,FW",Monaco,28,1989,4.4,1,0,0,4,3,1,2,1,1,0,0,0,10,5,9,35.7,Matches,FRA-L1,18-19
39901146,246,Nathaël Julan,FRA,"FW,MF",Guingamp,22,1996,4.8,1,0,0,4,9,1,4,0,0,0,0,0,15,38,33,53.5,Matches,FRA-L1,18-19
f323d995,247,Christopher Jullien,FRA,DF,Toulouse,25,1993,33.5,8,0,0,44,18,2,0,41,24,0,1,0,149,140,49,74.1,Matches,FRA-L1,18-19
d29202c2,248,Sory Kaba,GUI,"FW,MF",Dijon,23,1995,2.6,0,0,0,12,6,3,1,0,1,0,0,0,11,21,15,58.3,Matches,FRA-L1,18-19
b8d22478,249,Samuel Kalu,NGA,FW,Bordeaux,20,1997,14.2,3,1,0,18,38,2,96,8,18,1,0,0,90,21,32,39.6,Matches,FRA-L1,18-19
81d3318f,250,François Kamano,GUI,"FW,MF",Bordeaux,22,1996,28.5,6,0,0,49,50,10,29,17,18,1,0,0,136,6,19,24.0,Matches,FRA-L1,18-19
cc77354e,251,Boubacar Kamara,FRA,DF,Marseille,18,1999,26.8,6,0,0,25,30,1,6,45,39,0,1,0,147,61,48,56.0,Matches,FRA-L1,18-19
19a12bed,252,Hassane Kamara,CIV,"DF,FW",Reims,24,1994,10.3,1,0,0,12,10,0,15,14,21,0,1,0,61,10,17,37.0,Matches,FRA-L1,18-19
b4c816a9,253,Wilfried Kanga,CIV,FW,Angers,20,1998,5.5,3,0,0,11,6,0,5,0,0,1,0,0,7,11,17,39.3,Matches,FRA-L1,18-19
8b66d9cc,254,Yann Karamoh,FRA,FW,Bordeaux,20,1998,13.6,2,0,0,11,27,4,69,6,3,0,0,0,67,0,16,0.0,Matches,FRA-L1,18-19
a4527d33,255,Eiji Kawashima,JPN,GK,Strasbourg,35,1983,1.0,0,0,0,0,0,0,0,0,0,0,0,0,1,1,0,100.0,Matches,FRA-L1,18-19
51dbeea9,256,Thilo Kehrer,GER,DF,Paris S-G,21,1996,21.1,4,0,0,26,18,0,8,31,43,0,3,0,119,52,35,59.8,Matches,FRA-L1,18-19
8c955557,257,Jules Keita,GUI,"FW,MF",Dijon,20,1998,5.1,3,0,0,12,8,4,1,2,4,0,0,0,16,2,8,20.0,Matches,FRA-L1,18-19
0515a4cb,258,Christophe Kerbrat,FRA,DF,Guingamp,31,1986,23.3,3,1,0,8,22,1,1,50,24,0,0,0,106,30,49,38.0,Matches,FRA-L1,18-19
796b1c41,259,Saîf-Eddine Khaoui,TUN,"MF,FW",Caen,23,1995,15.0,0,0,0,19,10,0,23,20,14,0,0,0,75,11,18,37.9,Matches,FRA-L1,18-19
2677a1de,260,Wahbi Khazri,TUN,"FW,MF",Saint-Étienne,27,1991,31.3,10,1,0,54,52,23,197,11,26,3,0,0,109,13,48,21.3,Matches,FRA-L1,18-19
aef6e670,261,Presnel Kimpembe,FRA,DF,Paris S-G,22,1995,22.3,4,1,0,29,41,1,7,30,34,0,0,1,132,24,26,48.0,Matches,FRA-L1,18-19
b1adaefa,262,Djégui Koita,FRA,DF,Guingamp,18,1999,1.9,0,0,0,1,1,0,0,0,6,0,0,0,10,1,6,14.3,Matches,FRA-L1,18-19
c0b3669f,263,Randal Kolo Muani,FRA,FW,Nantes,19,1998,1.4,1,0,0,8,1,0,1,0,0,0,0,0,5,2,1,66.7,Matches,FRA-L1,18-19
ab096c6f,264,Timothée Kolodziejczak,FRA,DF,Saint-Étienne,26,1991,35.4,7,0,0,31,11,0,38,53,22,0,0,0,176,44,45,49.4,Matches,FRA-L1,18-19
6b2c894b,265,Ghislain Konan,CIV,DF,Reims,22,1995,20.0,0,0,0,15,29,3,68,40,28,0,1,0,152,23,38,37.7,Matches,FRA-L1,18-19
fcbcbd94,266,Moussa Konaté,SEN,FW,Amiens,25,1993,20.8,2,0,0,44,38,24,7,5,8,1,0,0,44,51,85,37.5,Matches,FRA-L1,18-19
a46472d0,267,Lamine Koné,CIV,DF,Strasbourg,29,1989,23.9,2,0,0,22,22,0,4,33,16,0,2,0,118,55,30,64.7,Matches,FRA-L1,18-19
86574238,268,Manu Koné,FRA,MF,Toulouse,17,2001,0.8,0,0,0,1,1,0,0,0,2,0,0,0,2,0,1,0.0,Matches,FRA-L1,18-19
e6eadfb8,269,Youssouf Koné,MLI,DF,Lille,23,1995,19.0,3,0,0,18,27,2,70,39,38,0,0,0,115,13,25,34.2,Matches,FRA-L1,18-19
dc366c36,270,Tomáš Koubek,CZE,GK,Rennes,25,1992,32.5,1,0,0,0,1,0,0,0,0,0,0,0,35,5,2,71.4,Matches,FRA-L1,18-19
4d1666ff,271,Jules Koundé,FRA,DF,Bordeaux,19,1998,37.0,4,0,0,25,22,0,5,50,31,0,2,0,226,116,88,56.9,Matches,FRA-L1,18-19
77cf6852,272,Emil Krafth,SWE,DF,Amiens,23,1994,33.0,2,0,0,40,34,0,70,23,35,0,1,0,152,42,32,56.8,Matches,FRA-L1,18-19
9a506145,273,Rene Krhin,SVN,MF,Nantes,28,1990,11.7,2,0,0,6,12,0,0,21,14,0,0,0,66,34,14,70.8,Matches,FRA-L1,18-19
41e7ef1c,274,Layvin Kurzawa,FRA,"DF,MF",Paris S-G,25,1992,11.2,4,0,0,28,6,5,24,10,11,0,0,0,61,27,13,67.5,Matches,FRA-L1,18-19
3d3b0206,275,Rafał Kurzawa,POL,FW,Amiens,25,1993,2.7,0,0,0,3,6,0,18,3,3,0,0,0,14,6,4,60.0,Matches,FRA-L1,18-19
4bf69118,276,Enock Kwateng,FRA,DF,Nantes,21,1997,22.7,4,0,0,27,20,1,74,78,41,0,0,0,165,41,27,60.3,Matches,FRA-L1,18-19
397ba086,277,Grejohn Kyei,FRA,FW,Reims,22,1995,0.0,0,0,0,0,0,0,0,0,0,0,0,0,1,0,0,,Matches,FRA-L1,18-19
7cdda3bf,278,Gaëtan Laborde,FRA,FW,Bordeaux,24,1994,1.0,0,0,0,1,0,0,1,0,3,0,0,0,7,4,8,33.3,Matches,FRA-L1,18-19
7cdda3bf,279,Gaëtan Laborde,FRA,"FW,MF",Montpellier,24,1994,32.2,1,1,0,34,36,7,51,6,15,0,0,0,136,97,108,47.3,Matches,FRA-L1,18-19
770d7eb8,280,Kenny Lala,MAD,"DF,FW",Strasbourg,26,1991,34.0,4,0,0,33,37,0,202,28,45,0,2,0,227,24,36,40.0,Matches,FRA-L1,18-19
15e99107,281,Mohamed Lamine Diaby,FRA,FW,Nice,17,2001,1.8,0,0,0,4,3,3,0,2,1,0,0,0,3,3,11,21.4,Matches,FRA-L1,18-19
08082af0,282,Loïck Landre,FRA,DF,Nîmes,26,1992,17.7,6,1,0,22,16,1,1,38,21,0,1,0,78,32,38,45.7,Matches,FRA-L1,18-19
fe006f82,283,Johan Larsson,SWE,DF,Guingamp,28,1990,1.0,0,0,0,1,0,0,5,1,1,0,0,0,5,1,0,100.0,Matches,FRA-L1,18-19
542cc80f,284,Paul Lasne,FRA,"MF,DF",Montpellier,29,1989,19.9,5,0,0,30,26,4,40,22,33,0,1,0,134,22,17,56.4,Matches,FRA-L1,18-19
ae6941ec,285,Alexandre Lauray,FRA,DF,Bordeaux,21,1997,2.9,1,0,0,2,1,0,0,4,6,0,0,0,18,4,5,44.4,Matches,FRA-L1,18-19
2d22cea7,286,Armand Lauriente,FRA,MF,Rennes,19,1998,0.0,0,0,0,0,0,0,0,0,0,0,0,0,0,0,0,,Matches,FRA-L1,18-19
6e5b5a45,287,Wesley Lautoa,NCL,"DF,MF",Dijon,30,1987,33.6,12,1,1,52,37,0,0,87,55,0,1,1,208,51,62,45.1,Matches,FRA-L1,18-19
d512db65,288,Mickaël Le Bihan,FRA,FW,Nice,28,1990,2.3,2,0,0,2,3,1,0,1,1,0,0,0,8,2,5,28.6,Matches,FRA-L1,18-19
8f4d116f,289,Damien Le Tallec,FRA,MF,Montpellier,28,1990,31.2,3,0,0,54,26,1,5,59,58,0,0,0,191,79,70,53.0,Matches,FRA-L1,18-19
7cf431a5,290,James Lea Siliki,CMR,"MF,FW",Rennes,22,1996,13.6,2,0,0,25,25,0,58,10,17,0,0,0,66,3,7,30.0,Matches,FRA-L1,18-19
20730eae,291,Rafael Leão,POR,FW,Lille,19,1999,14.3,3,0,0,25,17,3,10,4,2,1,0,0,25,27,56,32.5,Matches,FRA-L1,18-19
2fa2a875,292,Benjamin Lecomte,FRA,GK,Montpellier,27,1991,37.0,1,0,0,1,6,0,0,5,0,0,1,0,43,18,2,90.0,Matches,FRA-L1,18-19
f5044e54,293,Pierre Lees-Melou,FRA,MF,Nice,25,1993,26.6,5,1,0,43,32,1,39,36,46,0,0,0,147,15,22,40.5,Matches,FRA-L1,18-19
c3e4ecbb,294,Jordan Lefort,FRA,DF,Amiens,24,1993,20.0,4,1,0,15,15,1,22,46,18,0,1,0,101,61,30,67.0,Matches,FRA-L1,18-19
1b82f8df,295,Lukas Lerager,DEN,MF,Bordeaux,25,1993,14.4,4,0,0,20,13,0,6,32,21,0,0,0,104,24,25,49.0,Matches,FRA-L1,18-19
6b9f2f3e,296,Igor Lewczuk,POL,DF,Bordeaux,33,1985,5.0,0,0,0,4,0,0,2,4,7,0,0,0,24,13,10,56.5,Matches,FRA-L1,18-19
29ef0f49,297,Aaron Leya Iseka,BEL,FW,Toulouse,20,1997,16.0,2,1,0,23,14,7,2,1,4,0,0,0,25,31,47,39.7,Matches,FRA-L1,18-19
f7691f63,298,Dimitri Liénard,FRA,"MF,DF",Strasbourg,30,1988,14.3,1,0,0,5,16,3,96,18,18,0,0,0,94,4,12,25.0,Matches,FRA-L1,18-19
0f52f925,299,Lucas Lima,BRA,"DF,FW",Nantes,26,1991,27.7,6,0,0,46,31,7,215,29,28,0,0,0,181,39,45,46.4,Matches,FRA-L1,18-19
ccee698e,300,Anthony Limbombe,BEL,FW,Nantes,24,1994,13.7,2,0,0,6,27,9,42,8,10,0,0,0,62,13,17,43.3,Matches,FRA-L1,18-19
d7553721,301,Giovani Lo Celso,ARG,MF,Paris S-G,22,1996,0.1,0,0,0,1,2,0,0,0,1,0,0,0,0,0,0,,Matches,FRA-L1,18-19
6bca20fe,302,Enzo Loiodice,FRA,MF,Dijon,17,2000,9.4,4,1,1,13,19,0,3,11,14,0,0,0,45,7,8,46.7,Matches,FRA-L1,18-19
f00de885,303,Anthony Lopes,POR,GK,Lyon,27,1990,34.0,0,0,0,1,6,0,0,2,0,0,1,0,41,5,0,100.0,Matches,FRA-L1,18-19
7c2965bb,304,Rony Lopes,POR,"FW,MF",Monaco,22,1995,20.5,1,0,0,16,28,5,146,8,22,0,0,0,84,7,21,25.0,Matches,FRA-L1,18-19
c76577a0,305,Cristian López,ESP,FW,Angers,29,1989,4.1,2,0,0,11,13,1,1,1,3,1,0,0,10,18,25,41.9,Matches,FRA-L1,18-19
20094685,306,Maxime Lopez,FRA,MF,Marseille,20,1997,24.2,4,0,0,32,14,0,67,20,24,0,0,0,145,6,13,31.6,Matches,FRA-L1,18-19
934a0957,307,Albert Lottin,FRA,"MF,FW",Bordeaux,16,2001,0.2,0,0,0,1,0,0,0,0,1,0,0,0,2,0,0,,Matches,FRA-L1,18-19
e1df6989,308,Imran Louza,MAR,MF,Nantes,19,1999,1.0,1,0,0,4,0,0,2,0,0,0,0,0,8,1,1,50.0,Matches,FRA-L1,18-19
dc709ab5,309,Hervé Lybohy,NIG,DF,Nîmes,35,1983,16.4,3,0,0,18,10,0,2,14,13,0,1,1,77,28,30,48.3,Matches,FRA-L1,18-19
d4133fa1,310,Yann M'Vila,FRA,MF,Saint-Étienne,28,1990,36.2,5,1,0,20,33,0,7,74,40,0,0,0,243,44,40,52.4,Matches,FRA-L1,18-19
67ac5bb8,311,Gabriel Magalhães,BRA,DF,Lille,20,1997,11.8,1,0,0,14,13,0,0,19,11,0,0,0,55,41,16,71.9,Matches,FRA-L1,18-19
91e58f66,312,Thiago Maia,BRA,MF,Lille,21,1997,11.3,4,0,0,18,14,0,2,23,19,0,0,0,92,14,18,43.8,Matches,FRA-L1,18-19
fcb38f57,313,Mike Maignan,FRA,GK,Lille,23,1995,38.0,1,0,0,0,10,0,0,0,0,0,0,0,44,9,0,100.0,Matches,FRA-L1,18-19
bc0bfc64,314,Josh Maja,NGA,FW,Bordeaux,19,1998,2.2,1,0,0,3,2,0,1,0,1,0,0,0,10,4,3,57.1,Matches,FRA-L1,18-19
46907171,315,Abdul Majeed Waris,GHA,"FW,MF",Nantes,26,1991,25.0,3,0,0,17,73,11,40,7,13,3,0,0,107,13,35,27.1,Matches,FRA-L1,18-19
22bfb57e,316,Jean-Victor Makengo,FRA,"MF,FW",Nice,20,1998,11.4,3,0,0,12,13,0,5,9,8,0,0,0,51,5,24,17.2,Matches,FRA-L1,18-19
171bf11d,317,Antonio Mance,CRO,FW,Nantes,22,1995,0.6,1,0,0,3,0,0,1,0,1,0,0,0,1,1,4,20.0,Matches,FRA-L1,18-19
c26a3918,318,Vincent Manceau,FRA,DF,Angers,29,1989,31.0,2,0,0,29,34,0,59,44,65,0,0,1,199,18,20,47.4,Matches,FRA-L1,18-19
1d2d5cc8,319,Steve Mandanda,FRA,GK,Marseille,33,1985,30.4,1,1,0,3,2,0,0,1,0,0,2,0,31,8,1,88.9,Matches,FRA-L1,18-19
c20bdcd7,320,Reinildo Mandava,MOZ,DF,Lille,24,1994,1.1,0,0,0,5,2,0,4,1,2,0,0,0,6,2,0,100.0,Matches,FRA-L1,18-19
c801616a,321,Thomas Mangani,FRA,MF,Angers,31,1987,17.8,2,1,0,13,10,0,83,23,27,0,1,0,121,12,30,28.6,Matches,FRA-L1,18-19
392d98fc,322,Harrison Manzala,COD,"MF,FW",Angers,24,1994,0.8,0,0,0,1,3,1,4,0,2,0,0,0,5,2,3,40.0,Matches,FRA-L1,18-19
706a60e1,323,Myziane Maolida,COM,FW,Nice,19,1999,10.6,2,0,0,5,7,3,7,1,8,0,0,0,41,9,19,32.1,Matches,FRA-L1,18-19
e54a9890,324,Faitout Maouassa,FRA,DF,Nîmes,20,1998,23.7,2,1,1,12,25,0,79,23,30,0,0,0,109,20,12,62.5,Matches,FRA-L1,18-19
9ae9eaea,325,Fernando Marçal,BRA,DF,Lyon,29,1989,9.8,2,0,0,9,9,0,9,30,16,0,0,0,72,34,26,56.7,Matches,FRA-L1,18-19
e3d0b0c4,326,Marcelo,BRA,DF,Lyon,31,1987,32.0,6,0,0,33,10,0,3,62,33,0,0,1,223,171,45,79.2,Matches,FRA-L1,18-19
5c4dc0ff,327,Mariano,DOM,FW,Lyon,24,1993,1.6,0,0,0,3,1,0,1,1,0,0,0,0,0,2,0,100.0,Matches,FRA-L1,18-19
0d2158d5,328,Jordan Marié,FRA,MF,Dijon,26,1991,20.0,4,0,0,20,14,0,20,40,28,0,0,0,123,20,29,40.8,Matches,FRA-L1,18-19
d5f2f82b,329,Marquinhos,BRA,"DF,MF",Paris S-G,24,1994,29.9,2,1,0,29,10,1,1,44,41,0,1,0,217,68,39,63.6,Matches,FRA-L1,18-19
468fdbad,330,Jonas Martin,FRA,MF,Strasbourg,28,1990,22.9,9,0,0,35,23,0,20,30,28,0,1,0,158,17,19,47.2,Matches,FRA-L1,18-19
f4319ee8,331,Marvin Martin,FRA,MF,Reims,30,1988,6.9,1,0,0,6,15,1,23,2,1,0,0,0,30,2,14,12.5,Matches,FRA-L1,18-19
1ad8cb67,332,Pablo Martinez,FRA,DF,Strasbourg,29,1989,31.3,7,0,0,30,47,0,13,52,34,1,1,0,170,66,44,60.0,Matches,FRA-L1,18-19
3ef0fa48,333,Gelson Martins,POR,"FW,MF",Monaco,23,1995,15.4,1,0,0,14,25,2,58,8,12,0,0,0,75,7,19,26.9,Matches,FRA-L1,18-19
eba1e557,334,Han-Noah Massengo,FRA,MF,Monaco,17,2001,0.7,0,0,0,0,1,0,0,2,2,0,0,0,2,1,0,100.0,Matches,FRA-L1,18-19
0e6bc38c,335,Eric Maxim Choupo-Moting,CMR,FW,Paris S-G,29,1989,8.9,0,0,0,16,6,11,7,3,4,0,0,0,29,11,19,36.7,Matches,FRA-L1,18-19
42fd9c7f,336,Kylian Mbappé,FRA,FW,Paris S-G,19,1998,26.0,5,1,0,19,44,30,25,5,4,4,0,0,44,1,7,12.5,Matches,FRA-L1,18-19
8f534f8e,337,Loïc Mbe Soh,FRA,DF,Paris S-G,17,2001,2.0,0,0,0,1,0,0,0,3,0,0,0,0,11,7,5,58.3,Matches,FRA-L1,18-19
6c9642ae,338,Nolan Mbemba,CGO,"MF,DF",Reims,23,1995,4.0,0,0,0,3,5,0,4,10,8,0,0,0,22,8,5,61.5,Matches,FRA-L1,18-19
b931d9d1,339,Adama Mbengue,SEN,DF,Caen,24,1993,8.2,3,0,0,21,8,0,28,7,32,0,1,0,70,5,11,31.3,Matches,FRA-L1,18-19
c39d9657,340,Stéphane Mbia,CMR,"DF,MF",Toulouse,32,1986,5.0,1,0,0,5,8,0,0,7,0,0,0,0,20,10,9,52.6,Matches,FRA-L1,18-19
8325870c,341,Kara Mbodji,SEN,DF,Nantes,28,1989,5.6,0,0,0,2,6,0,3,6,10,0,0,0,33,16,8,66.7,Matches,FRA-L1,18-19
4887118d,342,Jordi Mboula,ESP,"FW,MF",Monaco,19,1999,3.1,1,0,0,6,4,0,28,1,0,0,0,0,12,2,4,33.3,Matches,FRA-L1,18-19
d21e361a,343,Farid El Melali,ALG,"MF,FW",Angers,21,1997,3.6,1,0,0,6,7,0,8,5,4,0,0,0,20,1,6,14.3,Matches,FRA-L1,18-19
8f696594,344,Memphis,NED,"FW,MF",Lyon,24,1994,30.4,5,0,0,36,33,10,200,9,9,0,0,0,108,12,16,42.9,Matches,FRA-L1,18-19
6690ef25,345,Pedro Mendes,POR,DF,Montpellier,27,1990,29.6,7,0,0,45,48,0,10,48,42,1,0,0,156,34,52,39.5,Matches,FRA-L1,18-19
c6e5d20f,346,Thiago Mendes,BRA,MF,Lille,26,1992,34.2,10,0,0,39,66,0,136,68,47,0,2,0,311,24,36,40.0,Matches,FRA-L1,18-19
e68f2cb4,347,Stiven Mendoza,COL,"FW,MF",Amiens,26,1992,20.9,4,0,0,24,45,2,84,17,18,0,0,0,122,8,14,36.4,Matches,FRA-L1,18-19
e067808c,348,Alexandre Mendy,GNB,FW,Guingamp,24,1994,8.5,2,0,0,14,9,10,3,1,3,0,0,0,14,21,37,36.2,Matches,FRA-L1,18-19
33887998,349,Edouard Mendy,SEN,GK,Reims,26,1992,38.0,3,0,0,2,15,0,0,2,0,0,0,0,42,15,0,100.0,Matches,FRA-L1,18-19
3cefcaef,350,Ferland Mendy,FRA,DF,Lyon,23,1995,28.1,2,0,0,28,44,0,80,34,28,0,1,0,195,46,36,56.1,Matches,FRA-L1,18-19
49000148,351,Mehdi Merghem,FRA,"FW,MF",Guingamp,21,1997,8.0,3,0,0,11,7,0,26,9,18,0,0,0,49,8,7,53.3,Matches,FRA-L1,18-19
0fb21da9,352,Romain Métanire,MAD,DF,Reims,28,1990,3.5,1,1,0,6,5,1,1,6,9,0,1,0,22,2,4,33.3,Matches,FRA-L1,18-19
e162b013,353,Thomas Meunier,BEL,DF,Paris S-G,26,1991,17.9,2,0,0,23,4,5,51,19,33,1,0,1,103,34,18,65.4,Matches,FRA-L1,18-19
ce492295,354,Mexer,MOZ,DF,Rennes,29,1988,27.4,3,0,0,10,10,0,0,30,12,1,1,0,143,60,35,63.2,Matches,FRA-L1,18-19
9fc0f253,355,Matt Miazga,USA,DF,Nantes,23,1995,8.0,5,0,0,11,4,0,1,12,11,0,2,0,31,46,7,86.8,Matches,FRA-L1,18-19
cb9ec45d,356,Clément Michelin,FRA,DF,Toulouse,21,1997,1.0,0,0,0,1,0,0,1,3,2,0,0,0,3,2,1,66.7,Matches,FRA-L1,18-19
b66d1d8a,357,Florian Miguel,FRA,DF,Nîmes,21,1996,12.4,2,1,1,13,19,1,10,21,16,0,0,0,49,17,26,39.5,Matches,FRA-L1,18-19
c6ac6579,358,Kostas Mitroglou,GRE,FW,Marseille,30,1988,6.4,0,0,0,8,5,5,0,0,0,0,0,0,13,11,14,44.0,Matches,FRA-L1,18-19
e6777e6b,359,Stefan Mitrović,SRB,DF,Strasbourg,28,1990,33.6,8,2,0,18,9,1,0,46,16,0,0,1,125,67,45,59.8,Matches,FRA-L1,18-19
e493cff8,360,Hakim El Mokeddem,,"FW,MF",Toulouse,19,1999,0.3,0,0,0,1,0,0,1,0,1,0,0,0,1,1,2,33.3,Matches,FRA-L1,18-19
7e82a78f,361,Florent Mollet,FRA,MF,Montpellier,26,1991,28.5,6,1,1,45,33,7,201,23,20,0,0,0,168,15,33,31.3,Matches,FRA-L1,18-19
84d94b91,362,Thomas Monconduit,FRA,MF,Amiens,27,1991,31.3,6,0,0,52,40,1,11,36,47,0,0,0,172,48,36,57.1,Matches,FRA-L1,18-19
4a57580c,363,Kévin Monnet-Paquet,FRA,"DF,MF",Saint-Étienne,29,1988,16.5,4,0,0,22,10,1,26,14,25,0,1,0,99,28,65,30.1,Matches,FRA-L1,18-19
f10983ae,364,Steven Moreira,CPV,"DF,MF",Toulouse,23,1994,9.6,2,0,0,13,5,2,17,10,8,0,0,0,49,5,14,26.3,Matches,FRA-L1,18-19
e97150c0,365,Jérémy Morel,MAD,DF,Lyon,34,1984,11.8,4,0,0,13,9,0,0,18,10,0,1,0,50,23,24,48.9,Matches,FRA-L1,18-19
3eaf8817,366,Lebo Mothiba,RSA,FW,Strasbourg,22,1996,19.7,3,0,0,49,26,9,10,0,9,2,0,0,39,36,67,35.0,Matches,FRA-L1,18-19
3eaf8817,367,Lebo Mothiba,RSA,FW,Lille,22,1996,2.8,0,0,0,9,1,2,0,0,1,0,0,0,2,2,15,11.8,Matches,FRA-L1,18-19
6ca88b2a,368,François Moubandje,SUI,DF,Toulouse,28,1990,21.5,3,0,0,22,19,1,41,27,22,0,0,0,117,39,37,51.3,Matches,FRA-L1,18-19
28a65a2c,369,Jessy Moulin,FRA,GK,Saint-Étienne,32,1986,1.0,0,0,0,0,0,0,0,0,0,0,0,1,1,2,0,100.0,Matches,FRA-L1,18-19
63a10528,370,Herman Moussaki,FRA,"MF,FW",Caen,19,1999,2.3,1,0,0,4,6,0,1,0,3,0,0,0,5,4,15,21.1,Matches,FRA-L1,18-19
af0c835b,371,Samuel Moutoussamy,COD,"MF,FW",Nantes,21,1996,18.3,0,0,0,17,11,4,17,9,20,0,0,0,91,9,19,32.1,Matches,FRA-L1,18-19
176674ab,372,Ndombe Mubele,COD,FW,Toulouse,24,1994,5.2,0,0,0,6,13,2,6,2,4,0,0,0,11,4,8,33.3,Matches,FRA-L1,18-19
e50623a0,373,Kévin N'Doram,FRA,"DF,MF",Monaco,22,1996,2.2,2,0,0,8,2,0,0,5,4,0,0,0,7,6,1,85.7,Matches,FRA-L1,18-19
4749367a,374,Abdallah N'dour,SEN,DF,Strasbourg,24,1993,3.2,0,0,0,3,4,0,11,5,4,0,0,0,18,3,2,60.0,Matches,FRA-L1,18-19
f1b2365a,375,Cheikh N'Doye,SEN,MF,Angers,32,1986,25.9,4,0,0,32,25,3,12,25,15,1,0,0,140,174,69,71.6,Matches,FRA-L1,18-19
e110ea4b,376,Nathan N'Goumou,FRA,FW,Toulouse,18,2000,0.8,0,0,0,1,0,0,0,0,1,0,0,0,5,0,2,0.0,Matches,FRA-L1,18-19
77f278a0,377,Clinton N'Jie,CMR,FW,Marseille,24,1993,4.0,0,0,0,7,3,1,2,2,4,0,0,0,15,5,11,31.3,Matches,FRA-L1,18-19
76c131da,378,Georges-Kévin N'Koudou,CMR,FW,Monaco,23,1995,0.3,0,0,0,0,3,0,0,0,1,0,0,0,2,0,2,0.0,Matches,FRA-L1,18-19
61590953,379,Stanley N'Soki,FRA,DF,Paris S-G,19,1999,7.8,2,0,0,9,3,1,6,18,14,0,0,0,44,16,6,72.7,Matches,FRA-L1,18-19
03bd0bf4,380,Naldo,BRA,DF,Monaco,35,1982,3.3,0,2,0,3,0,0,0,5,3,0,0,0,12,15,8,65.2,Matches,FRA-L1,18-19
df819670,381,Aly Ndom,FRA,MF,Caen,22,1996,0.5,1,0,0,1,0,0,0,1,0,0,0,0,5,0,1,0.0,Matches,FRA-L1,18-19
df819670,382,Aly Ndom,FRA,MF,Reims,22,1996,4.0,1,0,0,8,2,0,1,3,9,0,0,0,22,10,10,50.0,Matches,FRA-L1,18-19
5cdddffa,383,Tanguy Ndombele,FRA,MF,Lyon,21,1996,29.9,3,0,0,42,72,0,6,30,43,0,1,0,189,18,12,60.0,Matches,FRA-L1,18-19
69384e5d,384,Neymar,BRA,"MF,FW",Paris S-G,26,1992,16.0,2,0,0,12,58,7,56,5,9,2,0,0,59,8,3,72.7,Matches,FRA-L1,18-19
813aae2f,385,Yeni Ngbakoto,COD,"MF,FW",Guingamp,26,1992,6.3,0,0,0,11,8,1,44,4,4,0,0,0,23,12,13,48.0,Matches,FRA-L1,18-19
2054d037,386,M'Baye Niang,SEN,"FW,MF",Rennes,23,1994,19.9,5,0,0,44,46,11,24,8,10,2,0,0,80,53,44,54.6,Matches,FRA-L1,18-19
91f2da4c,387,Casimir Ninga,CHA,"FW,MF",Caen,25,1993,27.4,9,0,0,64,35,16,52,22,30,0,0,0,146,30,68,30.6,Matches,FRA-L1,18-19
7c56da38,388,Christopher Nkunku,FRA,"MF,FW",Paris S-G,20,1997,12.8,0,0,0,21,30,0,15,9,16,0,0,0,56,11,15,42.3,Matches,FRA-L1,18-19
7b9a9e25,389,Arnaud Nordin,FRA,"FW,MF",Saint-Étienne,20,1998,11.7,2,0,0,13,35,1,31,5,12,0,0,0,50,11,16,40.7,Matches,FRA-L1,18-19
6043997c,390,Gerzino Nyamsi,FRA,DF,Rennes,21,1997,6.0,1,1,1,12,2,0,0,4,3,0,0,0,21,21,10,67.7,Matches,FRA-L1,18-19
a08b974a,391,Lucas Ocampos,ARG,"FW,MF",Marseille,24,1994,30.1,11,0,0,51,64,6,70,29,54,0,0,0,185,39,56,41.1,Matches,FRA-L1,18-19
7b9a86e6,392,Sheyi Ojo,ENG,"FW,MF",Reims,21,1997,5.2,0,0,0,3,10,0,21,3,6,0,0,0,14,4,16,20.0,Matches,FRA-L1,18-19
c977ef13,393,Alexandre Olliero,FRA,GK,Nantes,22,1996,1.0,0,0,0,0,0,0,0,0,0,0,0,0,2,1,0,100.0,Matches,FRA-L1,18-19
9e27e5de,394,Prince Oniangué,CGO,MF,Caen,29,1988,26.0,3,0,0,26,27,0,6,29,33,0,0,0,117,48,45,51.6,Matches,FRA-L1,18-19
243f4a0b,395,Otávio,BRA,MF,Bordeaux,24,1994,31.9,4,0,0,56,24,0,5,43,74,0,0,0,248,23,37,38.3,Matches,FRA-L1,18-19
ea02beaf,396,Remi Oudin,FRA,"FW,MF",Reims,21,1996,29.0,4,0,0,33,16,6,57,42,32,0,0,0,143,28,59,32.2,Matches,FRA-L1,18-19
e3e05edf,397,Ambroise Oyongo,CMR,DF,Montpellier,27,1991,23.7,5,0,0,23,24,0,65,38,21,0,0,1,108,13,34,27.7,Matches,FRA-L1,18-19
29d8ad3f,398,Pablo,BRA,DF,Bordeaux,27,1991,21.5,2,3,0,17,12,1,0,32,15,0,2,0,159,71,29,71.0,Matches,FRA-L1,18-19
f86ca403,399,Vincent Pajot,FRA,MF,Angers,27,1990,7.9,2,0,0,19,12,1,0,8,14,0,0,0,30,28,19,59.6,Matches,FRA-L1,18-19
19f8e480,400,Sergi Palencia,ESP,DF,Bordeaux,22,1996,22.1,6,0,0,28,26,1,75,17,50,0,1,0,133,19,41,31.7,Matches,FRA-L1,18-19
779847d6,401,Nicolas Pallois,FRA,DF,Nantes,30,1987,24.0,8,0,0,24,12,2,5,34,48,0,2,0,189,47,42,52.8,Matches,FRA-L1,18-19
d8fc044e,402,Mickaël Panos,FRA,DF,Saint-Étienne,21,1997,0.3,0,0,0,0,0,0,0,1,0,0,0,0,2,0,1,0.0,Matches,FRA-L1,18-19
51450467,403,Elhadji Pape Diaw,SEN,DF,Angers,23,1994,0.2,0,0,0,0,0,0,0,1,0,0,0,0,0,1,1,50.0,Matches,FRA-L1,18-19
475583ff,404,Gaëtan Paquiez,FRA,DF,Nîmes,24,1994,14.8,5,0,0,18,11,0,13,22,29,0,0,0,77,18,18,50.0,Matches,FRA-L1,18-19
dff153a4,405,Leandro Paredes,ARG,MF,Paris S-G,24,1994,13.9,1,0,0,14,23,0,40,14,19,0,0,0,99,10,8,55.6,Matches,FRA-L1,18-19
450e277f,406,Mateo Pavlović,BIH,DF,Angers,28,1990,27.7,7,1,0,28,8,0,0,20,18,0,0,0,95,60,42,58.8,Matches,FRA-L1,18-19
58ae47b2,407,Dimitri Payet,FRA,"MF,FW",Marseille,31,1987,21.2,3,0,0,13,33,0,213,8,9,1,0,0,72,4,10,28.6,Matches,FRA-L1,18-19
2f8f43f3,408,Stef Peeters,BEL,MF,Caen,26,1992,4.5,0,0,0,9,1,0,11,6,8,0,0,0,27,2,0,100.0,Matches,FRA-L1,18-19
b684a484,409,Jordan Pefok,USA,FW,Rennes,22,1996,6.8,0,0,0,13,7,2,1,4,2,1,0,0,23,19,18,51.4,Matches,FRA-L1,18-19
743fdcd3,410,Pelé,GNB,MF,Monaco,26,1991,5.2,1,0,0,9,7,0,1,3,7,1,0,0,30,7,5,58.3,Matches,FRA-L1,18-19
76806215,411,Yohann Pelé,FRA,GK,Marseille,35,1982,7.6,0,0,0,0,1,0,0,0,0,0,0,0,10,3,0,100.0,Matches,FRA-L1,18-19
09f24df6,412,Maxime Pélican,FRA,"FW,MF",Nice,20,1998,1.0,0,0,0,2,0,0,1,0,1,0,0,0,3,0,8,0.0,Matches,FRA-L1,18-19
a44d3a3c,413,Pietro Pellegri,ITA,"FW,MF",Monaco,17,2001,0.9,1,0,0,4,2,0,0,0,1,0,0,0,2,1,5,16.7,Matches,FRA-L1,18-19
97fb4608,414,Théo Pellenard,FRA,DF,Angers,24,1994,5.5,0,0,0,11,1,0,18,5,6,0,0,0,27,10,3,76.9,Matches,FRA-L1,18-19
f18d7ab2,415,Andy Pelmard,FRA,DF,Nice,18,2000,3.1,0,0,0,3,2,0,1,3,5,0,0,0,20,4,4,50.0,Matches,FRA-L1,18-19
57e3f0c7,416,Nicolas Pépé,CIV,"FW,MF",Lille,23,1995,36.9,1,0,0,24,108,11,74,13,10,5,0,0,137,42,37,53.2,Matches,FRA-L1,18-19
6b200d45,417,Loïc Perrin,FRA,DF,Saint-Étienne,32,1985,30.0,2,0,0,26,20,0,5,44,36,0,3,0,139,91,47,65.9,Matches,FRA-L1,18-19
42c8ede1,418,Matthias Phaeton,GLP,"FW,MF",Guingamp,18,2000,0.6,0,0,0,1,2,0,0,0,1,0,0,0,2,0,5,0.0,Matches,FRA-L1,18-19
b6dac747,419,Lebogang Phiri,RSA,MF,Guingamp,23,1994,21.4,3,0,0,26,14,0,8,29,38,1,0,0,136,12,16,42.9,Matches,FRA-L1,18-19
a634b9d2,420,Jérémy Pied,FRA,DF,Lille,29,1989,5.2,0,0,0,7,5,1,17,5,8,0,0,0,29,8,15,34.8,Matches,FRA-L1,18-19
64ba07c0,421,Ronaël Pierre-Gabriel,FRA,DF,Monaco,20,1998,3.9,1,0,0,4,6,0,1,3,8,0,0,0,9,6,6,50.0,Matches,FRA-L1,18-19
1ef37668,422,Erik Pieters,NED,DF,Amiens,29,1988,14.0,2,0,0,17,23,0,44,17,28,0,0,0,62,21,21,50.0,Matches,FRA-L1,18-19
43af5b1b,423,Virgile Pinson,FRA,MF,Reims,22,1996,0.1,0,0,0,0,0,0,0,0,0,0,0,0,0,0,0,,Matches,FRA-L1,18-19
6453830e,424,Lenny Pintor,FRA,FW,Lyon,17,2000,0.0,0,0,0,0,0,0,0,0,0,0,0,0,0,0,0,,Matches,FRA-L1,18-19
fca455cc,425,Facundo Píriz,URU,"MF,FW",Montpellier,28,1990,1.3,0,0,0,2,0,0,0,0,6,0,0,0,8,6,6,50.0,Matches,FRA-L1,18-19
516dc25b,426,Jaroslav Plašil,CZE,MF,Bordeaux,36,1982,16.0,2,0,0,18,25,0,27,19,26,0,0,0,103,27,29,48.2,Matches,FRA-L1,18-19
7add56e1,427,Morgan Poaty,CGO,MF,Montpellier,21,1997,1.0,0,0,0,0,3,0,7,0,1,0,0,0,6,1,0,100.0,Matches,FRA-L1,18-19
854a2041,428,Denis-Will Poha,FRA,MF,Rennes,21,1997,0.3,0,0,0,1,0,0,1,1,0,0,0,0,1,0,0,,Matches,FRA-L1,18-19
2ef637bd,429,Pierre-Yves Polomat,FRA,DF,Saint-Étienne,24,1993,10.6,2,0,0,12,6,1,35,21,13,0,0,0,56,16,15,51.6,Matches,FRA-L1,18-19
b92edde2,430,Maxime Poundjé,FRA,DF,Bordeaux,25,1992,28.2,4,0,0,24,21,1,107,29,35,0,0,0,118,40,39,50.6,Matches,FRA-L1,18-19
c252c705,431,Gaëtan Poussin,FRA,GK,Bordeaux,19,1999,1.0,0,0,0,0,1,0,0,0,0,0,0,0,1,1,0,100.0,Matches,FRA-L1,18-19
51c30111,432,Sanjin Prcić,BIH,MF,Strasbourg,24,1993,11.7,1,0,0,11,4,0,45,18,14,0,0,0,75,11,8,57.9,Matches,FRA-L1,18-19
b0547a87,433,Nicolas de Préville,FRA,"FW,MF",Bordeaux,27,1991,14.1,5,0,0,42,35,4,74,10,19,0,1,0,72,30,37,44.8,Matches,FRA-L1,18-19
8794e251,434,Adrien Rabiot,FRA,MF,Paris S-G,23,1995,11.8,3,0,0,23,8,0,6,10,20,0,0,1,97,20,10,66.7,Matches,FRA-L1,18-19
0630eb63,435,Nemanja Radonjić,SRB,"FW,MF",Marseille,22,1996,7.6,2,0,0,6,3,4,12,5,5,0,1,0,29,3,10,23.1,Matches,FRA-L1,18-19
9a1f2e1c,436,Rafael,BRA,DF,Lyon,28,1990,11.4,4,1,0,22,19,2,47,15,19,0,0,1,72,17,15,53.1,Matches,FRA-L1,18-19
bd4f5f94,437,Andrea Raggi,ITA,DF,Monaco,34,1984,5.5,1,1,0,1,6,1,7,7,5,0,0,0,18,4,5,44.4,Matches,FRA-L1,18-19
e4086af3,438,Baba Rahman,GHA,DF,Reims,24,1994,10.7,3,0,0,15,13,0,13,16,20,0,0,0,58,21,25,45.7,Matches,FRA-L1,18-19
8dbff17c,439,Adil Rami,FRA,DF,Marseille,32,1985,15.7,2,0,0,17,10,2,2,18,9,0,3,0,97,59,19,75.6,Matches,FRA-L1,18-19
276cce2e,440,Pedro Rebocho,POR,DF,Guingamp,23,1995,36.0,4,0,0,18,34,1,249,40,35,0,1,0,229,44,37,54.3,Matches,FRA-L1,18-19
d504b3e1,441,Jeff Reine-Adélaïde,FRA,"FW,MF",Angers,20,1998,28.4,2,0,0,31,68,3,19,19,22,1,0,0,148,17,27,38.6,Matches,FRA-L1,18-19
5c2da10f,442,Loïc Rémy,FRA,FW,Lille,31,1987,13.4,3,0,0,18,10,10,2,2,1,1,0,0,18,36,47,43.4,Matches,FRA-L1,18-19
bcf1b2e9,443,Baptiste Reynet,FRA,GK,Toulouse,27,1990,30.0,0,1,0,1,8,0,0,1,0,0,0,1,28,9,2,81.8,Matches,FRA-L1,18-19
7a137df4,444,Kévin Rimane,GUF,MF,Paris S-G,27,1991,0.1,0,0,0,0,0,0,0,0,0,0,0,0,1,0,1,0.0,Matches,FRA-L1,18-19
beae3a73,445,Renaud Ripart,FRA,"FW,DF",Nîmes,25,1993,33.4,2,0,0,37,69,7,77,27,49,0,0,0,150,95,140,40.4,Matches,FRA-L1,18-19
ea0aa7e0,446,Mihailo Ristić,SRB,"DF,MF",Montpellier,22,1995,3.6,0,0,0,3,5,0,12,9,9,0,0,0,17,4,5,44.4,Matches,FRA-L1,18-19
aa21406e,447,Christopher Rocchia,FRA,DF,Marseille,20,1998,0.0,0,0,0,0,0,0,1,0,0,0,0,0,0,0,0,,Matches,FRA-L1,18-19
86df8ac0,448,Kenny Rocha Santos,CPV,MF,Saint-Étienne,18,2000,0.0,0,0,0,0,0,0,0,0,0,0,0,0,0,0,0,,Matches,FRA-L1,18-19
1f8c7aa9,449,Ronny Rodelin,FRA,"MF,FW",Guingamp,28,1989,8.8,0,0,0,10,9,3,8,8,5,0,0,0,28,47,28,62.7,Matches,FRA-L1,18-19
0eeafda5,450,Rolando,POR,DF,Marseille,32,1985,8.9,2,0,0,8,2,0,0,11,7,0,0,0,44,19,18,51.4,Matches,FRA-L1,18-19
0aa874f4,451,Alaixys Romao,TOG,MF,Reims,34,1984,35.1,8,1,0,89,81,0,6,58,71,0,0,0,243,61,55,52.6,Matches,FRA-L1,18-19
ed45c4a5,452,Valentin Rongier,FRA,MF,Nantes,23,1994,35.8,3,0,0,44,29,3,104,33,54,0,0,0,243,35,46,43.2,Matches,FRA-L1,18-19
9b6d9b53,453,Valentin Rosier,FRA,"DF,MF",Dijon,21,1996,16.2,2,0,0,36,19,2,27,32,25,0,0,0,116,18,14,56.3,Matches,FRA-L1,18-19
3071a619,454,Nolan Roux,FRA,FW,Guingamp,30,1988,17.1,2,0,0,25,37,6,9,4,9,0,0,0,49,47,65,42.0,Matches,FRA-L1,18-19
cac76a72,455,Stéphane Ruffier,FRA,GK,Saint-Étienne,31,1986,37.0,1,0,0,2,1,0,0,0,2,0,1,0,49,18,0,100.0,Matches,FRA-L1,18-19
17f29fb0,456,Idriss Saadi,ALG,"FW,MF",Strasbourg,26,1992,0.1,0,0,0,0,0,1,0,0,0,0,0,0,0,0,0,,Matches,FRA-L1,18-19
fbbb9269,457,Youssouf Sabaly,SEN,DF,Bordeaux,25,1993,21.2,3,0,0,32,29,3,53,26,32,0,0,0,156,18,30,37.5,Matches,FRA-L1,18-19
68a87d66,458,Ihsan Sacko,FRA,FW,Nice,21,1997,4.9,0,1,0,12,6,4,6,2,2,1,0,0,17,4,15,21.1,Matches,FRA-L1,18-19
90fcf472,459,Wesley Saïd,FRA,"FW,MF",Dijon,23,1995,25.0,4,0,0,49,13,7,35,9,18,0,0,0,84,19,33,36.5,Matches,FRA-L1,18-19
2b16cb1a,460,Allan Saint-Maximin,FRA,FW,Nice,21,1997,32.2,2,0,0,12,68,8,82,4,6,2,0,0,105,30,31,49.2,Matches,FRA-L1,18-19
93c942fb,461,Théo Sainte-Luce,FRA,MF,Nîmes,19,1998,0.0,0,0,0,0,0,0,0,0,0,0,0,0,0,0,0,,Matches,FRA-L1,18-19
d63e2912,462,Hiroki Sakai,JPN,DF,Marseille,28,1990,26.4,3,0,0,32,25,1,34,37,41,0,1,0,113,82,34,70.7,Matches,FRA-L1,18-19
57c433c8,463,Diafra Sakho,SEN,FW,Rennes,28,1989,1.6,0,0,0,0,1,2,1,0,1,0,0,0,6,5,2,71.4,Matches,FRA-L1,18-19
5d59e0df,464,Emiliano Sala,ARG,FW,Nantes,27,1990,15.2,0,0,0,16,34,13,4,2,5,1,0,0,41,42,61,40.8,Matches,FRA-L1,18-19
972aeb2a,465,William Saliba,FRA,DF,Saint-Étienne,17,2001,14.2,1,0,0,9,11,0,0,28,20,0,2,0,88,28,19,59.6,Matches,FRA-L1,18-19
bb4a42be,466,Yannis Salibur,FRA,"FW,MF",Saint-Étienne,27,1991,9.8,2,1,1,21,31,6,55,8,5,1,0,0,44,9,17,34.6,Matches,FRA-L1,18-19
bb4a42be,467,Yannis Salibur,FRA,MF,Guingamp,27,1991,0.2,0,0,0,0,0,0,1,0,0,0,0,0,0,0,0,,Matches,FRA-L1,18-19
60d90c55,468,Brice Samba,FRA,GK,Caen,24,1994,38.0,1,0,0,0,2,0,0,1,0,0,0,0,36,9,0,100.0,Matches,FRA-L1,18-19
24eb7ed6,469,Junior Sambia,FRA,"MF,FW",Montpellier,21,1996,10.3,3,0,0,19,24,4,58,5,7,0,0,0,51,12,17,41.4,Matches,FRA-L1,18-19
8802c1d5,470,Frédéric Sammaritano,FRA,"FW,MF",Dijon,32,1986,6.0,3,1,1,14,5,1,23,8,5,0,0,0,30,0,12,0.0,Matches,FRA-L1,18-19
bced0375,471,Ibrahim Sangaré,CIV,MF,Toulouse,20,1997,27.4,7,0,0,51,39,2,11,29,66,0,0,0,251,39,29,57.4,Matches,FRA-L1,18-19
c650629d,472,Younousse Sankharé,SEN,MF,Bordeaux,28,1989,16.4,6,0,0,36,35,5,1,9,12,1,0,0,95,16,17,48.5,Matches,FRA-L1,18-19
a8b4a643,473,Baissama Sankoh,GUI,"MF,FW",Caen,26,1992,7.2,2,1,0,9,11,0,5,5,1,0,0,0,37,11,15,42.3,Matches,FRA-L1,18-19
11ced928,474,Yaya Sanogo,FRA,FW,Toulouse,25,1993,13.8,3,0,0,41,27,5,2,3,2,2,1,0,41,63,59,51.6,Matches,FRA-L1,18-19
6e7f1353,475,Morgan Sanson,FRA,MF,Marseille,23,1994,26.7,9,0,0,52,50,1,49,42,47,0,0,0,198,23,40,36.5,Matches,FRA-L1,18-19
5e22e2a4,476,Baptiste Santamaria,FRA,MF,Angers,23,1995,36.1,2,0,0,50,50,1,11,57,60,0,0,0,240,37,39,48.7,Matches,FRA-L1,18-19
1a4b9094,477,Bouna Sarr,SEN,"DF,MF",Marseille,26,1992,24.9,3,1,1,37,32,3,107,39,48,0,0,0,150,35,26,57.4,Matches,FRA-L1,18-19
bfdb33aa,478,Ismaila Sarr,SEN,"FW,MF",Rennes,20,1998,31.0,6,0,0,36,98,10,46,14,24,3,0,0,134,21,37,36.2,Matches,FRA-L1,18-19
4315f30d,479,Malang Sarr,FRA,DF,Nice,19,1999,33.3,1,0,0,31,30,0,10,68,36,0,1,1,194,53,33,61.6,Matches,FRA-L1,18-19
6bde367b,480,Téji Savanier,FRA,MF,Nîmes,26,1991,31.8,6,1,0,51,96,0,256,64,58,0,0,0,325,44,46,48.9,Matches,FRA-L1,18-19
b2459674,481,Stanley Segarel,SMN,FW,Amiens,24,1994,0.2,0,0,0,1,0,0,0,0,0,0,0,0,0,1,1,50.0,Matches,FRA-L1,18-19
4db2157a,482,Ole Selnæs,NOR,MF,Saint-Étienne,24,1994,18.5,6,0,0,30,11,1,24,19,26,0,0,0,130,23,28,45.1,Matches,FRA-L1,18-19
834b5c4c,483,Matz Sels,BEL,GK,Strasbourg,26,1992,37.0,2,0,0,1,6,0,0,1,0,0,0,0,27,15,0,100.0,Matches,FRA-L1,18-19
7fb301af,484,Julien Serrano,FRA,"MF,DF",Monaco,20,1998,1.3,1,0,0,2,1,1,2,3,4,0,0,0,6,1,1,50.0,Matches,FRA-L1,18-19
c4527123,485,Grégory Sertic,FRA,MF,Marseille,28,1989,1.2,1,0,0,3,0,0,1,1,0,0,0,0,9,3,0,100.0,Matches,FRA-L1,18-19
8b28686a,486,Gen Shoji,JPN,DF,Toulouse,25,1992,18.0,2,0,0,9,8,0,0,21,13,0,0,0,110,21,22,48.8,Matches,FRA-L1,18-19
4c5b714f,487,Djibril Sidibé,FRA,"DF,MF",Monaco,26,1992,23.1,5,0,0,38,30,9,81,30,34,0,2,0,140,30,26,53.6,Matches,FRA-L1,18-19
ea540835,488,Kalidou Sidibé,FRA,MF,Toulouse,19,1999,14.0,8,0,0,39,14,0,0,17,12,0,0,0,94,64,31,67.4,Matches,FRA-L1,18-19
d6f88a1d,489,Adrien Silva,POR,MF,Monaco,29,1989,13.2,6,0,0,22,17,0,6,16,31,0,0,0,118,21,15,58.3,Matches,FRA-L1,18-19
4914ed4a,490,Gabriel Silva,BRA,DF,Saint-Étienne,27,1991,15.9,1,0,0,18,30,2,34,14,10,0,0,0,69,30,29,50.8,Matches,FRA-L1,18-19
86e7deaf,491,Thiago Silva,BRA,DF,Paris S-G,33,1984,23.1,4,0,0,20,25,1,1,32,13,0,2,0,156,48,22,68.6,Matches,FRA-L1,18-19
0fe7f7bc,492,Giovanni Sio,CIV,FW,Montpellier,29,1989,0.7,0,0,0,2,2,1,2,0,0,0,0,0,2,3,4,42.9,Matches,FRA-L1,18-19
0f8418aa,493,Ibrahima Sissoko,MLI,MF,Strasbourg,20,1997,29.6,9,0,0,73,27,0,17,34,41,0,0,0,187,59,48,55.1,Matches,FRA-L1,18-19
c2211709,494,Ellyes Skhiri,TUN,MF,Montpellier,23,1995,34.3,5,0,0,40,34,0,6,60,58,0,0,0,235,40,30,57.1,Matches,FRA-L1,18-19
d9a66c60,495,Petar Škuletić,SRB,FW,Montpellier,28,1990,6.7,0,0,0,16,7,4,3,3,5,1,0,0,21,47,27,63.5,Matches,FRA-L1,18-19
2e0367a6,496,Naïm Sliti,TUN,"MF,FW",Dijon,26,1992,25.4,2,0,0,31,69,9,139,11,33,1,0,0,120,8,31,20.5,Matches,FRA-L1,18-19
0670ee51,497,Oumar Solet,FRA,DF,Lyon,18,2000,0.7,1,0,0,2,0,0,0,0,0,0,0,0,4,1,0,100.0,Matches,FRA-L1,18-19
7768df30,498,Jérémy Sorbon,FRA,DF,Guingamp,34,1983,29.4,2,0,0,26,27,1,1,34,20,0,0,0,162,55,54,50.5,Matches,FRA-L1,18-19
7b075c75,499,Adama Soumaoro,FRA,DF,Lille,26,1992,19.1,6,1,1,26,20,0,0,21,11,0,0,0,119,39,26,60.0,Matches,FRA-L1,18-19
ae59b359,500,Boubakary Soumaré,FRA,MF,Lille,19,1999,6.3,2,0,0,6,7,0,0,7,15,0,0,0,42,6,9,40.0,Matches,FRA-L1,18-19
84549a07,501,Bassem Srarfi,TUN,"FW,MF",Nice,21,1997,9.1,2,0,0,14,21,4,20,5,11,0,0,0,43,8,12,40.0,Matches,FRA-L1,18-19
6fb7edd3,502,Timo Stavitski,FIN,"MF,FW",Caen,19,1999,0.2,0,0,0,0,0,0,0,0,0,0,0,0,0,0,0,,Matches,FRA-L1,18-19
ef2e5e1a,503,Kevin Strootman,NED,MF,Marseille,28,1990,21.6,7,0,0,35,9,2,24,24,40,0,1,0,124,40,39,50.6,Matches,FRA-L1,18-19
0c291a1a,504,Mathías Suárez,URU,DF,Montpellier,22,1996,6.1,2,0,0,14,16,1,16,9,11,0,0,0,24,9,6,60.0,Matches,FRA-L1,18-19
f6db3bd5,505,Danijel Subašić,CRO,GK,Monaco,33,1984,12.6,1,0,0,1,2,0,0,0,0,0,0,0,5,4,0,100.0,Matches,FRA-L1,18-19
821233cc,506,Neven Subotić,SRB,DF,Saint-Étienne,29,1988,23.9,2,1,0,12,4,0,3,38,23,0,0,0,114,41,18,69.5,Matches,FRA-L1,18-19
62a54183,507,Sanasi Sy,FRA,MF,Amiens,19,1999,0.0,0,0,0,0,0,0,0,0,0,0,0,0,0,0,0,,Matches,FRA-L1,18-19
8417953b,508,Seydou Sy,SEN,GK,Monaco,22,1995,2.5,0,0,0,0,0,0,0,0,0,0,0,0,2,0,0,,Matches,FRA-L1,18-19
b99bec05,509,Issiaga Sylla,GUI,"DF,MF",Toulouse,24,1994,22.2,5,0,0,35,15,3,48,39,36,0,0,0,137,58,45,56.3,Matches,FRA-L1,18-19
d8b97bb3,510,Moussa Sylla,MLI,"FW,MF",Monaco,18,1999,8.5,1,0,0,8,13,1,8,2,4,1,0,0,22,16,35,31.4,Matches,FRA-L1,18-19
ff3a6a60,511,Eddy Sylvestre,FRA,"FW,MF",Nice,18,1999,3.0,0,0,0,4,6,0,1,0,2,0,0,0,16,0,2,0.0,Matches,FRA-L1,18-19
15e1afd5,512,Franck Tabanou,FRA,DF,Guingamp,29,1989,2.0,0,0,0,3,2,0,0,6,3,0,1,0,9,5,8,38.5,Matches,FRA-L1,18-19
a0f9b535,513,Flavien Tait,FRA,"MF,FW",Angers,25,1993,33.2,2,0,0,34,69,4,199,28,35,2,0,0,189,12,18,40.0,Matches,FRA-L1,18-19
8da74c05,514,Adrien Tameze,CMR,MF,Nice,24,1994,32.7,7,0,0,45,36,0,5,56,44,0,1,0,182,32,39,45.1,Matches,FRA-L1,18-19
b056e3da,515,Ciprian Tătărușanu,ROU,GK,Nantes,32,1986,26.6,0,0,0,0,2,0,0,2,0,0,0,0,43,5,2,71.4,Matches,FRA-L1,18-19
d520120b,516,Júlio Tavares,CPV,FW,Dijon,29,1988,31.2,4,0,0,44,42,14,14,13,9,0,0,0,59,231,225,50.7,Matches,FRA-L1,18-19
ed0c3318,517,Malik Tchokounté,FRA,"FW,MF",Caen,29,1988,16.4,3,0,0,48,30,11,5,6,13,1,0,0,52,89,82,52.0,Matches,FRA-L1,18-19
4f255115,518,Aurélien Tchouaméni,FRA,MF,Bordeaux,18,2000,7.8,3,0,0,19,8,1,1,21,12,0,0,0,39,11,17,39.3,Matches,FRA-L1,18-19
5148dcc5,519,Martin Terrier,FRA,FW,Lyon,21,1997,16.5,2,0,0,13,12,5,16,6,13,0,0,0,60,23,26,46.9,Matches,FRA-L1,18-19
77d7c96f,520,Kenny Tete,NED,DF,Lyon,22,1995,11.6,1,0,0,19,12,1,47,18,23,0,0,0,68,18,19,48.6,Matches,FRA-L1,18-19
2b9fdeea,521,Florian Thauvin,FRA,"FW,MF",Marseille,25,1993,29.0,5,1,0,29,48,8,125,8,23,1,0,0,126,19,30,38.8,Matches,FRA-L1,18-19
f4bc42b1,522,Sada Thioub,SEN,"MF,FW",Nîmes,23,1995,27.5,3,0,0,39,27,3,87,16,19,1,0,0,136,18,36,33.3,Matches,FRA-L1,18-19
275e2c51,523,Romain Thomas,FRA,DF,Angers,30,1988,26.6,4,0,0,27,17,1,0,29,26,2,1,1,107,65,47,58.0,Matches,FRA-L1,18-19
c76b7567,524,Adrien Thomasson,FRA,"MF,FW",Strasbourg,24,1993,27.5,5,1,1,24,41,6,64,18,27,0,1,0,166,14,45,23.7,Matches,FRA-L1,18-19
6f8cd6d0,525,Marcus Thuram,FRA,"FW,MF",Guingamp,20,1997,28.6,4,2,0,44,45,7,44,10,28,2,1,0,134,110,93,54.2,Matches,FRA-L1,18-19
56f7a928,526,Youri Tielemans,BEL,MF,Monaco,21,1997,18.7,5,0,0,22,31,0,55,18,24,0,0,0,128,27,17,61.4,Matches,FRA-L1,18-19
2c92d3c0,527,Cheick Timite,CIV,"FW,MF",Amiens,20,1997,16.2,2,0,0,41,24,1,26,12,13,0,1,0,61,21,34,38.2,Matches,FRA-L1,18-19
88f130ed,528,Jean-Clair Todibo,FRA,DF,Toulouse,18,1999,9.3,3,1,1,13,5,0,0,14,18,1,1,0,62,24,17,58.5,Matches,FRA-L1,18-19
ef7cd87a,529,Abdoulaye Touré,GUI,MF,Nantes,24,1994,30.5,4,1,0,26,47,1,24,47,31,1,0,0,198,47,52,47.5,Matches,FRA-L1,18-19
c8c60119,530,Almamy Touré,MLI,DF,Monaco,22,1996,3.8,0,0,0,5,2,0,4,11,6,0,0,0,15,11,3,78.6,Matches,FRA-L1,18-19
71ec39ef,531,Lucas Tousart,FRA,MF,Lyon,21,1997,19.2,3,2,2,26,17,1,2,26,38,0,0,1,127,31,39,44.3,Matches,FRA-L1,18-19
1a6f2a66,532,Adama Traoré,MLI,MF,Monaco,23,1995,2.7,0,0,0,1,3,0,3,3,1,0,0,0,10,9,6,60.0,Matches,FRA-L1,18-19
c47541e0,533,Bertrand Traoré,BFA,FW,Lyon,22,1995,23.5,5,0,0,21,45,18,30,15,22,3,0,0,97,23,33,41.1,Matches,FRA-L1,18-19
de488e56,534,Charles Traore,MLI,"DF,FW",Nantes,26,1992,12.9,3,0,0,26,22,0,28,19,20,0,1,0,73,26,18,59.1,Matches,FRA-L1,18-19
bfcef334,535,Cheick Traoré,MLI,DF,Guingamp,23,1995,16.8,3,0,0,25,10,1,71,23,21,0,1,0,81,18,24,42.9,Matches,FRA-L1,18-19
42e8eba2,536,Gaoussou Traoré,MLI,MF,Amiens,18,1999,1.2,1,0,0,1,4,0,0,0,5,0,0,0,7,3,1,75.0,Matches,FRA-L1,18-19
a4b1028a,537,Hamari Traoré,MLI,DF,Rennes,26,1992,33.0,7,0,0,51,26,5,79,44,33,0,0,0,204,35,58,37.6,Matches,FRA-L1,18-19
b666421b,538,Ismaël Traoré,CIV,DF,Angers,31,1986,29.3,2,1,0,14,5,2,2,42,11,1,1,0,146,31,40,43.7,Matches,FRA-L1,18-19
6fea4e00,539,Driss Trichard,FRA,DF,Bordeaux,23,1995,1.0,0,0,0,2,1,0,4,1,2,0,0,0,8,0,1,0.0,Matches,FRA-L1,18-19
dcf7cf44,540,Valentín Vada,ARG,MF,Bordeaux,22,1996,0.4,0,0,0,0,1,0,0,0,1,0,0,0,2,0,1,0.0,Matches,FRA-L1,18-19
dcf7cf44,541,Valentín Vada,ARG,MF,Saint-Étienne,22,1996,4.5,1,0,0,9,9,0,6,7,4,0,0,0,30,1,4,20.0,Matches,FRA-L1,18-19
92cd4bef,542,William Vainqueur,FRA,MF,Monaco,29,1988,0.9,0,0,0,0,1,0,0,0,3,0,0,0,10,2,1,66.7,Matches,FRA-L1,18-19
e562a02e,543,Pierrick Valdivia,FRA,MF,Nîmes,30,1988,0.3,0,0,0,0,1,0,0,1,1,0,0,0,3,1,0,100.0,Matches,FRA-L1,18-19
c8090cb3,544,Theo Valls,FRA,MF,Nîmes,22,1995,19.7,2,0,0,19,11,0,19,22,21,1,0,0,118,22,27,44.9,Matches,FRA-L1,18-19
1467af0d,545,Marco Verratti,ITA,MF,Paris S-G,25,1992,20.9,7,0,0,35,56,0,1,18,42,0,0,0,142,4,11,26.7,Matches,FRA-L1,18-19
8b529245,546,Carlos Vinícius,BRA,"FW,MF",Monaco,23,1995,5.8,3,0,0,12,7,9,4,1,1,1,0,0,22,13,22,37.1,Matches,FRA-L1,18-19
cfd41fad,547,Paul Wade,FRA,MF,Nice,18,2000,0.1,0,0,0,0,0,0,0,0,0,0,0,0,1,0,0,,Matches,FRA-L1,18-19
eb78322b,548,Anthony Walongwa,,DF,Nantes,24,1993,1.0,0,0,0,1,0,0,0,1,0,0,0,0,3,4,0,100.0,Matches,FRA-L1,18-19
0984c5d5,549,Rémi Walter,FRA,MF,Nice,23,1995,9.3,1,0,0,9,14,0,16,6,12,0,0,0,60,4,11,26.7,Matches,FRA-L1,18-19
8eec784d,550,Timothy Weah,USA,FW,Paris S-G,18,2000,0.6,1,0,0,2,0,0,1,0,0,0,0,0,0,1,0,100.0,Matches,FRA-L1,18-19
f3600c02,551,Xeka,POR,MF,Lille,23,1994,25.1,10,0,0,56,28,0,25,21,31,0,0,0,127,38,36,51.4,Matches,FRA-L1,18-19
1c344204,552,Cédric Yamberé,CTA,DF,Dijon,27,1990,31.2,4,0,0,32,33,1,2,52,31,0,0,0,150,62,76,44.9,Matches,FRA-L1,18-19
698b37b8,553,Elie Youan,FRA,FW,Nantes,19,1999,0.2,0,0,0,0,0,0,0,0,0,0,0,0,0,1,0,100.0,Matches,FRA-L1,18-19
e2f9bb5f,554,Zaydou Youssouf,FRA,"MF,FW",Bordeaux,19,1999,4.7,1,0,0,10,13,1,8,5,5,0,0,0,19,5,10,33.3,Matches,FRA-L1,18-19
28129034,555,Younn Zahary,COM,DF,Caen,19,1998,8.2,3,0,0,12,2,0,6,16,9,0,2,0,35,13,16,44.8,Matches,FRA-L1,18-19
c8c02ac7,556,Mehdi Zeffane,ALG,"DF,MF",Rennes,26,1992,13.5,4,0,0,11,5,1,28,18,13,0,0,0,66,17,19,47.2,Matches,FRA-L1,18-19
0bd57eb0,557,Arton Zekaj,KVX,FW,Lille,18,2000,0.0,0,0,0,0,0,0,0,0,0,0,0,0,0,0,0,,Matches,FRA-L1,18-19
242b350c,558,Mootaz Zemzemi,TUN,"FW,MF",Strasbourg,18,1999,0.0,0,0,0,0,0,0,0,0,0,0,0,0,1,0,0,,Matches,FRA-L1,18-19
095e4199,559,Arber Zeneli,KVX,FW,Reims,23,1995,9.0,0,0,0,8,12,2,24,2,6,0,0,0,55,2,2,50.0,Matches,FRA-L1,18-19
775185ae,560,Kévin Zohi,MLI,"FW,MF",Strasbourg,21,1996,7.0,0,0,0,7,10,2,13,7,10,0,0,0,33,9,16,36.0,Matches,FRA-L1,18-19
a8797cf1,561,Bongani Zungu,RSA,MF,Amiens,25,1992,2.6,2,0,0,5,5,0,0,2,2,0,0,0,19,0,5,0.0,Matches,FRA-L1,18-19
