id,Unnamed: 0_level_0,Unnamed: 1_level_0,Unnamed: 2_level_0,Unnamed: 3_level_0,Unnamed: 4_level_0,Unnamed: 5_level_0,Unnamed: 6_level_0,Playing Time,Playing Time,Playing Time,Playing Time,Playing Time,Starts,Starts,Starts,Subs,Subs,Subs,Team Success,Team Success,Team Success,Team Success,Team Success,Team Success,Team Success (xG),Team Success (xG),Team Success (xG),Team Success (xG),Team Success (xG),Unnamed: 29_level_0,Unnamed: league,Unnamed: season
,Rk,Player,Nation,Pos,Squad,Age,Born,MP,Min,Mn/MP,Min%,90s,Starts,Mn/Start,Compl,Subs,Mn/Sub,unSub,PPM,onG,onGA,+/-,+/-90,On-Off,onxG,onxGA,xG+/-,xG+/-90,On-Off,Matches,league,season
82e12fe7,1,Junior Adamu,AUT,FW,Freiburg,23-085,2001,1,90,90,100.0,1.0,1,90,1,0,,0,3,3,1,2,2.0,,2.1,0.4,1.8,1.75,,Matches,GER-BL1,24-25
501055d8,2,Karim Adeyemi,GER,FW,Dortmund,22-225,2002,1,58,58,64.4,0.6,1,58,0,0,,0,3,0,0,0,0.0,-5.63,0.7,0.4,0.3,0.42,0.23,Matches,GER-BL1,24-25
dcfb17f4,3,Amine Adli,MAR,FW,Leverkusen,24-112,2000,1,9,9,10.0,0.1,0,,0,1,9,0,3,1,1,0,0.0,-1.11,1.2,0.3,0.9,8.64,8.36,Matches,GER-BL1,24-25
5054c359,4,Oladapo Afolayan,ENG,FW,St. Pauli,26-200,1998,1,15,15,16.7,0.2,0,,0,1,15,0,0,0,1,-1,-6.0,-4.8,0.0,0.7,-0.7,-4.15,-5.1,Matches,GER-BL1,24-25
cb6d81b3,5,Felix Agu,GER,DF,Werder Bremen,24-338,1999,1,90,90,100.0,1.0,1,90,1,0,,0,1,2,2,0,0.0,,1.4,1.0,0.4,0.44,,Matches,GER-BL1,24-25
1e7e01d8,6,Jonathan Akaegbobi,GER,FW,Wolfsburg,18-127,2006,0,,,,,0,,0,0,,1,,,,,,,,,,,,Matches,GER-BL1,24-25
6ec6fde0,7,Kevin Akpoguma,NGA,DF,Hoffenheim,29-133,1995,1,90,90,100.0,1.0,1,90,1,0,,0,3,3,2,1,1.0,,3.5,1.7,1.7,1.72,,Matches,GER-BL1,24-25
ee8ad906,8,Ben Alexander Voll,GER,GK,St. Pauli,23-265,2000,0,,,,,0,,0,0,,1,,,,,,,,,,,,Matches,GER-BL1,24-25
add37c13,9,Skelly Alvero,FRA,MF,Werder Bremen,22-118,2002,1,1,1,1.1,0.0,0,,0,1,1,0,1,0,0,0,0.0,0.0,0.0,0.0,0.0,0.0,-0.45,Matches,GER-BL1,24-25
1227a22d,10,Aurele Amenda,SUI,DF,Eint Frankfurt,21-030,2003,0,,,,,0,,0,0,,1,,,,,,,,,,,,Matches,GER-BL1,24-25
555d5edd,11,Nadiem Amiri,GER,MF,Mainz 05,27-308,1996,1,90,90,100.0,1.0,1,90,1,0,,0,1,1,1,0,0.0,,1.2,0.6,0.5,0.54,,Matches,GER-BL1,24-25
e0b113a7,12,Robert Andrich,GER,MF,Leverkusen,29-343,1994,1,81,81,90.0,0.9,1,81,0,0,,0,3,2,1,1,1.11,1.11,1.5,1.3,0.2,0.28,-8.36,Matches,GER-BL1,24-25
5e66fa06,13,Waldemar Anton,GER,DF,Dortmund,28-041,1996,1,90,90,100.0,1.0,1,90,1,0,,0,3,2,0,2,2.0,,1.7,1.4,0.3,0.33,,Matches,GER-BL1,24-25
86e119e0,14,Maximilian Arnold,GER,MF,Wolfsburg,30-095,1994,1,90,90,100.0,1.0,1,90,1,0,,0,0,2,3,-1,-1.0,,1.9,2.4,-0.5,-0.52,,Matches,GER-BL1,24-25
c21fb312,15,Jann-Fiete Arp,GER,FW,Holstein Kiel,24-237,2000,1,37,37,41.1,0.4,0,,0,1,37,0,0,2,1,1,2.43,5.83,0.7,1.2,-0.4,-1.06,1.12,Matches,GER-BL1,24-25
8a958856,16,Arthur,BRA,DF,Leverkusen,21-166,2003,0,,,,,0,,0,0,,1,,,,,,,,,,,,Matches,GER-BL1,24-25
0d41f821,17,Mio Backhaus,GER,GK,Werder Bremen,20-136,2004,0,,,,,0,,0,0,,1,,,,,,,,,,,,Matches,GER-BL1,24-25
442b56fa,18,Ridle Baku,GER,FW,Wolfsburg,26-144,1998,1,90,90,100.0,1.0,1,90,1,0,,0,0,2,3,-1,-1.0,,1.9,2.4,-0.5,-0.52,,Matches,GER-BL1,24-25
7362a6f2,19,Aliou Baldé,GUI,FW,Bochum,21-262,2002,1,20,20,22.2,0.2,0,,0,1,20,0,0,0,0,0,0.0,1.29,0.2,0.0,0.1,0.59,1.15,Matches,GER-BL1,24-25
489d4867,20,Samuel Bamba,GER,FW,Bochum,20-199,2004,1,5,5,5.6,0.1,0,,0,1,5,0,0,0,0,0,0.0,1.06,0.1,0.0,0.1,1.03,1.41,Matches,GER-BL1,24-25
a2a85828,21,Aymen Barkok,MAR,MF,Mainz 05,26-101,1998,0,,,,,0,,0,0,,1,,,,,,,,,,,,Matches,GER-BL1,24-25
44a20f0c,22,Maximilian Bauer,GER,DF,Augsburg,24-203,2000,1,25,25,27.8,0.3,0,,0,1,25,0,1,0,0,0,0.0,0.0,0.1,0.6,-0.5,-1.74,-1.79,Matches,GER-BL1,24-25
47064058,23,Oliver Baumann,GER,GK,Hoffenheim,34-089,1990,1,90,90,100.0,1.0,1,90,1,0,,0,3,3,2,1,1.0,,3.5,1.7,1.7,1.72,,Matches,GER-BL1,24-25
437f2b00,24,Christoph Baumgartner,AUT,MF,RB Leipzig,25-029,1999,1,5,5,5.6,0.1,0,,0,1,5,0,3,0,0,0,0.0,-1.06,0.0,0.1,-0.1,-1.03,-1.41,Matches,GER-BL1,24-25
616c09f5,25,Adrian Beck,GER,FW,Heidenheim,27-082,1997,1,61,61,67.8,0.7,1,61,0,0,,0,3,0,0,0,0.0,-6.21,0.1,1.1,-1.0,-1.49,-4.33,Matches,GER-BL1,24-25
543ddcaf,26,Timo Becker,GER,DF,Holstein Kiel,27-158,1997,1,90,90,100.0,1.0,1,90,1,0,,0,0,2,3,-1,-1.0,,1.7,3.5,-1.7,-1.72,,Matches,GER-BL1,24-25
30ae134d,27,Kevin Behrens,GER,FW,Wolfsburg,33-209,1991,1,20,20,22.2,0.2,0,,0,1,20,0,0,0,1,-1,-4.5,-4.5,0.4,0.6,-0.2,-0.75,-0.3,Matches,GER-BL1,24-25
5db45ee5,28,Maximilian Beier,GER,FW,Dortmund,21-318,2002,1,32,32,35.6,0.4,0,,0,1,32,0,3,2,0,2,5.63,5.63,1.0,0.9,0.1,0.18,-0.23,Matches,GER-BL1,24-25
857a5abe,29,Stefan Bell,GER,DF,Mainz 05,33-006,1991,1,60,60,66.7,0.7,0,,0,1,60,0,1,1,1,0,0.0,0.0,0.8,0.5,0.3,0.45,-0.29,Matches,GER-BL1,24-25
c678ddd7,30,Jeanuël Belocian,FRA,DF,Leverkusen,19-195,2005,0,,,,,0,,0,0,,1,,,,,,,,,,,,Matches,GER-BL1,24-25
fe888e39,31,László Bénes,SVK,MF,Union Berlin,26-356,1997,1,19,19,21.1,0.2,0,,0,1,19,0,1,1,0,1,4.74,6.0,0.4,0.4,0.0,-0.08,0.59,Matches,GER-BL1,24-25
378825c7,32,Ramy Bensebaini,ALG,DF,Dortmund,29-136,1995,1,6,6,6.7,0.1,0,,0,1,6,0,3,1,0,1,15.0,13.93,0.4,0.0,0.4,6.49,6.59,Matches,GER-BL1,24-25
eb6e14be,33,Mergim Berisha,GER,"FW,MF",Hoffenheim,26-111,1998,1,32,32,35.6,0.4,0,,0,1,32,0,3,1,2,-1,-2.81,-5.92,0.7,0.7,0.0,0.1,-2.52,Matches,GER-BL1,24-25
dea1d183,34,Alexander Bernhardsson,SWE,"DF,FW",Holstein Kiel,25-357,1998,1,90,90,100.0,1.0,1,90,1,0,,0,0,2,3,-1,-1.0,,1.7,3.5,-1.7,-1.72,,Matches,GER-BL1,24-25
b5e0af76,35,Matúš Bero,SVK,MF,Bochum,28-359,1995,1,90,90,100.0,1.0,1,90,1,0,,0,0,0,1,-1,-1.0,,1.0,1.3,-0.3,-0.31,,Matches,GER-BL1,24-25
dc62fbee,36,Leonardo Bittencourt,GER,MF,Werder Bremen,30-255,1993,1,3,3,3.3,0.0,0,,0,1,3,0,1,0,0,0,0.0,0.0,0.0,0.0,0.0,-0.91,-1.4,Matches,GER-BL1,24-25
5b479568,37,Myron Boadu,NED,MF,Bochum,23-229,2001,1,28,28,31.1,0.3,0,,0,1,28,0,0,0,0,0,0.0,1.45,0.2,0.0,0.1,0.42,1.05,Matches,GER-BL1,24-25
6c8ddd52,38,Sacha Boey,FRA,DF,Bayern Munich,23-352,2000,1,64,64,71.1,0.7,1,64,0,0,,0,3,1,2,-1,-1.41,-8.33,1.8,1.4,0.4,0.54,0.09,Matches,GER-BL1,24-25
b146275b,39,Victor Boniface,NGA,FW,Leverkusen,23-251,2000,1,81,81,90.0,0.9,1,81,0,0,,0,3,2,1,1,1.11,1.11,1.5,1.3,0.2,0.28,-8.36,Matches,GER-BL1,24-25
01834aa0,40,Sebastiaan Bornauw,BEL,DF,Wolfsburg,25-161,1999,1,90,90,100.0,1.0,1,90,1,0,,0,0,2,3,-1,-1.0,,1.9,2.4,-0.5,-0.52,,Matches,GER-BL1,24-25
1a86f4a9,41,Carlo Boukhalfa,MAR,MF,St. Pauli,25-119,1999,1,15,15,16.7,0.2,0,,0,1,15,0,0,0,1,-1,-6.0,-4.8,0.0,0.7,-0.7,-4.15,-5.1,Matches,GER-BL1,24-25
a167537f,42,Julian Brandt,GER,MF,Dortmund,28-120,1996,1,84,84,93.3,0.9,1,84,0,0,,0,3,1,0,1,1.07,-13.93,1.3,1.4,-0.1,-0.11,-6.59,Matches,GER-BL1,24-25
d28339cb,43,Fabian Bredlow,GER,GK,Stuttgart,29-181,1995,0,,,,,0,,0,0,,1,,,,,,,,,,,,Matches,GER-BL1,24-25
ed98c321,44,Tim Breithaupt,GER,MF,Augsburg,22-205,2002,1,58,58,64.4,0.6,1,58,0,0,,0,1,2,2,0,0.0,0.0,0.9,0.7,0.2,0.3,2.09,Matches,GER-BL1,24-25
1e37c986,45,Maximilian Breunig,GER,FW,Heidenheim,24-016,2000,1,80,80,88.9,0.9,1,80,0,0,,0,3,1,0,1,1.13,-7.88,0.4,1.2,-0.8,-0.88,-7.12,Matches,GER-BL1,24-25
2d6b4904,46,Bennit Bröger,GER,MF,Wolfsburg,18-060,2006,0,,,,,0,,0,0,,1,,,,,,,,,,,,Matches,GER-BL1,24-25
bbd79358,47,Moritz Broschinski,GER,FW,Bochum,23-342,2000,1,85,85,94.4,0.9,1,85,0,0,,0,0,0,1,-1,-1.06,-1.06,0.9,1.2,-0.4,-0.38,-1.41,Matches,GER-BL1,24-25
4e204552,48,Jacob Bruun Larsen,DEN,FW,Hoffenheim,25-346,1998,1,22,22,24.4,0.2,0,,0,1,22,0,3,1,1,0,0.0,-1.32,0.7,0.2,0.5,2.23,0.68,Matches,GER-BL1,24-25
ab5b7dc1,49,Marius Bülter,GER,FW,Hoffenheim,31-154,1993,1,68,68,75.6,0.8,1,68,0,0,,0,3,2,1,1,1.32,1.32,2.7,1.6,1.2,1.56,-0.68,Matches,GER-BL1,24-25
05f99a4a,50,Jonathan Burkardt,GER,FW,Mainz 05,24-050,2000,1,90,90,100.0,1.0,1,90,1,0,,0,1,1,1,0,0.0,,1.2,0.6,0.5,0.54,,Matches,GER-BL1,24-25
c38767ab,51,Marnon Busch,GER,DF,Heidenheim,29-266,1994,1,1,1,1.1,0.0,0,,0,1,1,0,3,0,0,0,0.0,-2.02,0.0,0.0,0.0,3.99,4.13,Matches,GER-BL1,24-25
0118c54c,52,Anthony Caci,FRA,DF,Mainz 05,27-060,1997,1,84,84,93.3,0.9,1,84,0,0,,0,1,1,1,0,0.0,0.0,0.7,0.4,0.3,0.31,-3.51,Matches,GER-BL1,24-25
a65ce836,53,Emre Can,GER,MF,Dortmund,30-231,1994,1,80,80,88.9,0.9,1,80,0,0,,0,3,1,0,1,1.13,-7.88,1.1,1.4,-0.3,-0.35,-6.18,Matches,GER-BL1,24-25
ae7058f9,54,Julian Chabot,GER,DF,Stuttgart,26-200,1998,1,90,90,100.0,1.0,1,90,1,0,,0,0,1,3,-2,-2.0,,0.4,2.1,-1.8,-1.75,,Matches,GER-BL1,24-25
357103bd,55,Fares Chaïbi,ALG,"FW,MF",Eint Frankfurt,21-276,2002,1,75,75,83.3,0.8,1,75,0,0,,0,0,0,1,-1,-1.2,4.8,1.4,1.1,0.3,0.38,4.26,Matches,GER-BL1,24-25
ee2cf168,56,Anrie Chase,JPN,DF,Stuttgart,20-159,2004,1,26,26,28.9,0.3,0,,0,1,26,0,0,0,0,0,0.0,2.81,0.2,0.1,0.1,0.28,2.86,Matches,GER-BL1,24-25
48780156,57,Fabio Chiarodia,ITA,DF,Gladbach,19-086,2005,1,1,1,1.1,0.0,0,,0,1,1,0,0,0,1,-1,-90.0,-90.0,0.0,0.9,-0.9,-83.59,-83.4,Matches,GER-BL1,24-25
8eb5c94c,58,Nnamdi Collins,GER,DF,Eint Frankfurt,20-233,2004,0,,,,,0,,0,0,,1,,,,,,,,,,,,Matches,GER-BL1,24-25
042e8a49,59,Kingsley Coman,FRA,FW,Bayern Munich,28-078,1996,1,16,16,17.8,0.2,0,,0,1,16,0,3,1,0,1,5.63,5.63,0.6,0.3,0.3,1.69,1.43,Matches,GER-BL1,24-25
34e09d5f,60,Sirlord Conteh,GER,FW,Heidenheim,28-052,1996,1,29,29,32.2,0.3,0,,0,1,29,0,3,2,0,2,6.21,6.21,1.0,0.1,0.9,2.84,4.33,Matches,GER-BL1,24-25
5ddb8f9f,61,Danny da Costa,GER,"DF,FW",Mainz 05,31-048,1993,0,,,,,0,,0,0,,1,,,,,,,,,,,,Matches,GER-BL1,24-25
1944818c,62,Yan Couto,BRA,"DF,MF",Dortmund,22-088,2002,0,,,,,0,,0,0,,1,,,,,,,,,,,,Matches,GER-BL1,24-25
8f325097,63,Nicolas Cozza,FRA,DF,Wolfsburg,25-235,1999,0,,,,,0,,0,0,,1,,,,,,,,,,,,Matches,GER-BL1,24-25
298c8aa1,64,Tomáš Čvančara,CZE,MF,Gladbach,24-017,2000,1,20,20,22.2,0.2,0,,0,1,20,0,0,1,1,0,0.0,1.29,0.3,1.5,-1.2,-5.27,-5.35,Matches,GER-BL1,24-25
f194035d,65,Thomas Dähne,GER,GK,Holstein Kiel,30-239,1994,0,,,,,0,,0,0,,1,,,,,,,,,,,,Matches,GER-BL1,24-25
dcb6f03c,66,Bence Dárdai,GER,FW,Wolfsburg,18-219,2006,0,,,,,0,,0,0,,1,,,,,,,,,,,,Matches,GER-BL1,24-25
93a8c4f9,67,Lukas Daschner,GER,MF,Bochum,25-334,1998,1,62,62,68.9,0.7,1,62,0,0,,0,0,0,1,-1,-1.45,-1.45,0.8,1.2,-0.4,-0.63,-1.05,Matches,GER-BL1,24-25
d781d855,68,Alphonso Davies,CAN,DF,Bayern Munich,23-302,2000,1,90,90,100.0,1.0,1,90,1,0,,0,3,3,2,1,1.0,,2.4,1.9,0.5,0.52,,Matches,GER-BL1,24-25
13210854,69,Olivier Deman,BEL,"DF,FW",Werder Bremen,24-146,2000,0,,,,,0,,0,0,,1,,,,,,,,,,,,Matches,GER-BL1,24-25
ed79b7d3,70,Ermedin Demirović,BIH,FW,Stuttgart,26-158,1998,1,90,90,100.0,1.0,1,90,1,0,,0,0,1,3,-2,-2.0,,0.4,2.1,-1.8,-1.75,,Matches,GER-BL1,24-25
d82a310a,71,Justin Diehl,GER,DF,Stuttgart,19-277,2004,1,26,26,28.9,0.3,0,,0,1,26,0,0,0,0,0,0.0,2.81,0.2,0.1,0.1,0.28,2.86,Matches,GER-BL1,24-25
ac861941,72,Eric Dier,ENG,DF,Bayern Munich,30-228,1994,1,10,10,11.1,0.1,0,,0,1,10,0,3,1,0,1,9.0,9.0,0.4,0.3,0.1,0.77,0.28,Matches,GER-BL1,24-25
d01bbb6f,73,Ritsu Doan,JPN,FW,Freiburg,26-075,1998,1,72,72,80.0,0.8,1,72,0,0,,0,3,3,1,2,2.5,2.5,2.0,0.2,1.8,2.25,2.49,Matches,GER-BL1,24-25
f67c9d29,74,Danilho Doekhi,NED,DF,Union Berlin,26-061,1998,1,90,90,100.0,1.0,1,90,1,0,,0,1,1,1,0,0.0,,0.6,1.2,-0.5,-0.54,,Matches,GER-BL1,24-25
7f73bdf4,75,Niklas Dorsch,GER,MF,Augsburg,26-228,1998,1,32,32,35.6,0.4,0,,0,1,32,0,1,0,0,0,0.0,0.0,0.1,0.7,-0.6,-1.79,-2.09,Matches,GER-BL1,24-25
a8403737,76,Patrick Drewes,GER,GK,Bochum,31-208,1993,1,90,90,100.0,1.0,1,90,1,0,,0,0,0,1,-1,-1.0,,1.0,1.3,-0.3,-0.31,,Matches,GER-BL1,24-25
0911b4fc,77,Tim Drexler,GER,DF,Hoffenheim,19-177,2005,1,90,90,100.0,1.0,1,90,1,0,,0,3,3,2,1,1.0,,3.5,1.7,1.7,1.72,,Matches,GER-BL1,24-25
638a4d71,78,Marvin Ducksch,GER,FW,Werder Bremen,30-176,1994,1,80,80,88.9,0.9,1,80,0,0,,0,1,2,2,0,0.0,0.0,1.4,1.0,0.5,0.53,0.81,Matches,GER-BL1,24-25
b06a7ae9,79,Julien Duranville,BEL,FW,Dortmund,18-117,2006,0,,,,,0,,0,0,,1,,,,,,,,,,,,Matches,GER-BL1,24-25
75edc8ce,80,Adam Dźwigała,POL,DF,St. Pauli,28-340,1995,0,,,,,0,,0,0,,1,,,,,,,,,,,,Matches,GER-BL1,24-25
d571df78,81,Johannes Eggestein,GER,FW,St. Pauli,26-114,1998,1,90,90,100.0,1.0,1,90,1,0,,0,0,0,2,-2,-2.0,,1.2,1.1,0.1,0.09,,Matches,GER-BL1,24-25
beb882a8,82,Maximilian Eggestein,GER,MF,Freiburg,27-266,1996,1,72,72,80.0,0.8,1,72,0,0,,0,3,3,1,2,2.5,2.5,2.0,0.2,1.8,2.25,2.49,Matches,GER-BL1,24-25
5b92d896,83,Hugo Ekitike,FRA,FW,Eint Frankfurt,22-071,2002,1,76,76,84.4,0.8,1,76,0,0,,0,0,0,1,-1,-1.18,5.24,1.4,1.1,0.3,0.37,4.53,Matches,GER-BL1,24-25
c5af2e95,84,Agon Elezi,MKD,MF,Bochum,23-182,2001,0,,,,,0,,0,0,,1,,,,,,,,,,,,Matches,GER-BL1,24-25
cf007308,85,Elif Elmas,MKD,"FW,MF",RB Leipzig,24-341,1999,0,,,,,0,,0,0,,1,,,,,,,,,,,,Matches,GER-BL1,24-25
48035304,86,Nico Elvedi,SUI,DF,Gladbach,27-335,1996,1,90,90,100.0,1.0,1,90,1,0,,0,0,2,3,-1,-1.0,,1.6,2.7,-1.1,-1.11,,Matches,GER-BL1,24-25
554bcc91,87,Arne Engels,BEL,"MF,FW",Augsburg,20-357,2003,1,79,79,87.8,0.9,1,79,0,0,,0,1,2,2,0,0.0,0.0,1.0,1.4,-0.5,-0.54,-0.79,Matches,GER-BL1,24-25
e3f6253d,88,Patrick Erras,GER,DF,Holstein Kiel,29-222,1995,1,90,90,100.0,1.0,1,90,1,0,,0,0,2,3,-1,-1.0,,1.7,3.5,-1.7,-1.72,,Matches,GER-BL1,24-25
821550ce,89,Samuel Essende,COD,FW,Augsburg,26-220,1998,1,90,90,100.0,1.0,1,90,1,0,,0,1,2,2,0,0.0,,1.0,1.4,-0.4,-0.44,,Matches,GER-BL1,24-25
ccd0981f,90,Frank Feller,GER,GK,Heidenheim,20-236,2004,0,,,,,0,,0,0,,1,,,,,,,,,,,,Matches,GER-BL1,24-25
79f7302a,91,Kilian Fischer,GER,DF,Wolfsburg,23-323,2000,1,90,90,100.0,1.0,1,90,1,0,,0,0,2,3,-1,-1.0,,1.9,2.4,-0.5,-0.52,,Matches,GER-BL1,24-25
1b4be8eb,92,Jonas Föhrenbach,GER,DF,Heidenheim,28-217,1996,1,90,90,100.0,1.0,1,90,1,0,,0,3,2,0,2,2.0,,1.1,1.2,-0.1,-0.09,,Matches,GER-BL1,24-25
f86ad3f5,93,Marco Friedl,AUT,DF,Werder Bremen,26-167,1998,1,90,90,100.0,1.0,1,90,1,0,,0,1,2,2,0,0.0,,1.4,1.0,0.4,0.44,,Matches,GER-BL1,24-25
b77f44a4,94,Marvin Friedrich,GER,DF,Gladbach,28-261,1995,0,,,,,0,,0,0,,1,,,,,,,,,,,,Matches,GER-BL1,24-25
74f2e748,95,Jeremie Frimpong,NED,DF,Leverkusen,23-264,2000,1,90,90,100.0,1.0,1,90,1,0,,0,3,3,2,1,1.0,,2.7,1.6,1.1,1.11,,Matches,GER-BL1,24-25
0cf778df,96,Chris Führich,GER,"FW,MF",Stuttgart,26-234,1998,1,80,80,88.9,0.9,1,80,0,0,,0,0,1,3,-2,-2.25,-2.25,0.2,2.1,-1.8,-2.08,-2.94,Matches,GER-BL1,24-25
f27680d9,97,Cristian Gamboa,CRC,"DF,MF",Bochum,34-311,1989,0,,,,,0,,0,0,,1,,,,,,,,,,,,Matches,GER-BL1,24-25
a10361d2,98,Aleix García,ESP,MF,Leverkusen,27-063,1997,1,9,9,10.0,0.1,0,,0,1,9,0,3,1,1,0,0.0,-1.11,1.2,0.3,0.9,8.64,8.36,Matches,GER-BL1,24-25
92ed2acc,99,Viggo Gebel,GER,MF,RB Leipzig,16-282,2007,0,,,,,0,,0,0,,1,,,,,,,,,,,,Matches,GER-BL1,24-25
37f606f0,100,Dennis Geiger,GER,MF,Hoffenheim,26-081,1998,1,22,22,24.4,0.2,0,,0,1,22,0,3,1,1,0,0.0,-1.32,0.7,0.2,0.5,2.23,0.68,Matches,GER-BL1,24-25
62ab9184,101,Yannick Gerhardt,GER,MF,Wolfsburg,30-170,1994,1,13,13,14.4,0.1,0,,0,1,13,0,0,0,1,-1,-6.92,-6.92,0.3,0.6,-0.3,-2.08,-1.83,Matches,GER-BL1,24-25
0ffda76d,102,Max Geschwill,GER,DF,Holstein Kiel,23-054,2001,0,,,,,0,,0,0,,1,,,,,,,,,,,,Matches,GER-BL1,24-25
112c495e,103,Dimitris Giannoulis,GRE,DF,Augsburg,28-318,1995,1,79,79,87.8,0.9,1,79,0,0,,0,1,2,2,0,0.0,0.0,1.0,1.4,-0.5,-0.55,-0.78,Matches,GER-BL1,24-25
d0a0858e,104,Armin Gigovic,BIH,MF,Holstein Kiel,22-146,2002,0,,,,,0,,0,0,,1,,,,,,,,,,,,Matches,GER-BL1,24-25
e5f76710,105,Benedikt Gimber,GER,DF,Heidenheim,27-193,1997,1,90,90,100.0,1.0,1,90,1,0,,0,3,2,0,2,2.0,,1.1,1.2,-0.1,-0.09,,Matches,GER-BL1,24-25
f521b80a,106,Matthias Ginter,GER,"DF,MF",Freiburg,30-224,1994,1,18,18,20.0,0.2,0,,0,1,18,0,3,0,0,0,0.0,-2.5,0.1,0.2,0.0,-0.24,-2.49,Matches,GER-BL1,24-25
10745192,107,Jamie Gittens,ENG,"DF,MF",Dortmund,20-022,2004,1,32,32,35.6,0.4,0,,0,1,32,0,3,2,0,2,5.63,5.63,1.0,0.9,0.1,0.18,-0.23,Matches,GER-BL1,24-25
88e357ef,108,Serge Gnabry,GER,FW,Bayern Munich,29-047,1995,1,90,90,100.0,1.0,1,90,1,0,,0,3,3,2,1,1.0,,2.4,1.9,0.5,0.52,,Matches,GER-BL1,24-25
cc86b9a3,109,Leon Goretzka,GER,MF,Bayern Munich,29-206,1995,0,,,,,0,,0,0,,1,,,,,,,,,,,,Matches,GER-BL1,24-25
2d970560,110,Robin Gosens,GER,DF,Union Berlin,30-056,1994,1,90,90,100.0,1.0,1,90,1,0,,0,1,1,1,0,0.0,,0.6,1.2,-0.5,-0.54,,Matches,GER-BL1,24-25
9efa1d25,111,Mario Götze,GER,"FW,MF",Eint Frankfurt,32-088,1992,1,76,76,84.4,0.8,1,76,0,0,,0,0,0,1,-1,-1.18,5.24,1.4,1.1,0.3,0.37,4.53,Matches,GER-BL1,24-25
1025db8e,112,Jeffrey Gouweleeuw,NED,DF,Augsburg,33-051,1991,1,90,90,100.0,1.0,1,90,1,0,,0,1,2,2,0,0.0,,1.0,1.4,-0.4,-0.44,,Matches,GER-BL1,24-25
62182b1d,113,Kamil Grabara,POL,GK,Wolfsburg,25-235,1999,1,90,90,100.0,1.0,1,90,1,0,,0,0,2,3,-1,-1.0,,1.9,2.4,-0.5,-0.52,,Matches,GER-BL1,24-25
54e4866f,114,Vincenzo Grifo,ITA,FW,Freiburg,31-145,1993,1,81,81,90.0,0.9,1,81,0,0,,0,3,3,1,2,2.22,2.22,2.1,0.2,1.8,2.05,3.02,Matches,GER-BL1,24-25
ffbbc83b,115,Florian Grillitsch,AUT,MF,Hoffenheim,29-023,1995,1,68,68,75.6,0.8,1,68,0,0,,0,3,2,1,1,1.32,1.32,2.7,1.6,1.2,1.56,-0.68,Matches,GER-BL1,24-25
b1f4086c,116,Álex Grimaldo,ESP,DF,Leverkusen,28-345,1995,1,90,90,100.0,1.0,1,90,1,0,,0,3,3,2,1,1.0,,2.7,1.6,1.1,1.11,,Matches,GER-BL1,24-25
8aec0537,117,Pascal Groß,GER,MF,Dortmund,33-076,1991,1,90,90,100.0,1.0,1,90,1,0,,0,3,2,0,2,2.0,,1.7,1.4,0.3,0.33,,Matches,GER-BL1,24-25
8babb812,118,Marco Grüll,AUT,FW,Werder Bremen,26-055,1998,1,10,10,11.1,0.1,0,,0,1,10,0,1,0,0,0,0.0,0.0,0.0,0.0,0.0,-0.27,-0.81,Matches,GER-BL1,24-25
048a1cbc,119,Raphaël Guerreiro,POR,"DF,MF",Bayern Munich,30-252,1993,0,,,,,0,,0,0,,1,,,,,,,,,,,,Matches,GER-BL1,24-25
79b51257,120,Morgan Guilavogui,GUI,FW,St. Pauli,26-173,1998,1,75,75,83.3,0.8,1,75,0,0,,0,0,0,1,-1,-1.2,4.8,1.2,0.4,0.8,0.94,5.1,Matches,GER-BL1,24-25
bcb2ccd8,121,Péter Gulácsi,HUN,GK,RB Leipzig,34-116,1990,1,90,90,100.0,1.0,1,90,1,0,,0,3,1,0,1,1.0,,1.3,1.0,0.3,0.31,,Matches,GER-BL1,24-25
8593f88c,122,Christian Günter,GER,DF,Freiburg,31-184,1993,1,90,90,100.0,1.0,1,90,1,0,,0,3,3,1,2,2.0,,2.1,0.4,1.8,1.75,,Matches,GER-BL1,24-25
70dcf94d,123,Janik Haberer,GER,DF,Union Berlin,30-150,1994,1,19,19,21.1,0.2,0,,0,1,19,0,1,1,0,1,4.74,6.0,0.4,0.4,0.0,-0.08,0.59,Matches,GER-BL1,24-25
0174ba21,124,Robin Hack,GER,"FW,MF",Gladbach,26-003,1998,0,,,,,0,,0,0,,1,,,,,,,,,,,,Matches,GER-BL1,24-25
92432bc6,125,Amadou Haidara,MLI,MF,RB Leipzig,26-212,1998,1,74,74,82.2,0.8,1,74,0,0,,0,3,1,0,1,1.22,1.22,1.2,0.8,0.4,0.53,1.27,Matches,GER-BL1,24-25
ba115a40,126,Sébastien Haller,CIV,FW,Dortmund,30-069,1994,0,,,,,0,,0,0,,1,,,,,,,,,,,,Matches,GER-BL1,24-25
2e77d607,127,Andreas Hanche-Olsen,NOR,DF,Mainz 05,27-226,1997,1,90,90,100.0,1.0,1,90,1,0,,0,1,1,1,0,0.0,,1.2,0.6,0.5,0.54,,Matches,GER-BL1,24-25
4f96ed39,128,Isak Hansen-Aarøen,NOR,MF,Werder Bremen,20-008,2004,0,,,,,0,,0,0,,1,,,,,,,,,,,,Matches,GER-BL1,24-25
5a28ad23,129,Ramon Hendriks,NED,DF,Stuttgart,23-043,2001,0,,,,,0,,0,0,,1,,,,,,,,,,,,Matches,GER-BL1,24-25
0a89e877,130,Benjamin Henrichs,GER,"DF,MF",RB Leipzig,27-189,1997,1,36,36,40.0,0.4,0,,0,1,36,0,3,1,0,1,2.5,2.5,0.4,0.2,0.2,0.57,0.44,Matches,GER-BL1,24-25
0c7a48f8,131,Piero Hincapié,ECU,DF,Leverkusen,22-234,2002,1,90,90,100.0,1.0,1,90,1,0,,0,3,3,2,1,1.0,,2.7,1.6,1.1,1.11,,Matches,GER-BL1,24-25
5521f419,132,Adam Hložek,CZE,FW,Hoffenheim,22-036,2002,1,58,58,64.4,0.6,1,58,0,0,,0,3,2,0,2,3.1,5.92,2.7,1.1,1.7,2.62,2.52,Matches,GER-BL1,24-25
5d8e331f,133,Nicolas Höfler,GER,MF,Freiburg,34-174,1990,0,,,,,0,,0,0,,1,,,,,,,,,,,,Matches,GER-BL1,24-25
2903a856,134,Jonas Hofmann,GER,MF,Leverkusen,32-047,1992,1,64,64,71.1,0.7,1,64,0,0,,0,3,2,1,1,1.41,1.41,1.0,1.3,-0.3,-0.39,-5.19,Matches,GER-BL1,24-25
877bc844,135,Philipp Hofmann,GER,FW,Bochum,31-153,1993,1,70,70,77.8,0.8,1,70,0,0,,0,0,0,1,-1,-1.29,-1.29,0.8,1.2,-0.4,-0.56,-1.15,Matches,GER-BL1,24-25
ca618d23,136,Lucas Höler,GER,MF,Freiburg,30-051,1994,1,28,28,31.1,0.3,0,,0,1,28,0,3,0,0,0,0.0,-2.9,0.1,0.2,-0.1,-0.26,-2.92,Matches,GER-BL1,24-25
2a158218,137,Benedict Hollerbach,GER,MF,Union Berlin,23-105,2001,1,71,71,78.9,0.8,1,71,0,0,,0,1,0,1,-1,-1.27,-6.0,0.2,0.7,-0.5,-0.67,-0.59,Matches,GER-BL1,24-25
410ab123,138,Lewis Holtby,GER,MF,Holstein Kiel,33-347,1990,1,81,81,90.0,0.9,1,81,0,0,,0,0,1,2,-1,-1.11,-1.11,1.6,2.9,-1.3,-1.47,2.49,Matches,GER-BL1,24-25
db7849ca,139,Franck Honorat,FRA,"FW,DF",Gladbach,28-019,1996,1,89,89,98.9,1.0,1,89,0,0,,0,0,2,2,0,0.0,90.0,1.6,1.7,-0.2,-0.19,83.4,Matches,GER-BL1,24-25
3dbdbb6a,140,Mathias Honsak,AUT,FW,Heidenheim,27-254,1996,1,10,10,11.1,0.1,0,,0,1,10,0,3,1,0,1,9.0,7.88,0.7,0.0,0.7,6.23,7.12,Matches,GER-BL1,24-25
3cd9e95a,141,Timo Horn,GER,GK,Bochum,31-110,1993,0,,,,,0,,0,0,,1,,,,,,,,,,,,Matches,GER-BL1,24-25
ad3389d5,142,Lukáš Hrádecký,FIN,GK,Leverkusen,34-280,1989,1,90,90,100.0,1.0,1,90,1,0,,0,3,3,2,1,1.0,,2.7,1.6,1.1,1.11,,Matches,GER-BL1,24-25
e8fd2e5b,143,Jannik Huth,GER,GK,Freiburg,30-137,1994,0,,,,,0,,0,0,,1,,,,,,,,,,,,Matches,GER-BL1,24-25
3e2bbae6,144,Oscar Højlund,DEN,MF,Eint Frankfurt,19-239,2005,1,14,14,15.6,0.2,0,,0,1,14,0,0,0,1,-1,-6.43,-5.24,0.0,0.6,-0.6,-4.16,-4.53,Matches,GER-BL1,24-25
4637747c,145,Jackson Irvine,AUS,MF,St. Pauli,31-176,1993,1,90,90,100.0,1.0,1,90,1,0,,0,0,0,2,-2,-2.0,,1.2,1.1,0.1,0.09,,Matches,GER-BL1,24-25
97d545ae,146,Ko Itakura,JPN,DF,Gladbach,27-216,1997,1,90,90,100.0,1.0,1,90,1,0,,0,0,2,3,-1,-1.0,,1.6,2.7,-1.1,-1.11,,Matches,GER-BL1,24-25
964f4f30,147,Marko Ivezić,SRB,DF,Holstein Kiel,22-272,2001,1,90,90,100.0,1.0,1,90,1,0,,0,0,2,3,-1,-1.0,,1.7,3.5,-1.7,-1.72,,Matches,GER-BL1,24-25
34b0387f,148,Lee Jae-sung,KOR,MF,Mainz 05,32-020,1992,1,90,90,100.0,1.0,1,90,1,0,,0,1,1,1,0,0.0,,1.2,0.6,0.5,0.54,,Matches,GER-BL1,24-25
a93b6f4e,149,Paul Jaeckel,GER,DF,Union Berlin,26-039,1998,0,,,,,0,,0,0,,1,,,,,,,,,,,,Matches,GER-BL1,24-25
3eeb80e0,150,Fredrik Jensen,FIN,MF,Augsburg,26-356,1997,1,32,32,35.6,0.4,0,,0,1,32,0,1,0,0,0,0.0,0.0,0.1,0.7,-0.6,-1.79,-2.09,Matches,GER-BL1,24-25
de838f86,151,Anthony Jung,GER,DF,Werder Bremen,32-301,1991,1,45,45,50.0,0.5,0,,0,1,45,0,1,1,0,1,2.0,4.0,1.0,0.2,0.9,1.7,2.51,Matches,GER-BL1,24-25
a4a94bb2,152,Yusuf Kabadayı,GER,FW,Augsburg,20-210,2004,0,,,,,0,,0,0,,1,,,,,,,,,,,,Matches,GER-BL1,24-25
79c90e45,153,Pavel Kadeřábek,CZE,DF,Hoffenheim,32-127,1992,1,90,90,100.0,1.0,1,90,1,0,,0,3,3,2,1,1.0,,3.5,1.7,1.7,1.72,,Matches,GER-BL1,24-25
202b3b68,154,Jakub Kamiński,POL,DF,Wolfsburg,22-086,2002,1,90,90,100.0,1.0,1,90,1,0,,0,0,2,3,-1,-1.0,,1.9,2.4,-0.5,-0.52,,Matches,GER-BL1,24-25
b825a650,155,Kevin Kampl,SVN,MF,RB Leipzig,33-326,1990,1,90,90,100.0,1.0,1,90,1,0,,0,3,1,0,1,1.0,,1.3,1.0,0.3,0.31,,Matches,GER-BL1,24-25
21a66f6a,156,Harry Kane,ENG,FW,Bayern Munich,31-033,1993,1,90,90,100.0,1.0,1,90,1,0,,0,3,3,2,1,1.0,,2.4,1.9,0.5,0.52,,Matches,GER-BL1,24-25
5762be5c,157,Atakan Karazor,GER,MF,Stuttgart,27-322,1996,1,64,64,71.1,0.7,1,64,0,0,,0,0,1,3,-2,-2.81,-2.81,0.1,2.0,-1.8,-2.58,-2.86,Matches,GER-BL1,24-25
de4cac2d,158,Silas Katompa,COD,"DF,FW",Stuttgart,25-329,1998,0,,,,,0,,0,0,,1,,,,,,,,,,,,Matches,GER-BL1,24-25
6e269dd3,159,Mikkel Kaufmann,DEN,FW,Heidenheim,23-240,2001,0,,,,,0,,0,0,,1,,,,,,,,,,,,Matches,GER-BL1,24-25
d2c580ce,160,Yannik Keitel,GER,MF,Stuttgart,24-197,2000,0,,,,,0,,0,0,,1,,,,,,,,,,,,Matches,GER-BL1,24-25
58391f96,161,Andu Kelati,GER,MF,Holstein Kiel,22-017,2002,1,36,36,40.0,0.4,0,,0,1,36,0,0,1,0,1,2.5,5.83,0.6,0.9,-0.3,-0.8,1.54,Matches,GER-BL1,24-25
4658e309,162,Aljoscha Kemlein,GER,MF,Union Berlin,20-028,2004,0,,,,,0,,0,0,,1,,,,,,,,,,,,Matches,GER-BL1,24-25
c107935c,163,Luca Kerber,GER,FW,Heidenheim,22-173,2002,1,10,10,11.1,0.1,0,,0,1,10,0,3,1,0,1,9.0,7.88,0.7,0.0,0.7,6.23,7.12,Matches,GER-BL1,24-25
59e4b92e,164,Rani Khedira,GER,MF,Union Berlin,30-216,1994,1,90,90,100.0,1.0,1,90,1,0,,0,1,1,1,0,0.0,,0.6,1.2,-0.5,-0.54,,Matches,GER-BL1,24-25
49296448,165,Joshua Kimmich,GER,"MF,DF",Bayern Munich,29-204,1995,1,90,90,100.0,1.0,1,90,1,0,,0,3,3,2,1,1.0,,2.4,1.9,0.5,0.52,,Matches,GER-BL1,24-25
ab679ecf,166,Daniel Klein,GER,GK,Augsburg,23-170,2001,0,,,,,0,,0,0,,1,,,,,,,,,,,,Matches,GER-BL1,24-25
258a6f4d,167,Tim Kleindienst,GER,FW,Gladbach,28-365,1995,1,89,89,98.9,1.0,1,89,0,0,,0,0,2,2,0,0.0,90.0,1.6,1.7,-0.2,-0.19,83.4,Matches,GER-BL1,24-25
ca8033cb,168,Lukas Klostermann,GER,DF,RB Leipzig,28-088,1996,1,16,16,17.8,0.2,0,,0,1,16,0,3,0,0,0,0.0,-1.22,0.0,0.2,-0.1,-0.74,-1.27,Matches,GER-BL1,24-25
19a967ab,169,Ansgar Knauff,GER,FW,Eint Frankfurt,22-233,2002,1,14,14,15.6,0.2,0,,0,1,14,0,0,0,1,-1,-6.43,-5.24,0.0,0.6,-0.6,-4.16,-4.53,Matches,GER-BL1,24-25
a48fb0c7,170,Magnus Knudsen,NOR,MF,Holstein Kiel,23-076,2001,1,78,78,86.7,0.9,1,78,0,0,,0,0,1,2,-1,-1.15,-1.15,1.6,2.9,-1.3,-1.53,1.44,Matches,GER-BL1,24-25
cd59b9df,171,Gregor Kobel,SUI,GK,Dortmund,26-268,1997,1,90,90,100.0,1.0,1,90,1,0,,0,3,2,0,2,2.0,,1.7,1.4,0.3,0.33,,Matches,GER-BL1,24-25
ea6bc03a,172,Robin Koch,GER,DF,Eint Frankfurt,28-044,1996,1,90,90,100.0,1.0,1,90,1,0,,0,0,0,2,-2,-2.0,,1.4,1.7,-0.3,-0.33,,Matches,GER-BL1,24-25
0fbecd11,173,Dominik Kohr,GER,DF,Mainz 05,30-212,1994,1,90,90,100.0,1.0,1,90,1,0,,0,1,1,1,0,0.0,,1.2,0.6,0.5,0.54,,Matches,GER-BL1,24-25
e7efcdb8,174,Marco Komenda,CRO,DF,Holstein Kiel,27-278,1996,1,45,45,50.0,0.5,1,45,0,0,,0,0,0,2,-2,-4.0,-6.0,1.0,2.0,-1.0,-2.01,-0.58,Matches,GER-BL1,24-25
ec68a918,175,Mert Kömür,GER,MF,Augsburg,19-044,2005,0,,,,,0,,0,0,,1,,,,,,,,,,,,Matches,GER-BL1,24-25
1f3afdcb,176,Odilon Kossonou,CIV,DF,Leverkusen,23-239,2001,0,,,,,0,,0,0,,1,,,,,,,,,,,,Matches,GER-BL1,24-25
bc67a0e1,177,Matej Kovar,CZE,GK,Leverkusen,24-105,2000,0,,,,,0,,0,0,,1,,,,,,,,,,,,Matches,GER-BL1,24-25
603cb947,178,Andrej Kramarić,CRO,MF,Hoffenheim,33-072,1991,1,89,89,98.9,1.0,1,89,0,0,,0,3,3,2,1,1.01,1.01,3.4,1.7,1.7,1.71,-1.14,Matches,GER-BL1,24-25
1fc08838,179,Frans Krätzig,GER,DF,Stuttgart,21-229,2003,1,56,56,62.2,0.6,1,56,0,0,,0,0,1,2,-1,-1.61,1.04,0.1,1.6,-1.4,-2.33,-1.52,Matches,GER-BL1,24-25
39769cff,180,Rasmus Kristensen,DEN,DF,Eint Frankfurt,27-050,1997,1,90,90,100.0,1.0,1,90,1,0,,0,0,0,2,-2,-2.0,,1.4,1.7,-0.3,-0.33,,Matches,GER-BL1,24-25
2a29eb9b,181,Lukas Kübler,GER,DF,Freiburg,32-000,1992,1,81,81,90.0,0.9,1,81,0,0,,0,3,3,1,2,2.22,2.22,2.1,0.2,1.8,2.05,3.02,Matches,GER-BL1,24-25
208fc867,182,Nediljko Labrović,CRO,GK,Augsburg,24-325,1999,1,90,90,100.0,1.0,1,90,1,0,,0,1,2,2,0,0.0,,1.0,1.4,-0.4,-0.44,,Matches,GER-BL1,24-25
c1b7847c,183,Konrad Laimer,AUT,"DF,MF",Bayern Munich,27-095,1997,0,,,,,0,,0,0,,1,,,,,,,,,,,,Matches,GER-BL1,24-25
4aea5077,184,Stefan Lainer,AUT,DF,Gladbach,32-003,1992,1,1,1,1.1,0.0,0,,0,1,1,0,0,0,1,-1,-90.0,-90.0,0.0,0.9,-0.9,-83.59,-83.4,Matches,GER-BL1,24-25
00c9a283,185,Hugo Larsson,SWE,MF,Eint Frankfurt,20-064,2004,1,90,90,100.0,1.0,1,90,1,0,,0,0,0,2,-2,-2.0,,1.4,1.7,-0.3,-0.33,,Matches,GER-BL1,24-25
c4987edc,186,Diogo Leite,POR,DF,Union Berlin,25-220,1999,1,90,90,100.0,1.0,1,90,1,0,,0,1,1,1,0,0.0,,0.6,1.2,-0.5,-0.54,,Matches,GER-BL1,24-25
7e12a98d,187,Maxim Leitsch,GER,DF,Mainz 05,26-104,1998,1,30,30,33.3,0.3,1,30,0,0,,0,1,0,0,0,0.0,0.0,0.4,0.1,0.2,0.74,0.29,Matches,GER-BL1,24-25
13fe7b69,188,Jamie Leweling,GER,"FW,DF",Stuttgart,23-186,2001,1,90,90,100.0,1.0,1,90,1,0,,0,0,1,3,-2,-2.0,,0.4,2.1,-1.8,-1.75,,Matches,GER-BL1,24-25
302527b2,189,Philipp Lienhart,AUT,DF,Freiburg,28-050,1996,1,90,90,100.0,1.0,1,90,1,0,,0,3,3,1,2,2.0,,2.1,0.4,1.8,1.75,,Matches,GER-BL1,24-25
5dbfd101,190,Noah Loosli,SUI,DF,Bochum,27-220,1997,0,,,,,0,,0,0,,1,,,,,,,,,,,,Matches,GER-BL1,24-25
07c7eb0c,191,Anthony Losilla,FRA,MF,Bochum,38-173,1986,1,70,70,77.8,0.8,1,70,0,0,,0,0,0,1,-1,-1.29,-1.29,0.8,1.2,-0.4,-0.56,-1.15,Matches,GER-BL1,24-25
5b9512c5,192,Castello Lukeba,FRA,DF,RB Leipzig,21-257,2002,1,90,90,100.0,1.0,1,90,1,0,,0,3,1,0,1,1.0,,1.3,1.0,0.3,0.31,,Matches,GER-BL1,24-25
0ed60738,193,Senne Lynen,BEL,MF,Werder Bremen,25-193,1999,1,89,89,98.9,1.0,1,89,0,0,,0,1,2,2,0,0.0,0.0,1.4,1.0,0.4,0.45,0.45,Matches,GER-BL1,24-25
964dde35,194,Shuto Machino,JPN,"FW,MF",Holstein Kiel,24-335,1999,1,90,90,100.0,1.0,1,90,1,0,,0,0,2,3,-1,-1.0,,1.7,3.5,-1.7,-1.72,,Matches,GER-BL1,24-25
ab700320,195,Arne Maier,GER,MF,Augsburg,25-235,1999,1,58,58,64.4,0.6,1,58,0,0,,0,1,2,2,0,0.0,0.0,0.9,0.7,0.2,0.3,2.09,Matches,GER-BL1,24-25
dd9caa07,196,Patrick Mainka,GER,DF,Heidenheim,29-298,1994,1,90,90,100.0,1.0,1,90,1,0,,0,3,2,0,2,2.0,,1.1,1.2,-0.1,-0.09,,Matches,GER-BL1,24-25
fc46aab1,197,Lovro Majer,CRO,MF,Wolfsburg,26-226,1998,1,77,77,85.6,0.9,1,77,0,0,,0,0,2,2,0,0.0,6.92,1.6,1.8,-0.2,-0.25,1.83,Matches,GER-BL1,24-25
14b09c41,198,Jordy Makengo,FRA,DF,Freiburg,23-027,2001,0,,,,,0,,0,0,,1,,,,,,,,,,,,Matches,GER-BL1,24-25
8b84b707,199,Julián Malatini,ARG,DF,Werder Bremen,23-091,2001,0,,,,,0,,0,0,,1,,,,,,,,,,,,Matches,GER-BL1,24-25
116c35df,200,Donyell Malen,NED,DF,Dortmund,25-234,1999,1,58,58,64.4,0.6,1,58,0,0,,0,3,0,0,0,0.0,-5.63,0.7,0.4,0.3,0.42,0.23,Matches,GER-BL1,24-25
75402e99,201,Lennard Maloney,USA,MF,Heidenheim,24-327,1999,1,90,90,100.0,1.0,1,90,1,0,,0,3,2,0,2,2.0,,1.1,1.2,-0.1,-0.09,,Matches,GER-BL1,24-25
0e0102eb,202,Omar Marmoush,EGY,MF,Eint Frankfurt,25-205,1999,1,68,68,75.6,0.8,1,68,0,0,,0,0,0,0,0,0.0,8.18,0.4,0.9,-0.5,-0.61,-1.13,Matches,GER-BL1,24-25
a396fb61,203,Erhan Mašović,SRB,DF,Bochum,25-282,1998,1,90,90,100.0,1.0,1,90,1,0,,0,0,0,1,-1,-1.0,,1.0,1.3,-0.3,-0.31,,Matches,GER-BL1,24-25
948e1292,204,Igor Matanovic,CRO,FW,Eint Frankfurt,21-152,2003,1,22,22,24.4,0.2,0,,0,1,22,0,0,0,2,-2,-8.18,-8.18,0.9,0.8,0.1,0.52,1.13,Matches,GER-BL1,24-25
70d4c949,205,Jean Mattéo Bahoya,FRA,MF,Eint Frankfurt,19-115,2005,0,,,,,0,,0,0,,1,,,,,,,,,,,,Matches,GER-BL1,24-25
ebb32f3a,206,Keke Maximilian Topp,GER,FW,Werder Bremen,20-158,2004,1,45,45,50.0,0.5,1,45,0,0,,0,1,1,2,-1,-2.0,-4.0,0.4,0.9,-0.4,-0.81,-2.51,Matches,GER-BL1,24-25
5f5ebdae,207,Jakov Medić,CRO,DF,Bochum,25-358,1998,1,85,85,94.4,0.9,1,85,0,0,,0,0,0,1,-1,-1.06,-1.06,0.9,1.2,-0.4,-0.38,-1.41,Matches,GER-BL1,24-25
73ce4d7d,208,Connor Metcalfe,AUS,MF,St. Pauli,24-299,1999,1,83,83,92.2,0.9,1,83,0,0,,0,0,0,2,-2,-2.17,-2.17,1.2,1.1,0.1,0.15,0.72,Matches,GER-BL1,24-25
ef2ad14e,209,Karol Mets,EST,DF,St. Pauli,31-106,1993,1,90,90,100.0,1.0,1,90,1,0,,0,0,0,2,-2,-2.0,,1.2,1.1,0.1,0.09,,Matches,GER-BL1,24-25
b56dd813,210,Alexander Meyer,GER,GK,Dortmund,33-139,1991,0,,,,,0,,0,0,,1,,,,,,,,,,,,Matches,GER-BL1,24-25
0024cb81,211,Florian Micheler,AUT,MF,Hoffenheim,19-105,2005,0,,,,,0,,0,0,,1,,,,,,,,,,,,Matches,GER-BL1,24-25
f76022e7,212,Enzo Millot,FRA,MF,Stuttgart,22-044,2002,1,90,90,100.0,1.0,1,90,1,0,,0,0,1,3,-2,-2.0,,0.4,2.1,-1.8,-1.75,,Matches,GER-BL1,24-25
e0f8151c,213,Kim Min-jae,KOR,DF,Bayern Munich,27-289,1996,1,80,80,88.9,0.9,1,80,0,0,,0,3,2,2,0,0.0,-9.0,2.0,1.6,0.4,0.49,-0.28,Matches,GER-BL1,24-25
88d4144a,214,Maximilian Mittelstädt,GER,DF,Stuttgart,27-165,1997,1,34,34,37.8,0.4,0,,0,1,34,0,0,0,1,-1,-2.65,-1.04,0.2,0.5,-0.3,-0.81,1.52,Matches,GER-BL1,24-25
710045fb,215,Max Moerstedt,GER,FW,Hoffenheim,,,1,1,1,1.1,0.0,0,,0,1,1,0,3,0,0,0,0.0,-1.01,0.0,0.0,0.0,2.85,1.14,Matches,GER-BL1,24-25
19ba6c6d,216,Steve Mounié,BEN,FW,Augsburg,29-336,1994,1,11,11,12.2,0.1,0,,0,1,11,0,1,0,0,0,0.0,0.0,0.0,0.0,0.0,0.25,0.79,Matches,GER-BL1,24-25
cbac6ec9,217,Florian Müller,GER,GK,Freiburg,26-291,1997,1,90,90,100.0,1.0,1,90,1,0,,0,3,3,1,2,2.0,,2.1,0.4,1.8,1.75,,Matches,GER-BL1,24-25
f256f213,218,Kevin Müller,GER,GK,Heidenheim,33-168,1991,1,90,90,100.0,1.0,1,90,1,0,,0,3,2,0,2,2.0,,1.1,1.2,-0.1,-0.09,,Matches,GER-BL1,24-25
04ac779b,219,Marius Müller,GER,GK,Wolfsburg,31-049,1993,0,,,,,0,,0,0,,1,,,,,,,,,,,,Matches,GER-BL1,24-25
3c6089ab,220,Thomas Müller,GER,MF,Bayern Munich,34-352,1989,1,26,26,28.9,0.3,0,,0,1,26,0,3,2,0,2,6.92,8.33,0.6,0.5,0.1,0.46,-0.09,Matches,GER-BL1,24-25
2c0558b8,221,Jamal Musiala,GER,MF,Bayern Munich,21-186,2003,1,90,90,100.0,1.0,1,90,1,0,,0,3,3,2,1,1.0,,2.4,1.9,0.5,0.52,,Matches,GER-BL1,24-25
ae961785,222,Florent Muslija,KVX,MF,Freiburg,26-055,1998,1,9,9,10.0,0.1,0,,0,1,9,0,3,0,0,0,0.0,-2.22,0.0,0.1,-0.1,-0.96,-3.02,Matches,GER-BL1,24-25
2ff76adc,223,Phillipp Mwene,AUT,DF,Mainz 05,30-214,1994,1,90,90,100.0,1.0,1,90,1,0,,0,1,1,1,0,0.0,,1.2,0.6,0.5,0.54,,Matches,GER-BL1,24-25
e110ea4b,224,Nathan N'Goumou,FRA,FW,Gladbach,24-169,2000,1,1,1,1.1,0.0,0,,0,1,1,0,0,0,1,-1,-90.0,-90.0,0.0,0.9,-0.9,-83.59,-83.4,Matches,GER-BL1,24-25
61590953,225,Stanley N'Soki,FRA,DF,Hoffenheim,25-143,1999,1,2,2,2.2,0.0,0,,0,1,2,0,3,0,0,0,0.0,-1.02,0.0,0.0,0.0,1.43,-0.3,Matches,GER-BL1,24-25
1b6d8083,226,Paul Nebel,GER,DF,Mainz 05,21-325,2002,1,6,6,6.7,0.1,0,,0,1,6,0,1,0,0,0,0.0,0.0,0.4,0.2,0.3,3.82,3.51,Matches,GER-BL1,24-25
da76715c,227,David Nemeth,AUT,DF,St. Pauli,23-165,2001,0,,,,,0,,0,0,,1,,,,,,,,,,,,Matches,GER-BL1,24-25
e79269bd,228,Luca Netz,GER,DF,Gladbach,21-107,2003,1,89,89,98.9,1.0,1,89,0,0,,0,0,2,2,0,0.0,90.0,1.6,1.7,-0.2,-0.19,83.4,Matches,GER-BL1,24-25
8778c910,229,Manuel Neuer,GER,GK,Bayern Munich,38-156,1986,1,90,90,100.0,1.0,1,90,1,0,,0,3,3,2,1,1.0,,2.4,1.9,0.5,0.52,,Matches,GER-BL1,24-25
36a59ba4,230,Florian Neuhaus,GER,MF,Gladbach,27-167,1997,0,,,,,0,,0,0,,1,,,,,,,,,,,,Matches,GER-BL1,24-25
226ddf9d,231,Moritz Nicolas,GER,GK,Gladbach,26-314,1997,0,,,,,0,,0,0,,1,,,,,,,,,,,,Matches,GER-BL1,24-25
a45241d5,232,Justin Njinmah,GER,FW,Werder Bremen,23-289,2000,1,45,45,50.0,0.5,0,,0,1,45,0,1,1,0,1,2.0,4.0,1.0,0.2,0.9,1.7,2.51,Matches,GER-BL1,24-25
f5b281e7,233,Niels Nkounkou,FRA,DF,Eint Frankfurt,23-303,2000,1,22,22,24.4,0.2,0,,0,1,22,0,0,0,2,-2,-8.18,-8.18,0.9,0.8,0.1,0.52,1.13,Matches,GER-BL1,24-25
091c86e2,234,Felix Nmecha,GER,MF,Dortmund,23-325,2000,1,10,10,11.1,0.1,0,,0,1,10,0,3,1,0,1,9.0,7.88,0.6,0.0,0.6,5.83,6.18,Matches,GER-BL1,24-25
afb0c500,235,Alexander Nübel,GER,GK,Stuttgart,27-335,1996,1,90,90,100.0,1.0,1,90,1,0,,0,0,1,3,-2,-2.0,,0.4,2.1,-1.8,-1.75,,Matches,GER-BL1,24-25
4ab12002,236,Antonio Nusa,NOR,MF,RB Leipzig,19-135,2005,1,36,36,40.0,0.4,0,,0,1,36,0,3,1,0,1,2.5,2.5,0.4,0.2,0.2,0.57,0.44,Matches,GER-BL1,24-25
6a58d68c,237,David Odogu,GER,DF,Wolfsburg,18-088,2006,0,,,,,0,,0,0,,1,,,,,,,,,,,,Matches,GER-BL1,24-25
57ec75bf,238,Tim Oermann,GER,DF,Bochum,20-329,2003,1,5,5,5.6,0.1,0,,0,1,5,0,0,0,0,0,0.0,1.06,0.1,0.0,0.1,1.03,1.41,Matches,GER-BL1,24-25
d41472b7,239,Ifechukwu Ogbus,SUI,DF,Freiburg,18-257,2005,1,9,9,10.0,0.1,0,,0,1,9,0,3,0,0,0,0.0,-2.22,0.0,0.1,-0.1,-0.96,-3.02,Matches,GER-BL1,24-25
c4486bac,240,Michael Olise,FRA,FW,Bayern Munich,22-262,2001,1,74,74,82.2,0.8,1,74,0,0,,0,3,2,2,0,0.0,-5.63,1.8,1.6,0.2,0.26,-1.43,Matches,GER-BL1,24-25
c631f952,241,Jonas Omlin,SUI,GK,Gladbach,30-233,1994,1,90,90,100.0,1.0,1,90,1,0,,0,0,2,3,-1,-1.0,,1.6,2.7,-1.1,-1.11,,Matches,GER-BL1,24-25
f26834c7,242,Karim Onisiwo,AUT,MF,Mainz 05,32-166,1992,1,75,75,83.3,0.8,1,75,0,0,,0,1,1,1,0,0.0,0.0,0.7,0.3,0.4,0.46,-0.47,Matches,GER-BL1,24-25
8652a85c,243,Loïs Openda,BEL,FW,RB Leipzig,24-196,2000,1,85,85,94.4,0.9,1,85,0,0,,0,3,1,0,1,1.06,1.06,1.2,0.9,0.4,0.38,1.41,Matches,GER-BL1,24-25
20030c06,244,Willi Orban,HUN,DF,RB Leipzig,31-301,1992,1,84,84,93.3,0.9,1,84,0,0,,0,3,1,0,1,1.07,1.07,1.2,0.9,0.4,0.39,1.25,Matches,GER-BL1,24-25
9662c9ec,245,Patrick Osterhage,GER,MF,Freiburg,24-211,2000,1,90,90,100.0,1.0,1,90,1,0,,0,3,3,1,2,2.0,,2.1,0.4,1.8,1.75,,Matches,GER-BL1,24-25
a78ff07f,246,João Palhinha,POR,MF,Bayern Munich,29-052,1995,0,,,,,0,,0,0,,1,,,,,,,,,,,,Matches,GER-BL1,24-25
2420dbac,247,Mats Pannewig,GER,MF,Bochum,19-307,2004,1,20,20,22.2,0.2,0,,0,1,20,0,0,0,0,0,0.0,1.29,0.2,0.0,0.1,0.59,1.15,Matches,GER-BL1,24-25
5c899683,248,Felix Passlack,GER,DF,Bochum,26-093,1998,1,90,90,100.0,1.0,1,90,1,0,,0,0,0,1,-1,-1.0,,1.0,1.3,-0.3,-0.31,,Matches,GER-BL1,24-25
2658c82f,249,Aleksandar Pavlovic,GER,MF,Bayern Munich,20-119,2004,1,90,90,100.0,1.0,1,90,1,0,,0,3,3,2,1,1.0,,2.4,1.9,0.5,0.52,,Matches,GER-BL1,24-25
582a5247,250,Mads Pedersen,DEN,DF,Augsburg,27-364,1996,1,90,90,100.0,1.0,1,90,1,0,,0,1,2,2,0,0.0,,1.0,1.4,-0.4,-0.44,,Matches,GER-BL1,24-25
b684a484,251,Jordan Pefok,USA,FW,Union Berlin,28-126,1996,1,90,90,100.0,1.0,1,90,1,0,,0,1,1,1,0,0.0,,0.6,1.2,-0.5,-0.54,,Matches,GER-BL1,24-25
eb3e717e,252,Luca Philipp,GER,GK,Hoffenheim,23-276,2000,0,,,,,0,,0,0,,1,,,,,,,,,,,,Matches,GER-BL1,24-25
c184c8c8,253,Benedikt Pichler,AUT,FW,Holstein Kiel,27-041,1997,1,53,53,58.9,0.6,1,53,0,0,,0,0,0,2,-2,-3.4,-5.83,1.0,2.3,-1.3,-2.18,-1.12,Matches,GER-BL1,24-25
11407d95,254,Marvin Pieringer,GER,MF,Heidenheim,24-331,1999,1,29,29,32.2,0.3,0,,0,1,29,0,3,2,0,2,6.21,6.21,1.0,0.1,0.9,2.84,4.33,Matches,GER-BL1,24-25
bc6bd723,255,Alassane Pléa,FRA,FW,Gladbach,31-173,1993,1,70,70,77.8,0.8,1,70,0,0,,0,0,1,2,-1,-1.29,-1.29,1.3,1.2,0.1,0.08,5.35,Matches,GER-BL1,24-25
b020d807,256,Finn Porath,GER,DF,Holstein Kiel,27-189,1997,1,45,45,50.0,0.5,0,,0,1,45,0,0,2,1,1,2.0,6.0,0.8,1.5,-0.7,-1.43,0.58,Matches,GER-BL1,24-25
d2416c2e,257,Yussuf Poulsen,DEN,FW,RB Leipzig,30-076,1994,1,16,16,17.8,0.2,0,,0,1,16,0,3,0,0,0,0.0,-1.22,0.0,0.2,-0.1,-0.74,-1.27,Matches,GER-BL1,24-25
6637e6a7,258,Alexander Prass,AUT,DF,Hoffenheim,23-096,2001,1,88,88,97.8,1.0,1,88,0,0,,0,3,3,2,1,1.02,1.02,3.4,1.7,1.7,1.73,0.3,Matches,GER-BL1,24-25
924f9191,259,Grischa Prömel,GER,MF,Hoffenheim,29-234,1995,1,90,90,100.0,1.0,1,90,1,0,,0,3,3,2,1,1.0,,3.5,1.7,1.7,1.72,,Matches,GER-BL1,24-25
c68b1b13,260,Tymoteusz Puchacz,POL,DF,Holstein Kiel,25-220,1999,1,45,45,50.0,0.5,1,45,0,0,,0,0,0,2,-2,-4.0,-6.0,1.0,2.0,-1.0,-2.01,-0.58,Matches,GER-BL1,24-25
9fd158d6,261,Leopold Querfeld,AUT,DF,Union Berlin,20-254,2003,1,8,8,8.9,0.1,0,,0,1,8,0,1,0,0,0,0.0,0.0,0.3,0.4,-0.2,-1.76,-1.33,Matches,GER-BL1,24-25
7d450ed3,262,David Raum,GER,DF,RB Leipzig,26-130,1998,1,90,90,100.0,1.0,1,90,1,0,,0,3,1,0,1,1.0,,1.3,1.0,0.3,0.31,,Matches,GER-BL1,24-25
cc971106,263,Rocco Reitz,GER,MF,Gladbach,22-093,2002,1,70,70,77.8,0.8,1,70,0,0,,0,0,1,2,-1,-1.29,-1.29,1.3,1.2,0.1,0.08,5.35,Matches,GER-BL1,24-25
625fd441,264,Nicolai Remberg,GER,MF,Holstein Kiel,24-072,2000,1,12,12,13.3,0.1,0,,0,1,12,0,0,1,1,0,0.0,1.15,0.2,0.6,-0.4,-2.97,-1.44,Matches,GER-BL1,24-25
1ae836b1,265,Elvis Rexhbeçaj,GER,MF,Augsburg,26-303,1997,1,90,90,100.0,1.0,1,90,1,0,,0,1,2,2,0,0.0,,1.0,1.4,-0.4,-0.44,,Matches,GER-BL1,24-25
7fa4e703,266,Gio Reyna,USA,MF,Dortmund,21-291,2002,1,10,10,11.1,0.1,0,,0,1,10,0,3,1,0,1,9.0,7.88,0.6,0.0,0.6,5.83,6.18,Matches,GER-BL1,24-25
f972644c,267,Marco Richter,GER,"FW,MF",Mainz 05,26-280,1997,0,,,,,0,,0,0,,1,,,,,,,,,,,,Matches,GER-BL1,24-25
c2bd8585,268,Fabian Rieder,SUI,MF,Stuttgart,22-196,2002,1,26,26,28.9,0.3,0,,0,1,26,0,0,0,0,0,0.0,2.81,0.2,0.1,0.1,0.28,2.86,Matches,GER-BL1,24-25
25877714,269,Lasse Rieß,GER,GK,Mainz 05,23-034,2001,0,,,,,0,,0,0,,1,,,,,,,,,,,,Matches,GER-BL1,24-25
35d23b15,270,Lars Ritzka,GER,DF,St. Pauli,26-115,1998,1,75,75,83.3,0.8,1,75,0,0,,0,0,0,1,-1,-1.2,4.8,1.2,0.4,0.8,0.94,5.1,Matches,GER-BL1,24-25
1f2c7b55,271,Merlin Röhl,GER,MF,Freiburg,22-056,2002,1,62,62,68.9,0.7,1,62,0,0,,0,3,3,1,2,2.9,2.9,2.0,0.1,1.8,2.66,2.92,Matches,GER-BL1,24-25
1df23153,272,Lasse Rosenboom,GER,DF,Holstein Kiel,22-224,2002,0,,,,,0,,0,0,,1,,,,,,,,,,,,Matches,GER-BL1,24-25
b6ceba6b,273,Max Rosenfelder,GER,DF,Freiburg,21-202,2003,1,90,90,100.0,1.0,1,90,1,0,,0,3,3,1,2,2.0,,2.1,0.4,1.8,1.75,,Matches,GER-BL1,24-25
90c1f9a4,274,Tom Rothe,GER,"DF,MF",Union Berlin,19-306,2004,0,,,,,0,,0,0,,1,,,,,,,,,,,,Matches,GER-BL1,24-25
009a4f60,275,Julian Ryerson,NOR,DF,Dortmund,26-287,1997,1,90,90,100.0,1.0,1,90,1,0,,0,3,2,0,2,2.0,,1.7,1.4,0.3,0.33,,Matches,GER-BL1,24-25
a70b8345,276,Frederik Rønnow,DEN,GK,Union Berlin,32-026,1992,1,90,90,100.0,1.0,1,90,1,0,,0,1,1,1,0,0.0,,0.6,1.2,-0.5,-0.54,,Matches,GER-BL1,24-25
78a2284f,277,Elias Saad,TUN,MF,St. Pauli,24-247,1999,1,7,7,7.8,0.1,0,,0,1,7,0,0,0,0,0,0.0,2.17,0.0,0.0,0.0,-0.57,-0.72,Matches,GER-BL1,24-25
e280527c,278,Marcel Sabitzer,AUT,MF,Dortmund,30-166,1994,1,80,80,88.9,0.9,1,80,0,0,,0,3,1,0,1,1.13,-7.88,1.1,1.4,-0.3,-0.35,-6.18,Matches,GER-BL1,24-25
18fe6d90,279,Manolis Saliakas,GRE,DF,St. Pauli,27-353,1996,1,15,15,16.7,0.2,0,,0,1,15,0,0,0,1,-1,-6.0,-4.8,0.0,0.7,-0.7,-4.15,-5.1,Matches,GER-BL1,24-25
bf075f6b,280,Roland Sallai,HUN,"MF,FW",Freiburg,27-100,1997,1,18,18,20.0,0.2,0,,0,1,18,0,3,0,0,0,0.0,-2.5,0.1,0.2,0.0,-0.24,-2.49,Matches,GER-BL1,24-25
5c90bad8,281,Philipp Sander,GER,MF,Gladbach,26-191,1998,1,20,20,22.2,0.2,0,,0,1,20,0,0,1,1,0,0.0,1.29,0.3,1.5,-1.2,-5.27,-5.35,Matches,GER-BL1,24-25
7a7a6361,282,Kaishu Sano,JPN,MF,Mainz 05,23-244,2000,1,85,85,94.4,0.9,1,85,0,0,,0,1,1,1,0,0.0,0.0,0.7,0.4,0.3,0.3,-4.28,Matches,GER-BL1,24-25
c7c50cb5,283,Kauã Santos,BRA,GK,Eint Frankfurt,21-141,2003,0,,,,,0,,0,0,,1,,,,,,,,,,,,Matches,GER-BL1,24-25
236f02cd,284,Joe Scally,USA,DF,Gladbach,21-243,2002,1,90,90,100.0,1.0,1,90,1,0,,0,0,2,3,-1,-1.0,,1.6,2.7,-1.1,-1.11,,Matches,GER-BL1,24-25
049751d7,285,András Schäfer,HUN,MF,Union Berlin,25-139,1999,1,71,71,78.9,0.8,1,71,0,0,,0,1,0,1,-1,-1.27,-6.0,0.2,0.7,-0.5,-0.67,-0.59,Matches,GER-BL1,24-25
5d4f7d61,286,Patrik Schick,CZE,FW,Leverkusen,28-219,1996,0,,,,,0,,0,0,,1,,,,,,,,,,,,Matches,GER-BL1,24-25
f6bdc830,287,Keven Schlotterbeck,GER,DF,Augsburg,27-124,1997,1,90,90,100.0,1.0,1,90,1,0,,0,1,2,2,0,0.0,,1.0,1.4,-0.4,-0.44,,Matches,GER-BL1,24-25
34e12499,288,Nico Schlotterbeck,GER,DF,Dortmund,24-273,1999,1,90,90,100.0,1.0,1,90,1,0,,0,3,2,0,2,2.0,,1.7,1.4,0.3,0.33,,Matches,GER-BL1,24-25
220ace7e,289,Romano Schmid,AUT,MF,Werder Bremen,24-216,2000,1,87,87,96.7,1.0,1,87,0,0,,0,1,2,2,0,0.0,0.0,1.4,1.0,0.5,0.49,1.4,Matches,GER-BL1,24-25
932bfcac,290,Jan Schöppner,GER,MF,Heidenheim,25-079,1999,1,90,90,100.0,1.0,1,90,1,0,,0,3,2,0,2,2.0,,1.1,1.2,-0.1,-0.09,,Matches,GER-BL1,24-25
651167c8,291,Marvin Schulz,GER,MF,Holstein Kiel,29-228,1995,1,9,9,10.0,0.1,0,,0,1,9,0,0,1,1,0,0.0,1.11,0.2,0.6,-0.4,-3.96,-2.49,Matches,GER-BL1,24-25
0d55d942,292,Alexander Schwolow,GER,GK,Union Berlin,32-089,1992,0,,,,,0,,0,0,,1,,,,,,,,,,,,Matches,GER-BL1,24-25
79064bc9,293,Léo Scienza,BRA,FW,Heidenheim,25-352,1998,1,61,61,67.8,0.7,1,61,0,0,,0,3,0,0,0,0.0,-6.21,0.1,1.1,-1.0,-1.49,-4.33,Matches,GER-BL1,24-25
28c6e925,294,Nicolas Seiwald,AUT,MF,RB Leipzig,23-118,2001,1,54,54,60.0,0.6,1,54,0,0,,0,3,0,0,0,0.0,-2.5,0.9,0.8,0.1,0.13,-0.44,Matches,GER-BL1,24-25
3260690c,295,Benjamin Šeško,SVN,FW,RB Leipzig,21-091,2003,1,74,74,82.2,0.8,1,74,0,0,,0,3,1,0,1,1.22,1.22,1.2,0.8,0.4,0.53,1.27,Matches,GER-BL1,24-25
228c1d94,296,Armindo Sieb,GER,MF,Mainz 05,21-195,2003,1,15,15,16.7,0.2,0,,0,1,15,0,1,0,0,0,0.0,0.0,0.4,0.3,0.2,0.94,0.47,Matches,GER-BL1,24-25
f761c901,297,Tim Siersleben,GER,DF,Heidenheim,24-174,2000,0,,,,,0,,0,0,,1,,,,,,,,,,,,Matches,GER-BL1,24-25
3effaa34,298,André Silva,POR,FW,RB Leipzig,28-298,1995,0,,,,,0,,0,0,,1,,,,,,,,,,,,Matches,GER-BL1,24-25
fcb27134,299,Mohamed Simakan,FRA,DF,RB Leipzig,24-119,2000,1,54,54,60.0,0.6,1,54,0,0,,0,3,0,0,0,0.0,-2.5,0.9,0.8,0.1,0.13,-0.44,Matches,GER-BL1,24-25
da4d670f,300,Xavi Simons,NED,MF,RB Leipzig,21-131,2003,1,90,90,100.0,1.0,1,90,1,0,,0,3,1,0,1,1.0,,1.3,1.0,0.3,0.31,,Matches,GER-BL1,24-25
96ddfa79,301,Danel Sinani,LUX,"FW,MF",St. Pauli,27-147,1997,0,,,,,0,,0,0,,1,,,,,,,,,,,,Matches,GER-BL1,24-25
0f8418aa,302,Ibrahima Sissoko,MLI,MF,Bochum,26-308,1997,1,90,90,100.0,1.0,1,90,1,0,,0,0,0,1,-1,-1.0,,1.0,1.3,-0.3,-0.31,,Matches,GER-BL1,24-25
65857fdf,303,Tim Skarke,GER,MF,Union Berlin,27-358,1996,1,19,19,21.1,0.2,0,,0,1,19,0,1,1,0,1,4.74,6.0,0.4,0.4,0.0,-0.08,0.59,Matches,GER-BL1,24-25
c2211709,304,Ellyes Skhiri,TUN,MF,Eint Frankfurt,29-112,1995,1,90,90,100.0,1.0,1,90,1,0,,0,0,0,2,-2,-2.0,,1.4,1.7,-0.3,-0.33,,Matches,GER-BL1,24-25
8817312f,305,Eric Smith,SWE,DF,St. Pauli,27-235,1997,1,90,90,100.0,1.0,1,90,1,0,,0,0,0,2,-2,-2.0,,1.2,1.1,0.1,0.09,,Matches,GER-BL1,24-25
0f59a7bf,306,Anton Stach,GER,DF,Hoffenheim,25-289,1998,1,90,90,100.0,1.0,1,90,1,0,,0,3,3,2,1,1.0,,3.5,1.7,1.7,1.72,,Matches,GER-BL1,24-25
1fffae99,307,Jens Stage,DEN,MF,Werder Bremen,27-296,1996,1,90,90,100.0,1.0,1,90,1,0,,0,1,2,2,0,0.0,,1.4,1.0,0.4,0.44,,Matches,GER-BL1,24-25
aad48be9,308,Niklas Stark,GER,DF,Werder Bremen,29-138,1995,1,45,45,50.0,0.5,1,45,0,0,,0,1,1,2,-1,-2.0,-4.0,0.4,0.9,-0.4,-0.81,-2.51,Matches,GER-BL1,24-25
99f7e9aa,309,Pascal Stenzel,GER,DF,Stuttgart,28-163,1996,1,64,64,71.1,0.7,1,64,0,0,,0,0,1,3,-2,-2.81,-2.81,0.1,2.0,-1.8,-2.58,-2.86,Matches,GER-BL1,24-25
7e003182,310,Finley Stevens,WAL,DF,St. Pauli,21-142,2003,0,,,,,0,,0,0,,1,,,,,,,,,,,,Matches,GER-BL1,24-25
3b1ed320,311,Angelo Stiller,GER,"DF,MF",Stuttgart,23-148,2001,1,90,90,100.0,1.0,1,90,1,0,,0,0,1,3,-2,-2.0,,0.4,2.1,-1.8,-1.75,,Matches,GER-BL1,24-25
e5649a78,312,Kevin Stöger,AUT,MF,Gladbach,31-003,1993,1,90,90,100.0,1.0,1,90,1,0,,0,0,2,3,-1,-1.0,,1.6,2.7,-1.1,-1.11,,Matches,GER-BL1,24-25
ca26217c,313,Lars Strobl,GER,DF,Hoffenheim,19-137,2005,0,,,,,0,,0,0,,1,,,,,,,,,,,,Matches,GER-BL1,24-25
e33c06cf,314,Niklas Süle,GER,DF,Dortmund,28-362,1995,1,90,90,100.0,1.0,1,90,1,0,,0,3,2,0,2,2.0,,1.7,1.4,0.3,0.33,,Matches,GER-BL1,24-25
92d83c27,315,Mattias Svanberg,SWE,MF,Wolfsburg,25-238,1999,1,85,85,94.4,0.9,1,85,0,0,,0,0,2,3,-1,-1.06,-1.06,1.9,2.3,-0.5,-0.51,0.17,Matches,GER-BL1,24-25
50ff205b,316,Attila Szalai,HUN,"DF,MF",Hoffenheim,26-223,1998,0,,,,,0,,0,0,,1,,,,,,,,,,,,Matches,GER-BL1,24-25
bd142efb,317,Jonathan Tah,GER,DF,Leverkusen,28-201,1996,1,90,90,100.0,1.0,1,90,1,0,,0,3,3,2,1,1.0,,2.7,1.6,1.1,1.11,,Matches,GER-BL1,24-25
a73c8f95,318,Edmond Tapsoba,BFA,DF,Leverkusen,25-210,1999,1,90,90,100.0,1.0,1,90,1,0,,0,3,3,2,1,1.0,,2.7,1.6,1.1,1.11,,Matches,GER-BL1,24-25
829aa60c,319,Mathys Tel,FRA,FW,Bayern Munich,19-125,2005,0,,,,,0,,0,0,,1,,,,,,,,,,,,Matches,GER-BL1,24-25
f1e94cd6,320,Nathan Tella,NGA,"FW,MF",Leverkusen,25-056,1999,0,,,,,0,,0,0,,1,,,,,,,,,,,,Matches,GER-BL1,24-25
5148dcc5,321,Martin Terrier,FRA,MF,Leverkusen,27-179,1997,1,26,26,28.9,0.3,0,,0,1,26,0,3,1,1,0,0.0,-1.41,1.7,0.3,1.4,4.8,5.19,Matches,GER-BL1,24-25
df8d6029,322,Arthur Theate,BEL,DF,Eint Frankfurt,24-097,2000,1,68,68,75.6,0.8,1,68,0,0,,0,0,0,0,0,0.0,8.18,0.4,0.9,-0.5,-0.61,-1.13,Matches,GER-BL1,24-25
0cbf4c54,323,Norman Theuerkauf,GER,"DF,MF",Heidenheim,37-219,1987,0,,,,,0,,0,0,,1,,,,,,,,,,,,Matches,GER-BL1,24-25
3397e7b5,324,Phillip Tietz,GER,FW,Augsburg,27-052,1997,1,65,65,72.2,0.7,1,65,0,0,,0,1,2,2,0,0.0,0.0,0.9,0.9,0.0,0.05,1.79,Matches,GER-BL1,24-25
b492126a,325,Tiago Tomás,POR,FW,Wolfsburg,22-075,2002,1,90,90,100.0,1.0,1,90,1,0,,0,0,2,3,-1,-1.0,,1.9,2.4,-0.5,-0.52,,Matches,GER-BL1,24-25
71ec39ef,326,Lucas Tousart,FRA,MF,Union Berlin,27-123,1997,1,64,64,71.1,0.7,1,64,0,0,,0,1,0,1,-1,-1.41,-4.87,0.2,0.7,-0.5,-0.74,-0.68,Matches,GER-BL1,24-25
f44e8a73,327,Omar Traoré,GER,DF,Heidenheim,26-208,1998,1,89,89,98.9,1.0,1,89,0,0,,0,3,2,0,2,2.02,2.02,1.1,1.2,-0.1,-0.14,-4.13,Matches,GER-BL1,24-25
ce17b5eb,328,Kevin Trapp,GER,GK,Eint Frankfurt,34-053,1990,1,90,90,100.0,1.0,1,90,1,0,,0,0,0,2,-2,-2.0,,1.4,1.7,-0.3,-0.33,,Matches,GER-BL1,24-25
047822ad,329,Philipp Treu,GER,DF,St. Pauli,23-271,2000,1,90,90,100.0,1.0,1,90,1,0,,0,0,0,2,-2,-2.0,,1.2,1.1,0.1,0.09,,Matches,GER-BL1,24-25
056d2d95,330,Christopher Trimmel,AUT,DF,Union Berlin,37-188,1987,1,71,71,78.9,0.8,1,71,0,0,,0,1,0,1,-1,-1.27,-6.0,0.2,0.7,-0.5,-0.67,-0.59,Matches,GER-BL1,24-25
35d64857,331,Tuta,BRA,DF,Eint Frankfurt,25-057,1999,1,90,90,100.0,1.0,1,90,1,0,,0,0,0,2,-2,-2.0,,1.4,1.7,-0.3,-0.33,,Matches,GER-BL1,24-25
7d3e7da6,332,Sven Ulreich,GER,GK,Bayern Munich,36-027,1988,0,,,,,0,,0,0,,1,,,,,,,,,,,,Matches,GER-BL1,24-25
dd549382,333,Deniz Undav,GER,MF,Stuttgart,28-042,1996,1,64,64,71.1,0.7,1,64,0,0,,0,0,1,3,-2,-2.81,-2.81,0.1,2.0,-1.8,-2.58,-2.86,Matches,GER-BL1,24-25
d248cd8f,334,Dayot Upamecano,FRA,DF,Bayern Munich,25-308,1998,1,90,90,100.0,1.0,1,90,1,0,,0,3,3,2,1,1.0,,2.4,1.9,0.5,0.52,,Matches,GER-BL1,24-25
1d0b134a,335,Can Uzun,TUR,MF,Eint Frankfurt,18-293,2005,1,15,15,16.7,0.2,0,,0,1,15,0,0,0,1,-1,-6.0,-4.8,0.0,0.6,-0.6,-3.89,-4.26,Matches,GER-BL1,24-25
f9e0c603,336,Maarten Vandevoordt,BEL,GK,RB Leipzig,22-186,2002,0,,,,,0,,0,0,,1,,,,,,,,,,,,Matches,GER-BL1,24-25
6ecbddf6,337,Ruben Vargas,SUI,"FW,MF",Augsburg,26-025,1998,0,,,,,0,,0,0,,1,,,,,,,,,,,,Matches,GER-BL1,24-25
f038585f,338,Nikola Vasilj,BIH,GK,St. Pauli,28-272,1995,1,90,90,100.0,1.0,1,90,1,0,,0,0,0,2,-2,-2.0,,1.2,1.1,0.1,0.09,,Matches,GER-BL1,24-25
a5ae8f8e,339,Miloš Veljković,SRB,DF,Werder Bremen,28-339,1995,1,90,90,100.0,1.0,1,90,1,0,,0,1,2,2,0,0.0,,1.4,1.0,0.4,0.44,,Matches,GER-BL1,24-25
13496b77,340,Nikolas Veratschnig,AUT,MF,Mainz 05,21-219,2003,0,,,,,0,,0,0,,1,,,,,,,,,,,,Matches,GER-BL1,24-25
e8ef59da,341,Yorbe Vertessen,BEL,MF,Union Berlin,23-235,2001,1,26,26,28.9,0.3,0,,0,1,26,0,1,1,0,1,3.46,4.87,0.4,0.4,0.0,-0.06,0.68,Matches,GER-BL1,24-25
1d8e9add,342,Kevin Vogt,GER,DF,Union Berlin,32-342,1991,1,82,82,91.1,0.9,1,82,0,0,,0,1,1,1,0,0.0,0.0,0.3,0.7,-0.4,-0.42,1.33,Matches,GER-BL1,24-25
e3d3fbeb,343,Robert Wagner,GER,MF,St. Pauli,21-047,2003,1,75,75,83.3,0.8,1,75,0,0,,0,0,0,1,-1,-1.2,4.8,1.2,0.4,0.8,0.94,5.1,Matches,GER-BL1,24-25
f3db5b34,344,Hauke Wahl,GER,DF,St. Pauli,30-137,1994,1,90,90,100.0,1.0,1,90,1,0,,0,0,0,2,-2,-2.0,,1.2,1.1,0.1,0.09,,Matches,GER-BL1,24-25
cb64672e,345,Paul Wanner,GER,"MF,FW",Heidenheim,18-251,2005,1,80,80,88.9,0.9,1,80,0,0,,0,3,1,0,1,1.13,-7.88,0.4,1.2,-0.8,-0.88,-7.12,Matches,GER-BL1,24-25
346d51d9,346,Julian Weigl,GER,MF,Gladbach,28-357,1995,1,90,90,100.0,1.0,1,90,1,0,,0,0,2,3,-1,-1.0,,1.6,2.7,-1.1,-1.11,,Matches,GER-BL1,24-25
1fb2d1b0,347,Timon Weiner,GER,GK,Holstein Kiel,25-225,1999,1,90,90,100.0,1.0,1,90,1,0,,0,0,2,3,-1,-1.0,,1.7,3.5,-1.7,-1.72,,Matches,GER-BL1,24-25
231c67ff,348,Nelson Weiper,GER,MF,Mainz 05,19-166,2005,1,5,5,5.6,0.1,0,,0,1,5,0,1,0,0,0,0.0,0.0,0.4,0.2,0.3,4.58,4.28,Matches,GER-BL1,24-25
30c220c3,349,Mitchell Weiser,GER,DF,Werder Bremen,30-131,1994,1,90,90,100.0,1.0,1,90,1,0,,0,1,2,2,0,0.0,,1.4,1.0,0.4,0.44,,Matches,GER-BL1,24-25
dd676a97,350,Noah Weißhaupt,GER,MF,Freiburg,22-345,2001,0,,,,,0,,0,0,,1,,,,,,,,,,,,Matches,GER-BL1,24-25
cb11b429,351,Patrick Wimmer,AUT,FW,Wolfsburg,23-092,2001,1,70,70,77.8,0.8,1,70,0,0,,0,0,2,2,0,0.0,4.5,1.4,1.8,-0.4,-0.45,0.3,Matches,GER-BL1,24-25
2077ae86,352,Jonas Wind,DEN,MF,Wolfsburg,25-205,1999,1,5,5,5.6,0.1,0,,0,1,5,0,0,0,0,0,0.0,1.06,0.0,0.0,0.0,-0.67,-0.17,Matches,GER-BL1,24-25
e7fcf289,353,Florian Wirtz,GER,MF,Leverkusen,21-119,2003,1,90,90,100.0,1.0,1,90,1,0,,0,3,3,2,1,1.0,,2.7,1.6,1.1,1.11,,Matches,GER-BL1,24-25
edb2712b,354,Maximilian Wittek,GER,DF,Bochum,29-009,1995,1,90,90,100.0,1.0,1,90,1,0,,0,0,0,1,-1,-1.0,,1.0,1.3,-0.3,-0.31,,Matches,GER-BL1,24-25
fa661778,355,Marius Wolf,GER,DF,Augsburg,29-095,1995,1,11,11,12.2,0.1,0,,0,1,11,0,1,0,0,0,0.0,0.0,0.0,0.0,0.0,0.23,0.78,Matches,GER-BL1,24-25
7ca196eb,356,Nick Woltemade,GER,MF,Stuttgart,22-198,2002,1,10,10,11.1,0.1,0,,0,1,10,0,0,0,0,0,0.0,2.25,0.1,0.0,0.1,0.86,2.94,Matches,GER-BL1,24-25
e61b8aee,357,Granit Xhaka,SUI,MF,Leverkusen,31-338,1992,1,90,90,100.0,1.0,1,90,1,0,,0,3,3,2,1,1.0,,2.7,1.6,1.1,1.11,,Matches,GER-BL1,24-25
5c4bf6ba,358,Robin Zentner,GER,GK,Mainz 05,29-307,1994,1,90,90,100.0,1.0,1,90,1,0,,0,1,1,1,0,0.0,,1.2,0.6,0.5,0.54,,Matches,GER-BL1,24-25
2bab583c,359,Cedric Zesiger,SUI,DF,Wolfsburg,26-067,1998,1,90,90,100.0,1.0,1,90,1,0,,0,0,2,3,-1,-1.0,,1.9,2.4,-0.5,-0.52,,Matches,GER-BL1,24-25
9b688ae1,360,Michael Zetterer,GER,GK,Werder Bremen,29-049,1995,1,90,90,100.0,1.0,1,90,1,0,,0,1,2,2,0,0.0,,1.4,1.0,0.4,0.44,,Matches,GER-BL1,24-25
