Wk,Day,Date,Time,Home,xG,Score,xG.1,Away,Attendance,Venue,Referee,Match Report,Notes,league,season
1,Fri,2023-08-18,20:30,Werder Bremen,0.6,0–4,2.8,Bayern Munich,42100,Wohninvest Weserstadion,Felix Zwayer,/en/matches/97218e9f/Werder-Bremen-Bayern-Munich-August-18-2023-Bundesliga,,GER-BL1,23-24
1,Sat,2023-08-19,15:30,Leverkusen,1.4,3–2,1.6,RB Leipzig,29464,BayArena,Felix Brych,/en/matches/063d7b6b/Bayer-Leverkusen-RB-Leipzig-August-19-2023-Bundesliga,,GER-BL1,23-24
1,Sat,2023-08-19,15:30,Wolfsburg,2.2,2–0,1.2,Heidenheim,22620,Volkswagen Arena,Florian Badstübner,/en/matches/3b6337dc/Wolfsburg-Heidenheim-August-19-2023-Bundesliga,,GER-BL1,23-24
1,Sat,2023-08-19,15:30,Stuttgart,3.0,5–0,0.8,Bochum,53000,MHPArena,Daniel Siebert,/en/matches/8fe3b615/Stuttgart-Bochum-August-19-2023-Bundesliga,,GER-BL1,23-24
1,Sat,2023-08-19,15:30,Augsburg,2.3,4–4,1.7,Gladbach,30660,WWK Arena,Daniel Schlager,/en/matches/aac55b7f/Augsburg-Monchengladbach-August-19-2023-Bundesliga,,GER-BL1,23-24
1,Sat,2023-08-19,15:30,Hoffenheim,1.4,1–2,2.6,Freiburg,25890,PreZero Arena,Sven Jablonski,/en/matches/d1a443e5/Hoffenheim-Freiburg-August-19-2023-Bundesliga,,GER-BL1,23-24
1,Sat,2023-08-19,18:30,Dortmund,1.8,1–0,1.2,Köln,81365,Signal Iduna Park,Deniz Aytekin,/en/matches/c05c14ef/Dortmund-Koln-August-19-2023-Bundesliga,,GER-BL1,23-24
1,Sun,2023-08-20,15:30,Union Berlin,1.9,4–1,2.3,Mainz 05,22012,Stadion An der Alten Försterei,Tobias Stieler,/en/matches/d6f1201f/Union-Berlin-Mainz-05-August-20-2023-Bundesliga,,GER-BL1,23-24
1,Sun,2023-08-20,17:30,Eint Frankfurt,1.5,1–0,0.5,Darmstadt 98,54000,Deutsche Bank Park,Harm Osmers,/en/matches/60fc3feb/Eintracht-Frankfurt-Darmstadt-98-August-20-2023-Bundesliga,,GER-BL1,23-24
2,Fri,2023-08-25,20:30,RB Leipzig,1.8,5–1,1.1,Stuttgart,46084,Red Bull Arena,Frank Willenborg,/en/matches/195113d1/RB-Leipzig-Stuttgart-August-25-2023-Bundesliga,,GER-BL1,23-24
2,Sat,2023-08-26,15:30,Bochum,1.0,1–1,1.3,Dortmund,26000,Vonovia Ruhrstadion,Robert Schröder,/en/matches/02deea82/Bochum-Dortmund-August-26-2023-Bundesliga,,GER-BL1,23-24
2,Sat,2023-08-26,15:30,Darmstadt 98,2.3,1–4,1.7,Union Berlin,17810,Merck-Stadion am Böllenfalltor,Patrick Ittrich,/en/matches/0fb64fd7/Darmstadt-98-Union-Berlin-August-26-2023-Bundesliga,,GER-BL1,23-24
2,Sat,2023-08-26,15:30,Freiburg,2.4,1–0,1.0,Werder Bremen,34700,Europa-Park Stadion,Benjamin Brand,/en/matches/4ffd6c40/Freiburg-Werder-Bremen-August-26-2023-Bundesliga,,GER-BL1,23-24
2,Sat,2023-08-26,15:30,Köln,0.9,1–2,1.7,Wolfsburg,49500,RheinEnergieSTADION,Matthias Jöllenbeck,/en/matches/6ce17247/Koln-Wolfsburg-August-26-2023-Bundesliga,,GER-BL1,23-24
2,Sat,2023-08-26,15:30,Heidenheim,2.4,2–3,3.0,Hoffenheim,15000,Voith-Arena,Robert Hartmann,/en/matches/95224afe/Heidenheim-Hoffenheim-August-26-2023-Bundesliga,,GER-BL1,23-24
2,Sat,2023-08-26,18:30,Gladbach,0.9,0–3,2.7,Leverkusen,54042,Stadion im Borussia-Park,Christian Dingert,/en/matches/3f7b87b9/Monchengladbach-Bayer-Leverkusen-August-26-2023-Bundesliga,,GER-BL1,23-24
2,Sun,2023-08-27,15:30,Mainz 05,1.2,1–1,1.1,Eint Frankfurt,33305,Mewa Arena,Bastian Dankert,/en/matches/53e372dd/Mainz-05-Eintracht-Frankfurt-August-27-2023-Bundesliga,,GER-BL1,23-24
2,Sun,2023-08-27,17:30,Bayern Munich,2.8,3–1,0.7,Augsburg,75000,Allianz Arena,Daniel Siebert,/en/matches/f32bb54f/Bayern-Munich-Augsburg-August-27-2023-Bundesliga,,GER-BL1,23-24
3,Fri,2023-09-01,20:30,Dortmund,3.4,2–2,2.1,Heidenheim,81365,Signal Iduna Park,Tobias Reichel,/en/matches/6533d274/Dortmund-Heidenheim-September-1-2023-Bundesliga,,GER-BL1,23-24
3,Sat,2023-09-02,15:30,Werder Bremen,2.7,4–0,0.5,Mainz 05,41000,Wohninvest Weserstadion,Robert Schröder,/en/matches/0f06a162/Werder-Bremen-Mainz-05-September-2-2023-Bundesliga,,GER-BL1,23-24
3,Sat,2023-09-02,15:30,Hoffenheim,2.0,3–1,1.2,Wolfsburg,17500,PreZero Arena,Felix Zwayer,/en/matches/10204eb8/Hoffenheim-Wolfsburg-September-2-2023-Bundesliga,,GER-BL1,23-24
3,Sat,2023-09-02,15:30,Leverkusen,2.8,5–1,0.4,Darmstadt 98,29653,BayArena,Sven Jablonski,/en/matches/949b0917/Bayer-Leverkusen-Darmstadt-98-September-2-2023-Bundesliga,,GER-BL1,23-24
3,Sat,2023-09-02,15:30,Augsburg,1.9,2–2,1.6,Bochum,27424,WWK Arena,Martin Petersen,/en/matches/c8ab18c8/Augsburg-Bochum-September-2-2023-Bundesliga,,GER-BL1,23-24
3,Sat,2023-09-02,15:30,Stuttgart,1.7,5–0,1.0,Freiburg,54300,MHPArena,Felix Brych,/en/matches/fdd85186/Stuttgart-Freiburg-September-2-2023-Bundesliga,,GER-BL1,23-24
3,Sat,2023-09-02,18:30,Gladbach,0.3,1–2,2.4,Bayern Munich,54042,Stadion im Borussia-Park,Deniz Aytekin,/en/matches/ffd6fa2f/Monchengladbach-Bayern-Munich-September-2-2023-Bundesliga,,GER-BL1,23-24
3,Sun,2023-09-03,15:30,Eint Frankfurt,1.1,1–1,0.9,Köln,54000,Deutsche Bank Park,Florian Badstübner,/en/matches/3a3dcb35/Eintracht-Frankfurt-Koln-September-3-2023-Bundesliga,,GER-BL1,23-24
3,Sun,2023-09-03,17:30,Union Berlin,0.3,0–3,1.2,RB Leipzig,22012,Stadion An der Alten Försterei,Daniel Schlager,/en/matches/7df62594/Union-Berlin-RB-Leipzig-September-3-2023-Bundesliga,,GER-BL1,23-24
4,Fri,2023-09-15,20:30,Bayern Munich,2.1,2–2,2.1,Leverkusen,75000,Allianz Arena,Daniel Schlager,/en/matches/d6d922d0/Bayern-Munich-Bayer-Leverkusen-September-15-2023-Bundesliga,,GER-BL1,23-24
4,Sat,2023-09-16,15:30,Wolfsburg,0.4,2–1,1.1,Union Berlin,21917,Volkswagen Arena,Felix Brych,/en/matches/140f5fb4/Wolfsburg-Union-Berlin-September-16-2023-Bundesliga,,GER-BL1,23-24
4,Sat,2023-09-16,15:30,Mainz 05,0.9,1–3,1.6,Stuttgart,30500,Mewa Arena,Harm Osmers,/en/matches/1f4fdb5f/Mainz-05-Stuttgart-September-16-2023-Bundesliga,,GER-BL1,23-24
4,Sat,2023-09-16,15:30,Freiburg,1.0,2–4,2.3,Dortmund,34700,Europa-Park Stadion,Tobias Stieler,/en/matches/363f8d87/Freiburg-Dortmund-September-16-2023-Bundesliga,,GER-BL1,23-24
4,Sat,2023-09-16,15:30,Köln,1.0,1–3,1.0,Hoffenheim,49300,RheinEnergieSTADION,Daniel Siebert,/en/matches/d121d2fe/Koln-Hoffenheim-September-16-2023-Bundesliga,,GER-BL1,23-24
4,Sat,2023-09-16,15:30,RB Leipzig,1.1,3–0,1.7,Augsburg,44746,Red Bull Arena,Sascha Stegemann,/en/matches/f3b2aa39/RB-Leipzig-Augsburg-September-16-2023-Bundesliga,,GER-BL1,23-24
4,Sat,2023-09-16,18:30,Bochum,2.0,1–1,0.6,Eint Frankfurt,26000,Vonovia Ruhrstadion,Benjamin Brand,/en/matches/fffdfc41/Bochum-Eintracht-Frankfurt-September-16-2023-Bundesliga,,GER-BL1,23-24
4,Sun,2023-09-17,15:30,Heidenheim,2.2,4–2,3.0,Werder Bremen,15000,Voith-Arena,Patrick Ittrich,/en/matches/2185c7f5/Heidenheim-Werder-Bremen-September-17-2023-Bundesliga,,GER-BL1,23-24
4,Sun,2023-09-17,17:30,Darmstadt 98,1.2,3–3,3.9,Gladbach,17810,Merck-Stadion am Böllenfalltor,Timo Gerach,/en/matches/d58f8b35/Darmstadt-98-Monchengladbach-September-17-2023-Bundesliga,,GER-BL1,23-24
5,Fri,2023-09-22,20:30,Stuttgart,2.3,3–1,0.2,Darmstadt 98,54000,MHPArena,Matthias Jöllenbeck,/en/matches/9cc13e55/Stuttgart-Darmstadt-98-September-22-2023-Bundesliga,,GER-BL1,23-24
5,Sat,2023-09-23,15:30,Bayern Munich,4.8,7–0,0.1,Bochum,75000,Allianz Arena,Robert Hartmann,/en/matches/047ad2d7/Bayern-Munich-Bochum-September-23-2023-Bundesliga,,GER-BL1,23-24
5,Sat,2023-09-23,15:30,Union Berlin,1.6,0–2,2.0,Hoffenheim,20000,Stadion An der Alten Försterei,Deniz Aytekin,/en/matches/3c776110/Union-Berlin-Hoffenheim-September-23-2023-Bundesliga,,GER-BL1,23-24
5,Sat,2023-09-23,15:30,Augsburg,0.8,2–1,0.6,Mainz 05,27310,WWK Arena,Marco Fritz,/en/matches/6ac8a673/Augsburg-Mainz-05-September-23-2023-Bundesliga,,GER-BL1,23-24
5,Sat,2023-09-23,15:30,Dortmund,1.7,1–0,0.5,Wolfsburg,81365,Signal Iduna Park,Sven Jablonski,/en/matches/ba296db6/Dortmund-Wolfsburg-September-23-2023-Bundesliga,,GER-BL1,23-24
5,Sat,2023-09-23,15:30,Gladbach,0.8,0–1,0.7,RB Leipzig,50122,Stadion im Borussia-Park,Robert Schröder,/en/matches/e0aca9dc/Monchengladbach-RB-Leipzig-September-23-2023-Bundesliga,,GER-BL1,23-24
5,Sat,2023-09-23,18:30,Werder Bremen,2.1,2–1,1.3,Köln,42100,Wohninvest Weserstadion,Bastian Dankert,/en/matches/b15270e1/Werder-Bremen-Koln-September-23-2023-Bundesliga,,GER-BL1,23-24
5,Sun,2023-09-24,15:30,Leverkusen,3.4,4–1,0.5,Heidenheim,29557,BayArena,Christian Dingert,/en/matches/68a63295/Bayer-Leverkusen-Heidenheim-September-24-2023-Bundesliga,,GER-BL1,23-24
5,Sun,2023-09-24,17:30,Eint Frankfurt,0.6,0–0,0.5,Freiburg,55800,Deutsche Bank Park,Felix Zwayer,/en/matches/04b49830/Eintracht-Frankfurt-Freiburg-September-24-2023-Bundesliga,,GER-BL1,23-24
6,Fri,2023-09-29,20:30,Hoffenheim,1.9,1–3,1.6,Dortmund,30150,PreZero Arena,Florian Badstübner,/en/matches/651b8bdf/Hoffenheim-Dortmund-September-29-2023-Bundesliga,,GER-BL1,23-24
6,Sat,2023-09-30,15:30,Köln,0.7,0–2,2.5,Stuttgart,50000,RheinEnergieSTADION,Tobias Stieler,/en/matches/0c06c0c9/Koln-Stuttgart-September-30-2023-Bundesliga,,GER-BL1,23-24
6,Sat,2023-09-30,15:30,Heidenheim,0.8,1–0,2.2,Union Berlin,15000,Voith-Arena,Sascha Stegemann,/en/matches/23d84166/Heidenheim-Union-Berlin-September-30-2023-Bundesliga,,GER-BL1,23-24
6,Sat,2023-09-30,15:30,Wolfsburg,3.2,2–0,1.3,Eint Frankfurt,28323,Volkswagen Arena,Frank Willenborg,/en/matches/330b9850/Wolfsburg-Eintracht-Frankfurt-September-30-2023-Bundesliga,,GER-BL1,23-24
6,Sat,2023-09-30,15:30,Bochum,1.7,1–3,2.9,Gladbach,26000,Vonovia Ruhrstadion,Felix Brych,/en/matches/b07cca46/Bochum-Monchengladbach-September-30-2023-Bundesliga,,GER-BL1,23-24
6,Sat,2023-09-30,15:30,Mainz 05,0.5,0–3,1.1,Leverkusen,33305,Mewa Arena,Benjamin Brand,/en/matches/d16559ab/Mainz-05-Bayer-Leverkusen-September-30-2023-Bundesliga,,GER-BL1,23-24
6,Sat,2023-09-30,18:30,RB Leipzig,0.7,2–2,2.3,Bayern Munich,47069,Red Bull Arena,Marco Fritz,/en/matches/e30a07e3/RB-Leipzig-Bayern-Munich-September-30-2023-Bundesliga,,GER-BL1,23-24
6,Sun,2023-10-01,15:30,Darmstadt 98,2.4,4–2,1.5,Werder Bremen,17810,Merck-Stadion am Böllenfalltor,Martin Petersen,/en/matches/5ebc00f1/Darmstadt-98-Werder-Bremen-October-1-2023-Bundesliga,,GER-BL1,23-24
6,Sun,2023-10-01,17:30,Freiburg,1.0,2–0,0.8,Augsburg,33134,Europa-Park Stadion,Harm Osmers,/en/matches/367e0516/Freiburg-Augsburg-October-1-2023-Bundesliga,,GER-BL1,23-24
7,Fri,2023-10-06,20:30,Gladbach,2.3,2–2,0.8,Mainz 05,51529,Stadion im Borussia-Park,Sven Jablonski,/en/matches/a2a3e181/Monchengladbach-Mainz-05-October-6-2023-Bundesliga,,GER-BL1,23-24
7,Sat,2023-10-07,15:30,RB Leipzig,2.5,0–0,0.4,Bochum,44269,Red Bull Arena,Timo Gerach,/en/matches/15bd2f93/RB-Leipzig-Bochum-October-7-2023-Bundesliga,,GER-BL1,23-24
7,Sat,2023-10-07,15:30,Dortmund,1.6,4–2,1.4,Union Berlin,81365,Signal Iduna Park,Patrick Ittrich,/en/matches/4661d112/Dortmund-Union-Berlin-October-7-2023-Bundesliga,,GER-BL1,23-24
7,Sat,2023-10-07,15:30,Augsburg,0.9,1–2,1.8,Darmstadt 98,29200,WWK Arena,Deniz Aytekin,/en/matches/7d0fed76/Augsburg-Darmstadt-98-October-7-2023-Bundesliga,,GER-BL1,23-24
7,Sat,2023-10-07,15:30,Stuttgart,2.7,3–1,1.2,Wolfsburg,52000,MHPArena,Daniel Siebert,/en/matches/7eb884e7/Stuttgart-Wolfsburg-October-7-2023-Bundesliga,,GER-BL1,23-24
7,Sat,2023-10-07,18:30,Werder Bremen,0.8,2–3,1.9,Hoffenheim,41000,Wohninvest Weserstadion,Christian Dingert,/en/matches/0cff2d10/Werder-Bremen-Hoffenheim-October-7-2023-Bundesliga,,GER-BL1,23-24
7,Sun,2023-10-08,15:30,Leverkusen,3.2,3–0,1.3,Köln,30210,BayArena,Felix Zwayer,/en/matches/f1268661/Bayer-Leverkusen-Koln-October-8-2023-Bundesliga,,GER-BL1,23-24
7,Sun,2023-10-08,17:30,Bayern Munich,2.4,3–0,0.1,Freiburg,75000,Allianz Arena,Robert Schröder,/en/matches/8a7f496b/Bayern-Munich-Freiburg-October-8-2023-Bundesliga,,GER-BL1,23-24
7,Sun,2023-10-08,19:30,Eint Frankfurt,1.9,2–0,1.2,Heidenheim,55800,Deutsche Bank Park,Daniel Schlager,/en/matches/72335e6e/Eintracht-Frankfurt-Heidenheim-October-8-2023-Bundesliga,,GER-BL1,23-24
8,Fri,2023-10-20,20:30,Dortmund,2.6,1–0,0.4,Werder Bremen,81365,Signal Iduna Park,Felix Brych,/en/matches/be058dce/Dortmund-Werder-Bremen-October-20-2023-Bundesliga,,GER-BL1,23-24
8,Sat,2023-10-21,15:30,Freiburg,2.3,2–1,1.5,Bochum,33900,Europa-Park Stadion,Tobias Reichel,/en/matches/0014bad7/Freiburg-Bochum-October-21-2023-Bundesliga,,GER-BL1,23-24
8,Sat,2023-10-21,15:30,Darmstadt 98,2.4,1–3,1.9,RB Leipzig,17810,Merck-Stadion am Böllenfalltor,Harm Osmers,/en/matches/48110abe/Darmstadt-98-RB-Leipzig-October-21-2023-Bundesliga,,GER-BL1,23-24
8,Sat,2023-10-21,15:30,Wolfsburg,1.4,1–2,1.9,Leverkusen,28917,Volkswagen Arena,Marco Fritz,/en/matches/9a4291a3/Wolfsburg-Bayer-Leverkusen-October-21-2023-Bundesliga,,GER-BL1,23-24
8,Sat,2023-10-21,15:30,Union Berlin,0.6,0–3,1.4,Stuttgart,22012,Stadion An der Alten Försterei,Bastian Dankert,/en/matches/9ab68fca/Union-Berlin-Stuttgart-October-21-2023-Bundesliga,,GER-BL1,23-24
8,Sat,2023-10-21,15:30,Hoffenheim,1.4,1–3,2.4,Eint Frankfurt,30150,PreZero Arena,Matthias Jöllenbeck,/en/matches/e689158b/Hoffenheim-Eintracht-Frankfurt-October-21-2023-Bundesliga,,GER-BL1,23-24
8,Sat,2023-10-21,18:30,Mainz 05,1.1,1–3,1.8,Bayern Munich,33305,Mewa Arena,Sascha Stegemann,/en/matches/a7af08ab/Mainz-05-Bayern-Munich-October-21-2023-Bundesliga,,GER-BL1,23-24
8,Sun,2023-10-22,15:30,Köln,2.7,3–1,0.3,Gladbach,50000,RheinEnergieSTADION,Deniz Aytekin,/en/matches/5224d2f5/Koln-Monchengladbach-October-22-2023-Bundesliga,,GER-BL1,23-24
8,Sun,2023-10-22,17:30,Heidenheim,1.5,2–5,2.5,Augsburg,15000,Voith-Arena,Tobias Stieler,/en/matches/41fd7764/Heidenheim-Augsburg-October-22-2023-Bundesliga,,GER-BL1,23-24
9,Fri,2023-10-27,20:30,Bochum,1.4,2–2,0.4,Mainz 05,26000,Vonovia Ruhrstadion,Patrick Ittrich,/en/matches/cfe3b5c3/Bochum-Mainz-05-October-27-2023-Bundesliga,,GER-BL1,23-24
9,Sat,2023-10-28,15:30,Gladbach,1.0,2–1,0.4,Heidenheim,51541,Stadion im Borussia-Park,Robert Hartmann,/en/matches/029be8be/Monchengladbach-Heidenheim-October-28-2023-Bundesliga,,GER-BL1,23-24
9,Sat,2023-10-28,15:30,Werder Bremen,0.8,2–0,0.6,Union Berlin,42100,Wohninvest Weserstadion,Tobias Stieler,/en/matches/aed937f1/Werder-Bremen-Union-Berlin-October-28-2023-Bundesliga,,GER-BL1,23-24
9,Sat,2023-10-28,15:30,Augsburg,1.4,3–2,1.4,Wolfsburg,28000,WWK Arena,Daniel Schlager,/en/matches/b08c06e8/Augsburg-Wolfsburg-October-28-2023-Bundesliga,,GER-BL1,23-24
9,Sat,2023-10-28,15:30,Stuttgart,3.6,2–3,1.7,Hoffenheim,53200,MHPArena,Felix Zwayer,/en/matches/bbecea98/Stuttgart-Hoffenheim-October-28-2023-Bundesliga,,GER-BL1,23-24
9,Sat,2023-10-28,15:30,Bayern Munich,5.8,8–0,0.7,Darmstadt 98,75000,Allianz Arena,Martin Petersen,/en/matches/bc7df752/Bayern-Munich-Darmstadt-98-October-28-2023-Bundesliga,,GER-BL1,23-24
9,Sat,2023-10-28,18:30,RB Leipzig,4.2,6–0,0.9,Köln,46480,Red Bull Arena,Benjamin Brand,/en/matches/c9cde5e8/RB-Leipzig-Koln-October-28-2023-Bundesliga,,GER-BL1,23-24
9,Sun,2023-10-29,15:30,Eint Frankfurt,2.2,3–3,2.2,Dortmund,56500,Deutsche Bank Park,Robert Schröder,/en/matches/d332b8cc/Eintracht-Frankfurt-Dortmund-October-29-2023-Bundesliga,,GER-BL1,23-24
9,Sun,2023-10-29,17:30,Leverkusen,1.4,2–1,0.9,Freiburg,30210,BayArena,Daniel Siebert,/en/matches/9cc63f4d/Bayer-Leverkusen-Freiburg-October-29-2023-Bundesliga,,GER-BL1,23-24
10,Fri,2023-11-03,20:30,Darmstadt 98,0.7,1–2,1.2,Bochum,17810,Merck-Stadion am Böllenfalltor,Marco Fritz,/en/matches/44974e1b/Darmstadt-98-Bochum-November-3-2023-Bundesliga,,GER-BL1,23-24
10,Sat,2023-11-04,15:30,Mainz 05,0.9,2–0,0.5,RB Leipzig,30100,Mewa Arena,Bastian Dankert,/en/matches/1161dad0/Mainz-05-RB-Leipzig-November-4-2023-Bundesliga,,GER-BL1,23-24
10,Sat,2023-11-04,15:30,Freiburg,3.3,3–3,2.2,Gladbach,34700,Europa-Park Stadion,Felix Brych,/en/matches/663aa0ea/Freiburg-Monchengladbach-November-4-2023-Bundesliga,,GER-BL1,23-24
10,Sat,2023-11-04,15:30,Köln,2.0,1–1,2.6,Augsburg,49300,RheinEnergieSTADION,Christian Dingert,/en/matches/ab499def/Koln-Augsburg-November-4-2023-Bundesliga,,GER-BL1,23-24
10,Sat,2023-11-04,15:30,Hoffenheim,1.7,2–3,1.0,Leverkusen,30150,PreZero Arena,Frank Willenborg,/en/matches/c0894ab7/Hoffenheim-Bayer-Leverkusen-November-4-2023-Bundesliga,,GER-BL1,23-24
10,Sat,2023-11-04,15:30,Union Berlin,0.7,0–3,1.6,Eint Frankfurt,22012,Stadion An der Alten Försterei,Sven Jablonski,/en/matches/d81fbe7f/Union-Berlin-Eintracht-Frankfurt-November-4-2023-Bundesliga,,GER-BL1,23-24
10,Sat,2023-11-04,18:30,Dortmund,1.0,0–4,3.2,Bayern Munich,81365,Signal Iduna Park,Deniz Aytekin,/en/matches/0e6a1a60/Der-Klassiker-Dortmund-Bayern-Munich-November-4-2023-Bundesliga,,GER-BL1,23-24
10,Sun,2023-11-05,15:30,Wolfsburg,1.6,2–2,1.2,Werder Bremen,28917,Volkswagen Arena,Tobias Reichel,/en/matches/98d8fe64/Wolfsburg-Werder-Bremen-November-5-2023-Bundesliga,,GER-BL1,23-24
10,Sun,2023-11-05,17:30,Heidenheim,1.2,2–0,2.6,Stuttgart,15000,Voith-Arena,Florian Badstübner,/en/matches/305a9b51/Heidenheim-Stuttgart-November-5-2023-Bundesliga,,GER-BL1,23-24
11,Fri,2023-11-10,20:30,Gladbach,1.5,4–0,0.5,Wolfsburg,45308,Stadion im Borussia-Park,Felix Zwayer,/en/matches/3037667d/Monchengladbach-Wolfsburg-November-10-2023-Bundesliga,,GER-BL1,23-24
11,Sat,2023-11-11,15:30,Augsburg,1.0,1–1,0.8,Hoffenheim,28260,WWK Arena,Felix Brych,/en/matches/3970535a/Augsburg-Hoffenheim-November-11-2023-Bundesliga,,GER-BL1,23-24
11,Sat,2023-11-11,15:30,Stuttgart,4.2,2–1,1.0,Dortmund,55000,MHPArena,Tobias Stieler,/en/matches/5e8f7e88/Stuttgart-Dortmund-November-11-2023-Bundesliga,,GER-BL1,23-24
11,Sat,2023-11-11,15:30,Bayern Munich,2.0,4–2,0.9,Heidenheim,75000,Allianz Arena,Harm Osmers,/en/matches/684040d1/Bayern-Munich-Heidenheim-November-11-2023-Bundesliga,,GER-BL1,23-24
11,Sat,2023-11-11,15:30,Darmstadt 98,0.5,0–0,0.7,Mainz 05,17810,Merck-Stadion am Böllenfalltor,Daniel Siebert,/en/matches/f98e467c/Darmstadt-98-Mainz-05-November-11-2023-Bundesliga,,GER-BL1,23-24
11,Sat,2023-11-11,18:30,Bochum,3.7,1–1,0.9,Köln,26000,Vonovia Ruhrstadion,Matthias Jöllenbeck,/en/matches/b7bef81f/Bochum-Koln-November-11-2023-Bundesliga,,GER-BL1,23-24
11,Sun,2023-11-12,15:30,Leverkusen,2.4,4–0,0.0,Union Berlin,29387,BayArena,Timo Gerach,/en/matches/bece4395/Bayer-Leverkusen-Union-Berlin-November-12-2023-Bundesliga,,GER-BL1,23-24
11,Sun,2023-11-12,17:30,Werder Bremen,1.5,2–2,2.0,Eint Frankfurt,42100,Wohninvest Weserstadion,Benjamin Brand,/en/matches/5c3bedb6/Werder-Bremen-Eintracht-Frankfurt-November-12-2023-Bundesliga,,GER-BL1,23-24
11,Sun,2023-11-12,19:30,RB Leipzig,1.9,3–1,0.5,Freiburg,41117,Red Bull Arena,Patrick Ittrich,/en/matches/fcbc3a03/RB-Leipzig-Freiburg-November-12-2023-Bundesliga,,GER-BL1,23-24
12,Fri,2023-11-24,20:30,Köln,0.2,0–1,3.5,Bayern Munich,50000,RheinEnergieSTADION,Marco Fritz,/en/matches/5ffb46dc/Koln-Bayern-Munich-November-24-2023-Bundesliga,,GER-BL1,23-24
12,Sat,2023-11-25,15:30,Freiburg,1.6,1–1,0.4,Darmstadt 98,34300,Europa-Park Stadion,Sascha Stegemann,/en/matches/057a9eb7/Freiburg-Darmstadt-98-November-25-2023-Bundesliga,,GER-BL1,23-24
12,Sat,2023-11-25,15:30,Werder Bremen,0.2,0–3,1.0,Leverkusen,42100,Wohninvest Weserstadion,Martin Petersen,/en/matches/30b8a712/Werder-Bremen-Bayer-Leverkusen-November-25-2023-Bundesliga,,GER-BL1,23-24
12,Sat,2023-11-25,15:30,Wolfsburg,0.9,2–1,2.7,RB Leipzig,25350,Volkswagen Arena,Robert Hartmann,/en/matches/a98967a4/Wolfsburg-RB-Leipzig-November-25-2023-Bundesliga,,GER-BL1,23-24
12,Sat,2023-11-25,15:30,Union Berlin,2.1,1–1,1.7,Augsburg,22012,Stadion An der Alten Försterei,Florian Badstübner,/en/matches/e30bd7d2/Union-Berlin-Augsburg-November-25-2023-Bundesliga,,GER-BL1,23-24
12,Sat,2023-11-25,15:30,Dortmund,3.2,4–2,1.0,Gladbach,81365,Signal Iduna Park,Sven Jablonski,/en/matches/f681bb3c/Dortmund-Monchengladbach-November-25-2023-Bundesliga,,GER-BL1,23-24
12,Sat,2023-11-25,18:30,Eint Frankfurt,0.9,1–2,2.3,Stuttgart,58000,Deutsche Bank Park,Felix Brych,/en/matches/681f0b6f/Eintracht-Frankfurt-Stuttgart-November-25-2023-Bundesliga,,GER-BL1,23-24
12,Sun,2023-11-26,15:30,Heidenheim,0.8,0–0,0.4,Bochum,15000,Voith-Arena,Felix Zwayer,/en/matches/d913616c/Heidenheim-Bochum-November-26-2023-Bundesliga,,GER-BL1,23-24
12,Sun,2023-11-26,17:30,Hoffenheim,1.2,1–1,1.8,Mainz 05,22000,PreZero Arena,Deniz Aytekin,/en/matches/bc0e7fa8/Hoffenheim-Mainz-05-November-26-2023-Bundesliga,,GER-BL1,23-24
13,Fri,2023-12-01,20:30,Darmstadt 98,0.7,0–1,1.5,Köln,17810,Merck-Stadion am Böllenfalltor,Patrick Ittrich,/en/matches/88486a76/Darmstadt-98-Koln-December-1-2023-Bundesliga,,GER-BL1,23-24
13,Sat,2023-12-02,15:30,RB Leipzig,4.0,2–1,1.0,Heidenheim,44887,Red Bull Arena,Christian Dingert,/en/matches/1277604b/RB-Leipzig-Heidenheim-December-2-2023-Bundesliga,,GER-BL1,23-24
13,Sat,2023-12-02,15:30,Bochum,1.5,3–1,1.3,Wolfsburg,24350,Vonovia Ruhrstadion,Robert Schröder,/en/matches/a700767e/Bochum-Wolfsburg-December-2-2023-Bundesliga,,GER-BL1,23-24
13,Sat,2023-12-02,15:30,Gladbach,1.6,2–1,1.4,Hoffenheim,49341,Stadion im Borussia-Park,Tobias Reichel,/en/matches/fa6e2a54/Monchengladbach-Hoffenheim-December-2-2023-Bundesliga,,GER-BL1,23-24
13,Sat,2023-12-02,18:30,Stuttgart,3.5,2–0,0.8,Werder Bremen,54500,MHPArena,Bastian Dankert,/en/matches/5ea2a1ee/Stuttgart-Werder-Bremen-December-2-2023-Bundesliga,,GER-BL1,23-24
13,Sun,2023-12-03,15:30,Mainz 05,2.3,0–1,0.9,Freiburg,30300,Mewa Arena,Tobias Stieler,/en/matches/3f2986cd/Mainz-05-Freiburg-December-3-2023-Bundesliga,,GER-BL1,23-24
13,Sun,2023-12-03,17:30,Leverkusen,2.1,1–1,0.7,Dortmund,30210,BayArena,Daniel Siebert,/en/matches/a235a3b6/Bayer-Leverkusen-Dortmund-December-3-2023-Bundesliga,,GER-BL1,23-24
13,Sun,2023-12-03,19:30,Augsburg,1.4,2–1,1.0,Eint Frankfurt,26107,WWK Arena,Harm Osmers,/en/matches/4bea1c30/Augsburg-Eintracht-Frankfurt-December-3-2023-Bundesliga,,GER-BL1,23-24
14,Fri,2023-12-08,20:30,Hoffenheim,1.5,3–1,1.5,Bochum,16023,PreZero Arena,Matthias Jöllenbeck,/en/matches/dfcff3ef/Hoffenheim-Bochum-December-8-2023-Bundesliga,,GER-BL1,23-24
14,Sat,2023-12-09,15:30,Heidenheim,1.4,3–2,0.9,Darmstadt 98,15000,Voith-Arena,Daniel Schlager,/en/matches/1a98eda2/Heidenheim-Darmstadt-98-December-9-2023-Bundesliga,,GER-BL1,23-24
14,Sat,2023-12-09,15:30,Eint Frankfurt,1.3,5–1,2.1,Bayern Munich,58000,Deutsche Bank Park,Felix Zwayer,/en/matches/251c1dd6/Eintracht-Frankfurt-Bayern-Munich-December-9-2023-Bundesliga,,GER-BL1,23-24
14,Sat,2023-12-09,15:30,Union Berlin,2.1,3–1,1.1,Gladbach,22012,Stadion An der Alten Försterei,Martin Petersen,/en/matches/31e39f60/Union-Berlin-Monchengladbach-December-9-2023-Bundesliga,,GER-BL1,23-24
14,Sat,2023-12-09,15:30,Wolfsburg,1.2,0–1,1.1,Freiburg,20146,Volkswagen Arena,Marco Fritz,/en/matches/9c21532b/Wolfsburg-Freiburg-December-9-2023-Bundesliga,,GER-BL1,23-24
14,Sat,2023-12-09,15:30,Werder Bremen,1.5,2–0,0.7,Augsburg,41000,Wohninvest Weserstadion,Sascha Stegemann,/en/matches/e6729107/Werder-Bremen-Augsburg-December-9-2023-Bundesliga,,GER-BL1,23-24
14,Sat,2023-12-09,18:30,Dortmund,1.5,2–3,2.8,RB Leipzig,81365,Signal Iduna Park,Sven Jablonski,/en/matches/f73593b4/Dortmund-RB-Leipzig-December-9-2023-Bundesliga,,GER-BL1,23-24
14,Sun,2023-12-10,15:30,Stuttgart,2.6,1–1,1.3,Leverkusen,54500,MHPArena,Deniz Aytekin,/en/matches/a24d6ae4/Stuttgart-Bayer-Leverkusen-December-10-2023-Bundesliga,,GER-BL1,23-24
14,Sun,2023-12-10,17:30,Köln,0.3,0–0,1.4,Mainz 05,50000,RheinEnergieSTADION,Frank Willenborg,/en/matches/c88aecd7/Koln-Mainz-05-December-10-2023-Bundesliga,,GER-BL1,23-24
15,Fri,2023-12-15,20:30,Gladbach,1.4,2–2,1.6,Werder Bremen,50660,Stadion im Borussia-Park,Felix Zwayer,/en/matches/6789ead0/Monchengladbach-Werder-Bremen-December-15-2023-Bundesliga,,GER-BL1,23-24
15,Sat,2023-12-16,15:30,Darmstadt 98,0.6,0–1,0.6,Wolfsburg,16900,Merck-Stadion am Böllenfalltor,Robert Hartmann,/en/matches/6863e2f2/Darmstadt-98-Wolfsburg-December-16-2023-Bundesliga,,GER-BL1,23-24
15,Sat,2023-12-16,15:30,Bochum,2.8,3–0,0.7,Union Berlin,25300,Vonovia Ruhrstadion,Sven Jablonski,/en/matches/a08896e6/Bochum-Union-Berlin-December-16-2023-Bundesliga,,GER-BL1,23-24
15,Sat,2023-12-16,15:30,Augsburg,1.8,1–1,2.6,Dortmund,30660,WWK Arena,Matthias Jöllenbeck,/en/matches/c6900058/Augsburg-Dortmund-December-16-2023-Bundesliga,,GER-BL1,23-24
15,Sat,2023-12-16,15:30,Mainz 05,1.6,0–1,0.5,Heidenheim,27200,Mewa Arena,Bastian Dankert,/en/matches/cafc9381/Mainz-05-Heidenheim-December-16-2023-Bundesliga,,GER-BL1,23-24
15,Sat,2023-12-16,18:30,RB Leipzig,2.8,3–1,0.8,Hoffenheim,42946,Red Bull Arena,Robert Schröder,/en/matches/71872824/RB-Leipzig-Hoffenheim-December-16-2023-Bundesliga,,GER-BL1,23-24
15,Sun,2023-12-17,15:30,Freiburg,3.0,2–0,1.2,Köln,34700,Europa-Park Stadion,Harm Osmers,/en/matches/bf792334/Freiburg-Koln-December-17-2023-Bundesliga,,GER-BL1,23-24
15,Sun,2023-12-17,17:30,Leverkusen,2.5,3–0,0.2,Eint Frankfurt,30210,BayArena,Christian Dingert,/en/matches/a0cd5a82/Bayer-Leverkusen-Eintracht-Frankfurt-December-17-2023-Bundesliga,,GER-BL1,23-24
15,Sun,2023-12-17,19:30,Bayern Munich,2.8,3–0,0.4,Stuttgart,75000,Allianz Arena,Tobias Stieler,/en/matches/c46446dd/Bayern-Munich-Stuttgart-December-17-2023-Bundesliga,,GER-BL1,23-24
16,Tue,2023-12-19,18:30,Werder Bremen,1.5,1–1,1.7,RB Leipzig,41000,Wohninvest Weserstadion,Tobias Reichel,/en/matches/be7a1a96/Werder-Bremen-RB-Leipzig-December-19-2023-Bundesliga,,GER-BL1,23-24
16,Tue,2023-12-19,20:30,Hoffenheim,3.5,3–3,0.8,Darmstadt 98,18125,PreZero Arena,Frank Willenborg,/en/matches/067ebd6d/Hoffenheim-Darmstadt-98-December-19-2023-Bundesliga,,GER-BL1,23-24
16,Tue,2023-12-19,20:30,Dortmund,1.2,1–1,0.9,Mainz 05,80350,Signal Iduna Park,Marco Fritz,/en/matches/ac181d3a/Dortmund-Mainz-05-December-19-2023-Bundesliga,,GER-BL1,23-24
16,Wed,2023-12-20,18:30,Union Berlin,1.5,2–0,0.8,Köln,22012,Stadion An der Alten Försterei,Deniz Aytekin,/en/matches/4ca1cef3/Union-Berlin-Koln-December-20-2023-Bundesliga,,GER-BL1,23-24
16,Wed,2023-12-20,20:30,Heidenheim,1.9,3–2,1.8,Freiburg,15000,Voith-Arena,Benjamin Brand,/en/matches/1d712cc9/Heidenheim-Freiburg-December-20-2023-Bundesliga,,GER-BL1,23-24
16,Wed,2023-12-20,20:30,Stuttgart,2.6,3–0,0.2,Augsburg,53600,MHPArena,Daniel Siebert,/en/matches/479c1c3c/Stuttgart-Augsburg-December-20-2023-Bundesliga,,GER-BL1,23-24
16,Wed,2023-12-20,20:30,Wolfsburg,0.3,1–2,2.5,Bayern Munich,28917,Volkswagen Arena,Sascha Stegemann,/en/matches/5ccedacd/Wolfsburg-Bayern-Munich-December-20-2023-Bundesliga,,GER-BL1,23-24
16,Wed,2023-12-20,20:30,Leverkusen,3.3,4–0,0.4,Bochum,30210,BayArena,Daniel Schlager,/en/matches/693808a8/Bayer-Leverkusen-Bochum-December-20-2023-Bundesliga,,GER-BL1,23-24
16,Wed,2023-12-20,20:30,Eint Frankfurt,1.4,2–1,0.3,Gladbach,58000,Deutsche Bank Park,Florian Badstübner,/en/matches/ece3d924/Eintracht-Frankfurt-Monchengladbach-December-20-2023-Bundesliga,,GER-BL1,23-24
17,Fri,2024-01-12,20:30,Bayern Munich,2.8,3–0,1.2,Hoffenheim,75000,Allianz Arena,Benjamin Brand,/en/matches/91371afd/Bayern-Munich-Hoffenheim-January-12-2024-Bundesliga,,GER-BL1,23-24
17,Sat,2024-01-13,15:30,RB Leipzig,3.5,0–1,1.1,Eint Frankfurt,45867,Red Bull Arena,Frank Willenborg,/en/matches/1646b377/RB-Leipzig-Eintracht-Frankfurt-January-13-2024-Bundesliga,,GER-BL1,23-24
17,Sat,2024-01-13,15:30,Freiburg,1.8,0–0,0.5,Union Berlin,33800,Europa-Park Stadion,Christian Dingert,/en/matches/1b4e7c2f/Freiburg-Union-Berlin-January-13-2024-Bundesliga,,GER-BL1,23-24
17,Sat,2024-01-13,15:30,Augsburg,0.4,0–1,2.0,Leverkusen,30055,WWK Arena,Sven Jablonski,/en/matches/66fc4faa/Augsburg-Bayer-Leverkusen-January-13-2024-Bundesliga,,GER-BL1,23-24
17,Sat,2024-01-13,15:30,Köln,0.9,1–1,0.9,Heidenheim,50000,RheinEnergieSTADION,Felix Zwayer,/en/matches/9bf98d14/Koln-Heidenheim-January-13-2024-Bundesliga,,GER-BL1,23-24
17,Sat,2024-01-13,15:30,Mainz 05,0.4,1–1,0.6,Wolfsburg,24000,Mewa Arena,Patrick Ittrich,/en/matches/f78fccc2/Mainz-05-Wolfsburg-January-13-2024-Bundesliga,,GER-BL1,23-24
17,Sat,2024-01-13,18:30,Darmstadt 98,1.0,0–3,3.1,Dortmund,17810,Merck-Stadion am Böllenfalltor,Deniz Aytekin,/en/matches/4ec40540/Darmstadt-98-Dortmund-January-13-2024-Bundesliga,,GER-BL1,23-24
17,Sun,2024-01-14,15:30,Bochum,0.7,1–1,0.8,Werder Bremen,26000,Vonovia Ruhrstadion,Tobias Stieler,/en/matches/48d916da/Bochum-Werder-Bremen-January-14-2024-Bundesliga,,GER-BL1,23-24
17,Sun,2024-01-14,17:30,Gladbach,1.9,3–1,0.9,Stuttgart,53429,Stadion im Borussia-Park,Harm Osmers,/en/matches/20f7e860/Monchengladbach-Stuttgart-January-14-2024-Bundesliga,,GER-BL1,23-24
18,Sat,2024-01-20,15:30,Darmstadt 98,1.1,2–2,1.2,Eint Frankfurt,17750,Merck-Stadion am Böllenfalltor,Daniel Siebert,/en/matches/262bec03/Darmstadt-98-Eintracht-Frankfurt-January-20-2024-Bundesliga,,GER-BL1,23-24
18,Sat,2024-01-20,15:30,Heidenheim,1.1,1–1,1.1,Wolfsburg,15000,Voith-Arena,Timo Gerach,/en/matches/49675ada/Heidenheim-Wolfsburg-January-20-2024-Bundesliga,,GER-BL1,23-24
18,Sat,2024-01-20,15:30,Köln,1.3,0–4,3.4,Dortmund,50000,RheinEnergieSTADION,Daniel Schlager,/en/matches/7aed9153/Koln-Dortmund-January-20-2024-Bundesliga,,GER-BL1,23-24
18,Sat,2024-01-20,15:30,Freiburg,2.7,3–2,1.4,Hoffenheim,33600,Europa-Park Stadion,Sascha Stegemann,/en/matches/81e30c5a/Freiburg-Hoffenheim-January-20-2024-Bundesliga,,GER-BL1,23-24
18,Sat,2024-01-20,15:30,Bochum,0.9,1–0,1.4,Stuttgart,26000,Vonovia Ruhrstadion,Bastian Dankert,/en/matches/853d1bc7/Bochum-Stuttgart-January-20-2024-Bundesliga,,GER-BL1,23-24
18,Sat,2024-01-20,18:30,RB Leipzig,1.6,2–3,2.0,Leverkusen,46529,Red Bull Arena,Matthias Jöllenbeck,/en/matches/a56df31c/RB-Leipzig-Bayer-Leverkusen-January-20-2024-Bundesliga,,GER-BL1,23-24
18,Sun,2024-01-21,15:30,Bayern Munich,1.9,0–1,0.4,Werder Bremen,75000,Allianz Arena,Marco Fritz,/en/matches/c6332d80/Bayern-Munich-Werder-Bremen-January-21-2024-Bundesliga,,GER-BL1,23-24
18,Sun,2024-01-21,17:30,Gladbach,1.7,1–2,1.3,Augsburg,44867,Stadion im Borussia-Park,Martin Petersen,/en/matches/fa79d782/Monchengladbach-Augsburg-January-21-2024-Bundesliga,,GER-BL1,23-24
13,Wed,2024-01-24,20:30,Bayern Munich,2.1,1–0,0.2,Union Berlin,75000,Allianz Arena,Frank Willenborg,/en/matches/549b837b/Bayern-Munich-Union-Berlin-January-24-2024-Bundesliga,,GER-BL1,23-24
19,Fri,2024-01-26,20:30,Eint Frankfurt,1.3,1–0,0.8,Mainz 05,58000,Deutsche Bank Park,Felix Zwayer,/en/matches/5b7e9cd3/Eintracht-Frankfurt-Mainz-05-January-26-2024-Bundesliga,,GER-BL1,23-24
19,Sat,2024-01-27,15:30,Werder Bremen,2.5,3–1,1.2,Freiburg,41500,Wohninvest Weserstadion,Robert Hartmann,/en/matches/3490a176/Werder-Bremen-Freiburg-January-27-2024-Bundesliga,,GER-BL1,23-24
19,Sat,2024-01-27,15:30,Augsburg,2.6,2–3,2.3,Bayern Munich,30660,WWK Arena,Christian Dingert,/en/matches/40038184/Augsburg-Bayern-Munich-January-27-2024-Bundesliga,,GER-BL1,23-24
19,Sat,2024-01-27,15:30,Wolfsburg,1.5,1–1,0.6,Köln,24525,Volkswagen Arena,Sören Storks,/en/matches/8d9dabda/Wolfsburg-Koln-January-27-2024-Bundesliga,,GER-BL1,23-24
19,Sat,2024-01-27,15:30,Hoffenheim,2.8,1–1,1.1,Heidenheim,20120,PreZero Arena,Tobias Welz,/en/matches/c5e04de2/Hoffenheim-Heidenheim-January-27-2024-Bundesliga,,GER-BL1,23-24
19,Sat,2024-01-27,15:30,Stuttgart,2.2,5–2,0.4,RB Leipzig,52100,MHPArena,Sven Jablonski,/en/matches/e0307b8a/Stuttgart-RB-Leipzig-January-27-2024-Bundesliga,,GER-BL1,23-24
19,Sat,2024-01-27,18:30,Leverkusen,2.9,0–0,0.3,Gladbach,30210,BayArena,Deniz Aytekin,/en/matches/c7a2c8f1/Bayer-Leverkusen-Monchengladbach-January-27-2024-Bundesliga,,GER-BL1,23-24
19,Sun,2024-01-28,15:30,Union Berlin,2.5,1–0,1.1,Darmstadt 98,21786,Stadion An der Alten Försterei,Harm Osmers,/en/matches/94831b74/Union-Berlin-Darmstadt-98-January-28-2024-Bundesliga,,GER-BL1,23-24
19,Sun,2024-01-28,17:30,Dortmund,2.9,3–1,0.5,Bochum,81365,Signal Iduna Park,Benjamin Brand,/en/matches/d5fb6e78/Dortmund-Bochum-January-28-2024-Bundesliga,,GER-BL1,23-24
20,Fri,2024-02-02,20:30,Heidenheim,1.2,0–0,0.6,Dortmund,15000,Voith-Arena,Bastian Dankert,/en/matches/6c075db6/Heidenheim-Dortmund-February-2-2024-Bundesliga,,GER-BL1,23-24
20,Sat,2024-02-03,15:30,Freiburg,0.7,1–3,1.7,Stuttgart,34700,Europa-Park Stadion,Daniel Siebert,/en/matches/1caf6190/Freiburg-Stuttgart-February-3-2024-Bundesliga,,GER-BL1,23-24
20,Sat,2024-02-03,15:30,Bayern Munich,2.1,3–1,1.0,Gladbach,75000,Allianz Arena,Tobias Stieler,/en/matches/8638e930/Bayern-Munich-Monchengladbach-February-3-2024-Bundesliga,,GER-BL1,23-24
20,Sat,2024-02-03,15:30,Mainz 05,0.8,0–1,0.6,Werder Bremen,31800,Mewa Arena,Benjamin Brand,/en/matches/aac29d85/Mainz-05-Werder-Bremen-February-3-2024-Bundesliga,,GER-BL1,23-24
20,Sat,2024-02-03,15:30,Darmstadt 98,0.6,0–2,1.9,Leverkusen,17810,Merck-Stadion am Böllenfalltor,Tobias Reichel,/en/matches/e290014d/Darmstadt-98-Bayer-Leverkusen-February-3-2024-Bundesliga,,GER-BL1,23-24
20,Sat,2024-02-03,15:30,Bochum,0.9,1–1,1.6,Augsburg,24500,Vonovia Ruhrstadion,Patrick Ittrich,/en/matches/ed400d12/Bochum-Augsburg-February-3-2024-Bundesliga,,GER-BL1,23-24
20,Sat,2024-02-03,18:30,Köln,1.3,2–0,0.8,Eint Frankfurt,50000,RheinEnergieSTADION,Timo Gerach,/en/matches/ffa57b10/Koln-Eintracht-Frankfurt-February-3-2024-Bundesliga,,GER-BL1,23-24
20,Sun,2024-02-04,15:30,Wolfsburg,1.7,2–2,1.7,Hoffenheim,22917,Volkswagen Arena,Florian Badstübner,/en/matches/5832b0ba/Wolfsburg-Hoffenheim-February-4-2024-Bundesliga,,GER-BL1,23-24
20,Sun,2024-02-04,17:30,RB Leipzig,1.1,2–0,0.5,Union Berlin,44032,Red Bull Arena,Marco Fritz,/en/matches/ef553212/RB-Leipzig-Union-Berlin-February-4-2024-Bundesliga,,GER-BL1,23-24
18,Wed,2024-02-07,18:30,Mainz 05,1.3,1–1,1.0,Union Berlin,26200,Mewa Arena,Martin Petersen,/en/matches/b020c917/Mainz-05-Union-Berlin-February-7-2024-Bundesliga,,GER-BL1,23-24
21,Fri,2024-02-09,20:30,Dortmund,1.9,3–0,0.3,Freiburg,81365,Signal Iduna Park,Harm Osmers,/en/matches/d8ec709e/Dortmund-Freiburg-February-9-2024-Bundesliga,,GER-BL1,23-24
21,Sat,2024-02-10,15:30,Werder Bremen,1.7,1–2,1.8,Heidenheim,41000,Wohninvest Weserstadion,Robert Schröder,/en/matches/0e7196f4/Werder-Bremen-Heidenheim-February-10-2024-Bundesliga,,GER-BL1,23-24
21,Sat,2024-02-10,15:30,Union Berlin,0.5,1–0,1.3,Wolfsburg,22000,Stadion An der Alten Försterei,Matthias Jöllenbeck,/en/matches/55c0668e/Union-Berlin-Wolfsburg-February-10-2024-Bundesliga,,GER-BL1,23-24
21,Sat,2024-02-10,15:30,Gladbach,1.5,0–0,0.7,Darmstadt 98,46121,Stadion im Borussia-Park,Sascha Stegemann,/en/matches/ca8e752c/Monchengladbach-Darmstadt-98-February-10-2024-Bundesliga,,GER-BL1,23-24
21,Sat,2024-02-10,15:30,Eint Frankfurt,2.4,1–1,1.5,Bochum,57500,Deutsche Bank Park,Sven Jablonski,/en/matches/cad8b5cb/Eintracht-Frankfurt-Bochum-February-10-2024-Bundesliga,,GER-BL1,23-24
21,Sat,2024-02-10,15:30,Augsburg,0.7,2–2,1.3,RB Leipzig,28510,WWK Arena,Benjamin Brand,/en/matches/f1d93f2a/Augsburg-RB-Leipzig-February-10-2024-Bundesliga,,GER-BL1,23-24
21,Sat,2024-02-10,18:30,Leverkusen,1.3,3–0,0.6,Bayern Munich,30210,BayArena,Felix Zwayer,/en/matches/cb3e9794/Bayer-Leverkusen-Bayern-Munich-February-10-2024-Bundesliga,,GER-BL1,23-24
21,Sun,2024-02-11,15:30,Stuttgart,1.9,3–1,1.4,Mainz 05,52005,MHPArena,Deniz Aytekin,/en/matches/8a942999/Stuttgart-Mainz-05-February-11-2024-Bundesliga,,GER-BL1,23-24
21,Sun,2024-02-11,17:30,Hoffenheim,1.2,1–1,0.1,Köln,23020,PreZero Arena,Christian Dingert,/en/matches/c5cb718a/Hoffenheim-Koln-February-11-2024-Bundesliga,,GER-BL1,23-24
22,Fri,2024-02-16,20:30,Köln,0.8,0–1,1.8,Werder Bremen,50000,RheinEnergieSTADION,Daniel Siebert,/en/matches/23e6e69b/Koln-Werder-Bremen-February-16-2024-Bundesliga,,GER-BL1,23-24
22,Sat,2024-02-17,15:30,Mainz 05,2.1,1–0,1.0,Augsburg,24800,Mewa Arena,Tobias Reichel,/en/matches/09ef0419/Mainz-05-Augsburg-February-17-2024-Bundesliga,,GER-BL1,23-24
22,Sat,2024-02-17,15:30,Hoffenheim,1.0,0–1,1.4,Union Berlin,19050,PreZero Arena,Robert Hartmann,/en/matches/1087676d/Hoffenheim-Union-Berlin-February-17-2024-Bundesliga,,GER-BL1,23-24
22,Sat,2024-02-17,15:30,Darmstadt 98,1.7,1–2,1.6,Stuttgart,17810,Merck-Stadion am Böllenfalltor,Tobias Welz,/en/matches/495996b3/Darmstadt-98-Stuttgart-February-17-2024-Bundesliga,,GER-BL1,23-24
22,Sat,2024-02-17,15:30,Wolfsburg,1.8,1–1,1.4,Dortmund,28917,Volkswagen Arena,Martin Petersen,/en/matches/8834fb75/Wolfsburg-Dortmund-February-17-2024-Bundesliga,,GER-BL1,23-24
22,Sat,2024-02-17,15:30,Heidenheim,0.4,1–2,1.9,Leverkusen,15000,Voith-Arena,Harm Osmers,/en/matches/dc9bd3f1/Heidenheim-Bayer-Leverkusen-February-17-2024-Bundesliga,,GER-BL1,23-24
22,Sat,2024-02-17,18:30,RB Leipzig,1.7,2–0,0.7,Gladbach,44822,Red Bull Arena,Sören Storks,/en/matches/2562b3f2/RB-Leipzig-Monchengladbach-February-17-2024-Bundesliga,,GER-BL1,23-24
22,Sun,2024-02-18,15:30,Freiburg,2.2,3–3,1.0,Eint Frankfurt,34700,Europa-Park Stadion,Tobias Stieler,/en/matches/61bcf887/Freiburg-Eintracht-Frankfurt-February-18-2024-Bundesliga,,GER-BL1,23-24
22,Sun,2024-02-18,17:30,Bochum,1.7,3–2,3.3,Bayern Munich,26000,Vonovia Ruhrstadion,Daniel Schlager,/en/matches/3729d74c/Bochum-Bayern-Munich-February-18-2024-Bundesliga,,GER-BL1,23-24
23,Fri,2024-02-23,20:30,Leverkusen,1.1,2–1,1.1,Mainz 05,30210,BayArena,Timo Gerach,/en/matches/f1ee2f4d/Bayer-Leverkusen-Mainz-05-February-23-2024-Bundesliga,,GER-BL1,23-24
23,Sat,2024-02-24,15:30,Union Berlin,1.1,2–2,1.1,Heidenheim,21341,Stadion An der Alten Försterei,Deniz Aytekin,/en/matches/05492802/Union-Berlin-Heidenheim-February-24-2024-Bundesliga,,GER-BL1,23-24
23,Sat,2024-02-24,15:30,Werder Bremen,1.8,1–1,1.0,Darmstadt 98,42358,Wohninvest Weserstadion,Florian Badstübner,/en/matches/307bb1fe/Werder-Bremen-Darmstadt-98-February-24-2024-Bundesliga,,GER-BL1,23-24
23,Sat,2024-02-24,15:30,Gladbach,3.5,5–2,1.6,Bochum,53196,Stadion im Borussia-Park,Frank Willenborg,/en/matches/41a1026d/Monchengladbach-Bochum-February-24-2024-Bundesliga,,GER-BL1,23-24
23,Sat,2024-02-24,15:30,Stuttgart,2.2,1–1,0.7,Köln,54500,MHPArena,Patrick Ittrich,/en/matches/5c9a36d8/Stuttgart-Koln-February-24-2024-Bundesliga,,GER-BL1,23-24
23,Sat,2024-02-24,18:30,Bayern Munich,1.5,2–1,0.9,RB Leipzig,75000,Allianz Arena,Sascha Stegemann,/en/matches/2b197304/Bayern-Munich-RB-Leipzig-February-24-2024-Bundesliga,,GER-BL1,23-24
23,Sun,2024-02-25,15:30,Eint Frankfurt,0.9,2–2,1.0,Wolfsburg,56500,Deutsche Bank Park,Daniel Schlager,/en/matches/41a055f9/Eintracht-Frankfurt-Wolfsburg-February-25-2024-Bundesliga,,GER-BL1,23-24
23,Sun,2024-02-25,17:30,Dortmund,1.9,2–3,1.3,Hoffenheim,81365,Signal Iduna Park,Marco Fritz,/en/matches/9da49b22/Dortmund-Hoffenheim-February-25-2024-Bundesliga,,GER-BL1,23-24
23,Sun,2024-02-25,19:30,Augsburg,1.6,2–1,1.6,Freiburg,28894,WWK Arena,Bastian Dankert,/en/matches/7619c72c/Augsburg-Freiburg-February-25-2024-Bundesliga,,GER-BL1,23-24
24,Fri,2024-03-01,20:30,Freiburg,1.5,2–2,1.8,Bayern Munich,34700,Europa-Park Stadion,Sven Jablonski,/en/matches/fd3df072/Freiburg-Bayern-Munich-March-1-2024-Bundesliga,,GER-BL1,23-24
24,Sat,2024-03-02,15:30,Bochum,0.8,1–4,2.1,RB Leipzig,24200,Vonovia Ruhrstadion,Harm Osmers,/en/matches/3d96e277/Bochum-RB-Leipzig-March-2-2024-Bundesliga,,GER-BL1,23-24
24,Sat,2024-03-02,15:30,Heidenheim,1.0,1–2,1.2,Eint Frankfurt,15000,Voith-Arena,Sören Storks,/en/matches/451ca624/Heidenheim-Eintracht-Frankfurt-March-2-2024-Bundesliga,,GER-BL1,23-24
24,Sat,2024-03-02,15:30,Mainz 05,1.0,1–1,1.0,Gladbach,33305,Mewa Arena,Robert Schröder,/en/matches/7e9375f7/Mainz-05-Monchengladbach-March-2-2024-Bundesliga,,GER-BL1,23-24
24,Sat,2024-03-02,15:30,Union Berlin,1.2,0–2,1.6,Dortmund,22012,Stadion An der Alten Försterei,Christian Dingert,/en/matches/a5477209/Union-Berlin-Dortmund-March-2-2024-Bundesliga,,GER-BL1,23-24
24,Sat,2024-03-02,15:30,Darmstadt 98,0.8,0–6,2.9,Augsburg,17810,Merck-Stadion am Böllenfalltor,Felix Zwayer,/en/matches/fb8f1eb7/Darmstadt-98-Augsburg-March-2-2024-Bundesliga,,GER-BL1,23-24
24,Sat,2024-03-02,18:30,Wolfsburg,0.8,2–3,1.1,Stuttgart,25000,Volkswagen Arena,Benjamin Brand,/en/matches/3a645dc5/Wolfsburg-Stuttgart-March-2-2024-Bundesliga,,GER-BL1,23-24
24,Sun,2024-03-03,15:30,Köln,1.0,0–2,1.5,Leverkusen,50000,RheinEnergieSTADION,Tobias Stieler,/en/matches/45ef7b37/Koln-Bayer-Leverkusen-March-3-2024-Bundesliga,,GER-BL1,23-24
24,Sun,2024-03-03,17:30,Hoffenheim,1.7,2–1,1.3,Werder Bremen,25000,PreZero Arena,Matthias Jöllenbeck,/en/matches/1e6c5f41/Hoffenheim-Werder-Bremen-March-3-2024-Bundesliga,,GER-BL1,23-24
25,Fri,2024-03-08,20:30,Stuttgart,1.0,2–0,0.9,Union Berlin,53800,MHPArena,Robert Schröder,/en/matches/cf9a3f12/Stuttgart-Union-Berlin-March-8-2024-Bundesliga,,GER-BL1,23-24
25,Sat,2024-03-09,15:30,Bayern Munich,6.2,8–1,0.8,Mainz 05,75000,Allianz Arena,Patrick Ittrich,/en/matches/13642200/Bayern-Munich-Mainz-05-March-9-2024-Bundesliga,,GER-BL1,23-24
25,Sat,2024-03-09,15:30,RB Leipzig,3.2,2–0,0.5,Darmstadt 98,40000,Red Bull Arena,Robert Hartmann,/en/matches/c7a7fa1e/RB-Leipzig-Darmstadt-98-March-9-2024-Bundesliga,,GER-BL1,23-24
25,Sat,2024-03-09,15:30,Gladbach,1.8,3–3,0.6,Köln,54042,Stadion im Borussia-Park,Felix Zwayer,/en/matches/d2df2d6e/Monchengladbach-Koln-March-9-2024-Bundesliga,,GER-BL1,23-24
25,Sat,2024-03-09,15:30,Augsburg,0.5,1–0,0.4,Heidenheim,30660,WWK Arena,Frank Willenborg,/en/matches/f5e3c688/Augsburg-Heidenheim-March-9-2024-Bundesliga,,GER-BL1,23-24
25,Sat,2024-03-09,18:30,Werder Bremen,1.8,1–2,1.2,Dortmund,42100,Wohninvest Weserstadion,Deniz Aytekin,/en/matches/93f65055/Werder-Bremen-Dortmund-March-9-2024-Bundesliga,,GER-BL1,23-24
25,Sun,2024-03-10,15:30,Bochum,1.2,1–2,1.4,Freiburg,25594,Vonovia Ruhrstadion,Marco Fritz,/en/matches/a3e71105/Bochum-Freiburg-March-10-2024-Bundesliga,,GER-BL1,23-24
25,Sun,2024-03-10,17:30,Eint Frankfurt,2.4,3–1,0.6,Hoffenheim,57000,Deutsche Bank Park,Bastian Dankert,/en/matches/e64845a2/Eintracht-Frankfurt-Hoffenheim-March-10-2024-Bundesliga,,GER-BL1,23-24
25,Sun,2024-03-10,19:30,Leverkusen,2.1,2–0,0.2,Wolfsburg,29314,BayArena,Daniel Siebert,/en/matches/e496288a/Bayer-Leverkusen-Wolfsburg-March-10-2024-Bundesliga,,GER-BL1,23-24
26,Fri,2024-03-15,20:30,Köln,1.2,1–5,3.3,RB Leipzig,49000,RheinEnergieSTADION,Florian Badstübner,/en/matches/e1fbd27a/Koln-RB-Leipzig-March-15-2024-Bundesliga,,GER-BL1,23-24
26,Sat,2024-03-16,15:30,Wolfsburg,1.3,1–3,0.7,Augsburg,21735,Volkswagen Arena,Timo Gerach,/en/matches/20a7ebf0/Wolfsburg-Augsburg-March-16-2024-Bundesliga,,GER-BL1,23-24
26,Sat,2024-03-16,15:30,Heidenheim,1.1,1–1,0.5,Gladbach,15000,Voith-Arena,Martin Petersen,/en/matches/960bc764/Heidenheim-Monchengladbach-March-16-2024-Bundesliga,,GER-BL1,23-24
26,Sat,2024-03-16,15:30,Union Berlin,1.1,2–1,1.1,Werder Bremen,22012,Stadion An der Alten Försterei,Daniel Schlager,/en/matches/bdb8f06f/Union-Berlin-Werder-Bremen-March-16-2024-Bundesliga,,GER-BL1,23-24
26,Sat,2024-03-16,15:30,Mainz 05,2.5,2–0,0.7,Bochum,33000,Mewa Arena,Matthias Jöllenbeck,/en/matches/df59d301/Mainz-05-Bochum-March-16-2024-Bundesliga,,GER-BL1,23-24
26,Sat,2024-03-16,15:30,Darmstadt 98,1.2,2–5,3.6,Bayern Munich,17810,Merck-Stadion am Böllenfalltor,Tobias Reichel,/en/matches/fbdd5729/Darmstadt-98-Bayern-Munich-March-16-2024-Bundesliga,,GER-BL1,23-24
26,Sat,2024-03-16,18:30,Hoffenheim,0.5,0–3,3.7,Stuttgart,30150,PreZero Arena,Sascha Stegemann,/en/matches/4ec68df2/Hoffenheim-Stuttgart-March-16-2024-Bundesliga,,GER-BL1,23-24
26,Sun,2024-03-17,15:30,Freiburg,0.9,2–3,2.3,Leverkusen,34700,Europa-Park Stadion,Harm Osmers,/en/matches/5b15a938/Freiburg-Bayer-Leverkusen-March-17-2024-Bundesliga,,GER-BL1,23-24
26,Sun,2024-03-17,17:30,Dortmund,2.3,3–1,0.9,Eint Frankfurt,81365,Signal Iduna Park,Tobias Stieler,/en/matches/fc260c9c/Dortmund-Eintracht-Frankfurt-March-17-2024-Bundesliga,,GER-BL1,23-24
27,Sat,2024-03-30,15:30,Werder Bremen,0.5,0–2,2.3,Wolfsburg,41500,Wohninvest Weserstadion,Sascha Stegemann,/en/matches/14145f04/Werder-Bremen-Wolfsburg-March-30-2024-Bundesliga,,GER-BL1,23-24
27,Sat,2024-03-30,15:30,Eint Frankfurt,1.0,0–0,1.5,Union Berlin,57100,Deutsche Bank Park,Marco Fritz,/en/matches/2c607fee/Eintracht-Frankfurt-Union-Berlin-March-30-2024-Bundesliga,,GER-BL1,23-24
27,Sat,2024-03-30,15:30,RB Leipzig,2.5,0–0,0.9,Mainz 05,44813,Red Bull Arena,Frank Willenborg,/en/matches/bd8a352b/RB-Leipzig-Mainz-05-March-30-2024-Bundesliga,,GER-BL1,23-24
27,Sat,2024-03-30,15:30,Leverkusen,3.1,2–1,0.8,Hoffenheim,30210,BayArena,Deniz Aytekin,/en/matches/c6837308/Bayer-Leverkusen-Hoffenheim-March-30-2024-Bundesliga,,GER-BL1,23-24
27,Sat,2024-03-30,15:30,Gladbach,1.5,0–3,1.7,Freiburg,53259,Stadion im Borussia-Park,Christian Dingert,/en/matches/ec7eb5c4/Monchengladbach-Freiburg-March-30-2024-Bundesliga,,GER-BL1,23-24
27,Sat,2024-03-30,18:30,Bayern Munich,1.5,0–2,0.9,Dortmund,75000,Allianz Arena,Harm Osmers,/en/matches/2214f825/Der-Klassiker-Bayern-Munich-Dortmund-March-30-2024-Bundesliga,,GER-BL1,23-24
27,Sun,2024-03-31,15:30,Augsburg,2.2,1–1,1.3,Köln,37660,WWK Arena,Sören Storks,/en/matches/01fc81d2/Augsburg-Koln-March-31-2024-Bundesliga,,GER-BL1,23-24
27,Sun,2024-03-31,17:30,Stuttgart,3.0,3–3,1.3,Heidenheim,60000,MHPArena,Felix Zwayer,/en/matches/c2bf703c/Stuttgart-Heidenheim-March-31-2024-Bundesliga,,GER-BL1,23-24
27,Sun,2024-03-31,19:30,Bochum,1.8,2–2,0.9,Darmstadt 98,25023,Vonovia Ruhrstadion,Sven Jablonski,/en/matches/9a5b5b37/Bochum-Darmstadt-98-March-31-2024-Bundesliga,,GER-BL1,23-24
28,Fri,2024-04-05,20:30,Eint Frankfurt,2.1,1–1,1.6,Werder Bremen,58000,Deutsche Bank Park,Robert Hartmann,/en/matches/d488395d/Eintracht-Frankfurt-Werder-Bremen-April-5-2024-Bundesliga,,GER-BL1,23-24
28,Sat,2024-04-06,15:30,Freiburg,1.6,1–4,2.3,RB Leipzig,33200,Europa-Park Stadion,Daniel Siebert,/en/matches/007c65cc/Freiburg-RB-Leipzig-April-6-2024-Bundesliga,,GER-BL1,23-24
28,Sat,2024-04-06,15:30,Union Berlin,0.3,0–1,2.8,Leverkusen,22012,Stadion An der Alten Försterei,Benjamin Brand,/en/matches/8d50a0dc/Union-Berlin-Bayer-Leverkusen-April-6-2024-Bundesliga,,GER-BL1,23-24
28,Sat,2024-04-06,15:30,Köln,1.0,2–1,0.6,Bochum,50000,RheinEnergieSTADION,Tobias Welz,/en/matches/d8652581/Koln-Bochum-April-6-2024-Bundesliga,,GER-BL1,23-24
28,Sat,2024-04-06,15:30,Mainz 05,3.6,4–0,0.5,Darmstadt 98,33000,Mewa Arena,Daniel Schlager,/en/matches/d905f8cf/Mainz-05-Darmstadt-98-April-6-2024-Bundesliga,,GER-BL1,23-24
28,Sat,2024-04-06,15:30,Heidenheim,1.4,3–2,1.9,Bayern Munich,15000,Voith-Arena,Robert Schröder,/en/matches/f162ca67/Heidenheim-Bayern-Munich-April-6-2024-Bundesliga,,GER-BL1,23-24
28,Sat,2024-04-06,18:30,Dortmund,2.5,0–1,1.6,Stuttgart,81365,Signal Iduna Park,Matthias Jöllenbeck,/en/matches/7f40218d/Dortmund-Stuttgart-April-6-2024-Bundesliga,,GER-BL1,23-24
28,Sun,2024-04-07,15:30,Hoffenheim,1.8,3–1,1.2,Augsburg,28881,PreZero Arena,Florian Exner,/en/matches/55760d88/Hoffenheim-Augsburg-April-7-2024-Bundesliga,,GER-BL1,23-24
28,Sun,2024-04-07,17:30,Wolfsburg,1.2,1–3,1.1,Gladbach,26105,Volkswagen Arena,Bastian Dankert,/en/matches/48bbbaa4/Wolfsburg-Monchengladbach-April-7-2024-Bundesliga,,GER-BL1,23-24
29,Fri,2024-04-12,20:30,Augsburg,1.6,2–0,1.6,Union Berlin,29731,WWK Arena,Tobias Stieler,/en/matches/77277650/Augsburg-Union-Berlin-April-12-2024-Bundesliga,,GER-BL1,23-24
29,Sat,2024-04-13,15:30,Gladbach,1.1,1–2,1.3,Dortmund,54042,Stadion im Borussia-Park,Florian Badstübner,/en/matches/37ed39d6/Monchengladbach-Dortmund-April-13-2024-Bundesliga,,GER-BL1,23-24
29,Sat,2024-04-13,15:30,Mainz 05,2.1,4–1,0.5,Hoffenheim,31000,Mewa Arena,Felix Zwayer,/en/matches/395983e2/Mainz-05-Hoffenheim-April-13-2024-Bundesliga,,GER-BL1,23-24
29,Sat,2024-04-13,15:30,Bochum,1.2,1–1,1.1,Heidenheim,24414,Vonovia Ruhrstadion,Patrick Ittrich,/en/matches/402ab1ff/Bochum-Heidenheim-April-13-2024-Bundesliga,,GER-BL1,23-24
29,Sat,2024-04-13,15:30,Bayern Munich,2.2,2–0,0.9,Köln,75000,Allianz Arena,Frank Willenborg,/en/matches/40ea8291/Bayern-Munich-Koln-April-13-2024-Bundesliga,,GER-BL1,23-24
29,Sat,2024-04-13,15:30,RB Leipzig,1.3,3–0,0.4,Wolfsburg,45858,Red Bull Arena,Christian Dingert,/en/matches/dc48a914/RB-Leipzig-Wolfsburg-April-13-2024-Bundesliga,,GER-BL1,23-24
29,Sat,2024-04-13,18:30,Stuttgart,1.2,3–0,0.6,Eint Frankfurt,60000,MHPArena,Deniz Aytekin,/en/matches/50a48ffc/Stuttgart-Eintracht-Frankfurt-April-13-2024-Bundesliga,,GER-BL1,23-24
29,Sun,2024-04-14,15:30,Darmstadt 98,1.1,0–1,0.9,Freiburg,17810,Merck-Stadion am Böllenfalltor,Sascha Stegemann,/en/matches/4cb378dd/Darmstadt-98-Freiburg-April-14-2024-Bundesliga,,GER-BL1,23-24
29,Sun,2024-04-14,17:30,Leverkusen,3.2,5–0,0.7,Werder Bremen,30210,BayArena,Harm Osmers,/en/matches/995e3537/Bayer-Leverkusen-Werder-Bremen-April-14-2024-Bundesliga,,GER-BL1,23-24
30,Fri,2024-04-19,20:30,Eint Frankfurt,1.8,3–1,0.5,Augsburg,57600,Deutsche Bank Park,Martin Petersen,/en/matches/7e121aaa/Eintracht-Frankfurt-Augsburg-April-19-2024-Bundesliga,,GER-BL1,23-24
30,Sat,2024-04-20,15:30,Wolfsburg,0.8,1–0,1.3,Bochum,26327,Volkswagen Arena,Tobias Reichel,/en/matches/12980c2d/Wolfsburg-Bochum-April-20-2024-Bundesliga,,GER-BL1,23-24
30,Sat,2024-04-20,15:30,Heidenheim,1.0,1–2,1.8,RB Leipzig,15000,Voith-Arena,Tobias Welz,/en/matches/421566c1/Heidenheim-RB-Leipzig-April-20-2024-Bundesliga,,GER-BL1,23-24
30,Sat,2024-04-20,15:30,Hoffenheim,2.3,4–3,1.0,Gladbach,26078,PreZero Arena,Sören Storks,/en/matches/b0db8bc6/Hoffenheim-Monchengladbach-April-20-2024-Bundesliga,,GER-BL1,23-24
30,Sat,2024-04-20,15:30,Köln,1.0,0–2,1.8,Darmstadt 98,50000,RheinEnergieSTADION,Matthias Jöllenbeck,/en/matches/c2a328c8/Koln-Darmstadt-98-April-20-2024-Bundesliga,,GER-BL1,23-24
30,Sat,2024-04-20,18:30,Union Berlin,1.4,1–5,1.4,Bayern Munich,22012,Stadion An der Alten Försterei,Sven Jablonski,/en/matches/35d42e43/Union-Berlin-Bayern-Munich-April-20-2024-Bundesliga,,GER-BL1,23-24
30,Sun,2024-04-21,15:30,Werder Bremen,1.5,2–1,2.2,Stuttgart,42100,Wohninvest Weserstadion,Robert Schröder,/en/matches/c8030035/Werder-Bremen-Stuttgart-April-21-2024-Bundesliga,,GER-BL1,23-24
30,Sun,2024-04-21,17:30,Dortmund,0.5,1–1,1.1,Leverkusen,81365,Signal Iduna Park,Daniel Siebert,/en/matches/24b5202b/Dortmund-Bayer-Leverkusen-April-21-2024-Bundesliga,,GER-BL1,23-24
30,Sun,2024-04-21,19:30,Freiburg,1.1,1–1,1.0,Mainz 05,34300,Europa-Park Stadion,Marco Fritz,/en/matches/f477f432/Freiburg-Mainz-05-April-21-2024-Bundesliga,,GER-BL1,23-24
31,Fri,2024-04-26,20:30,Bochum,3.2,3–2,1.0,Hoffenheim,24300,Vonovia Ruhrstadion,Tobias Stieler,/en/matches/f6908cfc/Bochum-Hoffenheim-April-26-2024-Bundesliga,,GER-BL1,23-24
31,Sat,2024-04-27,15:30,Augsburg,0.6,0–3,2.0,Werder Bremen,30660,WWK Arena,Tobias Welz,/en/matches/308f90b7/Augsburg-Werder-Bremen-April-27-2024-Bundesliga,,GER-BL1,23-24
31,Sat,2024-04-27,15:30,Bayern Munich,3.3,2–1,0.5,Eint Frankfurt,75000,Allianz Arena,Daniel Schlager,/en/matches/33de3608/Bayern-Munich-Eintracht-Frankfurt-April-27-2024-Bundesliga,,GER-BL1,23-24
31,Sat,2024-04-27,15:30,Freiburg,2.2,1–2,0.5,Wolfsburg,32800,Europa-Park Stadion,Frank Willenborg,/en/matches/73187673/Freiburg-Wolfsburg-April-27-2024-Bundesliga,,GER-BL1,23-24
31,Sat,2024-04-27,15:30,RB Leipzig,2.6,4–1,1.6,Dortmund,47069,Red Bull Arena,Deniz Aytekin,/en/matches/9813cba6/RB-Leipzig-Dortmund-April-27-2024-Bundesliga,,GER-BL1,23-24
31,Sat,2024-04-27,18:30,Leverkusen,1.4,2–2,1.7,Stuttgart,30210,BayArena,Felix Zwayer,/en/matches/275b46ad/Bayer-Leverkusen-Stuttgart-April-27-2024-Bundesliga,,GER-BL1,23-24
31,Sun,2024-04-28,15:30,Gladbach,0.9,0–0,1.0,Union Berlin,53723,Stadion im Borussia-Park,Sascha Stegemann,/en/matches/186f2bd2/Monchengladbach-Union-Berlin-April-28-2024-Bundesliga,,GER-BL1,23-24
31,Sun,2024-04-28,17:30,Mainz 05,1.6,1–1,2.5,Köln,33305,Mewa Arena,Benjamin Brand,/en/matches/294cb583/Mainz-05-Koln-April-28-2024-Bundesliga,,GER-BL1,23-24
31,Sun,2024-04-28,19:30,Darmstadt 98,0.7,0–1,1.6,Heidenheim,17416,Merck-Stadion am Böllenfalltor,Bastian Dankert,/en/matches/3534834b/Darmstadt-98-Heidenheim-April-28-2024-Bundesliga,,GER-BL1,23-24
32,Fri,2024-05-03,20:30,Hoffenheim,1.6,1–1,0.8,RB Leipzig,25066,PreZero Arena,Harm Osmers,/en/matches/0c04e055/Hoffenheim-RB-Leipzig-May-3-2024-Bundesliga,,GER-BL1,23-24
32,Sat,2024-05-04,15:30,Stuttgart,1.8,3–1,1.7,Bayern Munich,60000,MHPArena,Tobias Welz,/en/matches/38c2e1c6/Stuttgart-Bayern-Munich-May-4-2024-Bundesliga,,GER-BL1,23-24
32,Sat,2024-05-04,15:30,Werder Bremen,1.4,2–2,1.9,Gladbach,42100,Wohninvest Weserstadion,Timo Gerach,/en/matches/4e276e61/Werder-Bremen-Monchengladbach-May-4-2024-Bundesliga,,GER-BL1,23-24
32,Sat,2024-05-04,15:30,Dortmund,4.0,5–1,2.5,Augsburg,81365,Signal Iduna Park,Robert Schröder,/en/matches/973a53e2/Dortmund-Augsburg-May-4-2024-Bundesliga,,GER-BL1,23-24
32,Sat,2024-05-04,15:30,Wolfsburg,2.2,3–0,0.4,Darmstadt 98,23108,Volkswagen Arena,Robert Hartmann,/en/matches/d460a027/Wolfsburg-Darmstadt-98-May-4-2024-Bundesliga,,GER-BL1,23-24
32,Sat,2024-05-04,18:30,Köln,0.9,0–0,0.8,Freiburg,50000,RheinEnergieSTADION,Sören Storks,/en/matches/90f8e14b/Koln-Freiburg-May-4-2024-Bundesliga,,GER-BL1,23-24
32,Sun,2024-05-05,15:30,Union Berlin,0.9,3–4,1.4,Bochum,22012,Stadion An der Alten Försterei,Marco Fritz,/en/matches/1956c53e/Union-Berlin-Bochum-May-5-2024-Bundesliga,,GER-BL1,23-24
32,Sun,2024-05-05,17:30,Eint Frankfurt,1.9,1–5,2.7,Leverkusen,58000,Deutsche Bank Park,Christian Dingert,/en/matches/20542574/Eintracht-Frankfurt-Bayer-Leverkusen-May-5-2024-Bundesliga,,GER-BL1,23-24
32,Sun,2024-05-05,19:30,Heidenheim,0.9,1–1,1.4,Mainz 05,15000,Voith-Arena,Sven Jablonski,/en/matches/61a6652f/Heidenheim-Mainz-05-May-5-2024-Bundesliga,,GER-BL1,23-24
33,Fri,2024-05-10,20:30,Augsburg,0.6,0–1,1.9,Stuttgart,30660,WWK Arena,Patrick Ittrich,/en/matches/479d1417/Augsburg-Stuttgart-May-10-2024-Bundesliga,,GER-BL1,23-24
33,Sat,2024-05-11,15:30,Köln,3.1,3–2,1.6,Union Berlin,50000,RheinEnergieSTADION,Deniz Aytekin,/en/matches/1d97656d/Koln-Union-Berlin-May-11-2024-Bundesliga,,GER-BL1,23-24
33,Sat,2024-05-11,15:30,Freiburg,1.5,1–1,0.7,Heidenheim,34700,Europa-Park Stadion,Daniel Siebert,/en/matches/9fe2f393/Freiburg-Heidenheim-May-11-2024-Bundesliga,,GER-BL1,23-24
33,Sat,2024-05-11,15:30,Gladbach,0.4,1–1,1.5,Eint Frankfurt,54042,Stadion im Borussia-Park,Robert Schröder,/en/matches/f60ad969/Monchengladbach-Eintracht-Frankfurt-May-11-2024-Bundesliga,,GER-BL1,23-24
33,Sat,2024-05-11,15:30,RB Leipzig,1.4,1–1,1.1,Werder Bremen,47069,Red Bull Arena,Sascha Stegemann,/en/matches/fbb2b015/RB-Leipzig-Werder-Bremen-May-11-2024-Bundesliga,,GER-BL1,23-24
33,Sat,2024-05-11,18:30,Mainz 05,2.1,3–0,0.4,Dortmund,33305,Mewa Arena,Tobias Stieler,/en/matches/23d95a33/Mainz-05-Dortmund-May-11-2024-Bundesliga,,GER-BL1,23-24
33,Sun,2024-05-12,15:30,Darmstadt 98,0.6,0–6,3.3,Hoffenheim,17810,Merck-Stadion am Böllenfalltor,Florian Badstübner,/en/matches/27a15c2e/Darmstadt-98-Hoffenheim-May-12-2024-Bundesliga,,GER-BL1,23-24
33,Sun,2024-05-12,17:30,Bayern Munich,0.3,2–0,0.2,Wolfsburg,75000,Allianz Arena,Bastian Dankert,/en/matches/22e38eb5/Bayern-Munich-Wolfsburg-May-12-2024-Bundesliga,,GER-BL1,23-24
33,Sun,2024-05-12,19:30,Bochum,0.3,0–5,4.2,Leverkusen,26000,Vonovia Ruhrstadion,Benjamin Brand,/en/matches/722f0a3e/Bochum-Bayer-Leverkusen-May-12-2024-Bundesliga,,GER-BL1,23-24
34,Sat,2024-05-18,15:30,Union Berlin,2.3,2–1,1.0,Freiburg,22012,Stadion An der Alten Försterei,Christian Dingert,/en/matches/0a7a794b/Union-Berlin-Freiburg-May-18-2024-Bundesliga,,GER-BL1,23-24
34,Sat,2024-05-18,15:30,Werder Bremen,3.0,4–1,2.1,Bochum,42100,Wohninvest Weserstadion,Martin Petersen,/en/matches/0c2b0305/Werder-Bremen-Bochum-May-18-2024-Bundesliga,,GER-BL1,23-24
34,Sat,2024-05-18,15:30,Dortmund,2.6,4–0,0.3,Darmstadt 98,81365,Signal Iduna Park,Daniel Siebert,/en/matches/14f21084/Dortmund-Darmstadt-98-May-18-2024-Bundesliga,,GER-BL1,23-24
34,Sat,2024-05-18,15:30,Stuttgart,1.6,4–0,1.3,Gladbach,60000,MHPArena,Daniel Schlager,/en/matches/229aab5e/Stuttgart-Monchengladbach-May-18-2024-Bundesliga,,GER-BL1,23-24
34,Sat,2024-05-18,15:30,Hoffenheim,1.8,4–2,1.5,Bayern Munich,30150,PreZero Arena,Marco Fritz,/en/matches/250e8184/Hoffenheim-Bayern-Munich-May-18-2024-Bundesliga,,GER-BL1,23-24
34,Sat,2024-05-18,15:30,Wolfsburg,0.8,1–3,1.8,Mainz 05,26627,Volkswagen Arena,Frank Willenborg,/en/matches/31be20b7/Wolfsburg-Mainz-05-May-18-2024-Bundesliga,,GER-BL1,23-24
34,Sat,2024-05-18,15:30,Leverkusen,2.4,2–1,1.2,Augsburg,30210,BayArena,Matthias Jöllenbeck,/en/matches/8b525565/Bayer-Leverkusen-Augsburg-May-18-2024-Bundesliga,,GER-BL1,23-24
34,Sat,2024-05-18,15:30,Heidenheim,1.0,4–1,2.3,Köln,15000,Voith-Arena,Tobias Welz,/en/matches/f0787a6c/Heidenheim-Koln-May-18-2024-Bundesliga,,GER-BL1,23-24
34,Sat,2024-05-18,15:30,Eint Frankfurt,2.1,2–2,1.6,RB Leipzig,57500,Deutsche Bank Park,Felix Zwayer,/en/matches/f7159f33/Eintracht-Frankfurt-RB-Leipzig-May-18-2024-Bundesliga,,GER-BL1,23-24
