Round,Wk,Day,Date,Time,Home,xG,Score,xG.1,Away,Attendance,Venue,Referee,Match Report,Notes,league,season
Group stage,1,Thu,2019-09-19,18:55,Rennes,1.3,1–1,1.1,Celtic,27026,Roazhon Park,José Sánchez,/en/matches/0c2d0b3b/Rennes-Celtic-September-19-2019-Europa-League,,UEL,19-20
Group stage,1,Thu,2019-09-19,18:55,PSV Eindhoven,0.9,3–2,1.7,Sporting CP,30000,Philips Stadion,Ivan Kružliak,/en/matches/2122f715/PSV-Eindhoven-Sporting-CP-September-19-2019-Europa-League,,UEL,19-20
Group stage,1,Thu,2019-09-19,18:55,Basel,2.6,5–0,1.9,Krasnodar,14127,St. Jakob-Park,Mattias Gestranius,/en/matches/27b42593/Basel-Krasnodar-September-19-2019-Europa-League,,UEL,19-20
Group stage,1,Thu,2019-09-19,18:55,FC Copenhagen,1.0,1–0,0.3,Lugano,18240,Telia Parken,Fábio Costa,/en/matches/442e74c0/FC-Copenhagen-Lugano-September-19-2019-Europa-League,,UEL,19-20
Group stage,1,Thu,2019-09-19,18:55,Standard Liège,0.7,2–0,1.2,Vitória,13477,Stade Maurice Dufrasne,Sergey Ivanov,/en/matches/5d1cdb2a/Standard-Liege-Vitoria-Guimaraes-September-19-2019-Europa-League,,UEL,19-20
Group stage,1,Thu,2019-09-19,18:55,Getafe,1.2,1–0,0.3,Trabzonspor,5786,Coliseum Alfonso Pérez,Matej Jug,/en/matches/bc469527/Getafe-Trabzonspor-September-19-2019-Europa-League,,UEL,19-20
Group stage,1,Thu,2019-09-19,18:55,Eint Frankfurt,1.8,0–3,3.2,Arsenal,47000,Deutsche Bank Park,Davide Massa,/en/matches/dc129b7c/Eintracht-Frankfurt-Arsenal-September-19-2019-Europa-League,,UEL,19-20
Group stage,1,Thu,2019-09-19,18:55,LASK,1.9,1–0,0.3,Rosenborg,12179,Linzer Stadion,Donatas Rumšas,/en/matches/f7b3f82f/LASK-Rosenborg-September-19-2019-Europa-League,,UEL,19-20
Group stage,1,Thu,2019-09-19,19:55,CFR Cluj,2.1,2–1,2.0,Lazio,9222,Stadionul Dr. Constantin Rădulescu,Daniel Stefański,/en/matches/7244aeee/CFR-Cluj-Lazio-September-19-2019-Europa-League,,UEL,19-20
Group stage,1,Thu,2019-09-19,19:55,APOEL,2.4,3–4,1.7,F91 Dudelange,9313,Neo GSP,Dumitru Muntean,/en/matches/afcf945b/APOEL-F91-Dudelange-September-19-2019-Europa-League,,UEL,19-20
Group stage,1,Thu,2019-09-19,19:55,Dynamo Kyiv,1.5,1–0,0.4,Malmö,17159,NSK Olimpijs'kyj,Aleksandar Stavrev,/en/matches/dc56d52c/Dynamo-Kyiv-Malmo-September-19-2019-Europa-League,,UEL,19-20
Group stage,1,Thu,2019-09-19,20:00,Wolves,1.1,0–1,0.7,Braga,28314,Molineux Stadium,Jakob Kehlet,/en/matches/1fa63aba/Wolverhampton-Wanderers-Braga-September-19-2019-Europa-League,,UEL,19-20
Group stage,1,Thu,2019-09-19,20:00,Porto,1.6,2–1,1.0,Young Boys,32929,Estádio Do Dragão,Andris Treimanis,/en/matches/e25f50c9/Porto-Young-Boys-September-19-2019-Europa-League,,UEL,19-20
Group stage,1,Thu,2019-09-19,20:00,Manchester Utd,2.8,1–0,0.3,Astana FK,50783,Old Trafford,François Letexier,/en/matches/e824741d/Manchester-United-Astana-FK-September-19-2019-Europa-League,,UEL,19-20
Group stage,1,Thu,2019-09-19,20:00,Rangers,2.6,1–0,1.1,Feyenoord,46858,Ibrox Stadium,Antonio Matéu Lahoz,/en/matches/f354bafc/Rangers-Feyenoord-September-19-2019-Europa-League,,UEL,19-20
Group stage,1,Thu,2019-09-19,20:55,Qarabağ,0.7,0–3,1.7,Sevilla,30826,Tofiq Bəhramov adına Respublika stadionu,Yevhen Aranovskyi,/en/matches/5ecec8e0/Qarabag-Sevilla-September-19-2019-Europa-League,,UEL,19-20
Group stage,1,Thu,2019-09-19,21:00,Espanyol,1.7,1–1,0.2,Ferencváros,18125,RCDE Stadium,Nikola Dabanović,/en/matches/03fff86f/Espanyol-Ferencvaros-September-19-2019-Europa-League,,UEL,19-20
Group stage,1,Thu,2019-09-19,21:00,Wolfsburg,1.3,3–1,0.7,FC Oleksandriya,10112,Volkswagen Arena,Halis Özkahya,/en/matches/270c4415/Wolfsburg-FC-Oleksandriya-September-19-2019-Europa-League,,UEL,19-20
Group stage,1,Thu,2019-09-19,21:00,Gladbach,1.7,0–4,1.9,Wolfsberger AC,34846,Stadion im Borussia-Park,Tamás Bognár,/en/matches/2a475a14/Monchengladbach-Wolfsberger-AC-September-19-2019-Europa-League,,UEL,19-20
Group stage,1,Thu,2019-09-19,21:00,Partizan,3.1,2–2,1.3,AZ Alkmaar,22564,Stadion Partizana,Marco Guida,/en/matches/3a07b4b1/Partizan-AZ-Alkmaar-September-19-2019-Europa-League,,UEL,19-20
Group stage,1,Thu,2019-09-19,21:00,Slovan Bratislava,2.6,4–2,1.8,Beşiktaş,5273,Štadión Tehelné pole,Kristo Tohver,/en/matches/5eb0b57f/Slovan-Bratislava-Besiktas-September-19-2019-Europa-League,,UEL,19-20
Group stage,1,Thu,2019-09-19,21:00,Gent,1.1,3–2,0.6,Saint-Étienne,14928,GHELAMCO-arena,Roi Reinshreiber,/en/matches/bb970ba5/Gent-Saint-Etienne-September-19-2019-Europa-League,,UEL,19-20
Group stage,1,Thu,2019-09-19,21:00,Roma,3.2,4–0,0.6,Başakşehir,21348,Stadio Olimpico,Daniel Ask,/en/matches/e85b7477/Roma-Istanbul-Basaksehir-September-19-2019-Europa-League,,UEL,19-20
Group stage,1,Thu,2019-09-19,22:00,Ludogorets,2.5,5–1,0.9,CSKA Moscow,8423,Huvepharma Arena,Irfan Peljto,/en/matches/c9ec921f/Ludogorets-Razgrad-CSKA-Moscow-September-19-2019-Europa-League,,UEL,19-20
Group stage,2,Thu,2019-10-03,17:55,Braga,1.1,2–2,1.1,Slovan Bratislava,9077,Estádio Municipal de Braga,Adrien Jaccottet,/en/matches/432e049c/Braga-Slovan-Bratislava-October-3-2019-Europa-League,,UEL,19-20
Group stage,2,Thu,2019-10-03,18:55,Feyenoord,1.3,2–0,3.4,Porto,41000,Stadion Feijenoord,Sergey Karasev,/en/matches/620f7f70/Feyenoord-Porto-October-3-2019-Europa-League,,UEL,19-20
Group stage,2,Thu,2019-10-03,18:55,Wolfsberger AC,0.7,1–1,1.4,Roma,11169,Merkur Arena,Tiago Martins,/en/matches/978edab7/Wolfsberger-AC-Roma-October-3-2019-Europa-League,,UEL,19-20
Group stage,2,Thu,2019-10-03,18:55,Ferencváros,1.2,0–3,1.3,Ludogorets,16163,Groupama Arena,Bartosz Frankowski,/en/matches/995b1998/Ferencvaros-Ludogorets-Razgrad-October-3-2019-Europa-League,,UEL,19-20
Group stage,2,Thu,2019-10-03,18:55,AZ Alkmaar,1.0,0–0,0.7,Manchester Utd,13863,Cars Jeans Stadion,Gediminas Mažeika,/en/matches/c7f9121a/AZ-Alkmaar-Manchester-United-October-3-2019-Europa-League,,UEL,19-20
Group stage,2,Thu,2019-10-03,18:55,Saint-Étienne,0.5,1–1,0.6,Wolfsburg,27000,Stade Geoffroy-Guichard,Craig Pawson,/en/matches/f18502ef/Saint-Etienne-Wolfsburg-October-3-2019-Europa-League,,UEL,19-20
Group stage,2,Thu,2019-10-03,18:55,Young Boys,1.8,2–1,0.7,Rangers,26348,Stade de Suisse Wankdorf Bern,Manuel Schüttengruber,/en/matches/f28096b7/Young-Boys-Rangers-October-3-2019-Europa-League,,UEL,19-20
Group stage,2,Thu,2019-10-03,19:55,Başakşehir,1.3,1–1,1.2,Gladbach,6000,Başakşehir Fatih Terim Stadium,Stuart Attwell,/en/matches/486e53af/Istanbul-Basaksehir-Monchengladbach-October-3-2019-Europa-League,,UEL,19-20
Group stage,2,Thu,2019-10-03,19:55,FC Oleksandriya,1.8,1–1,0.8,Gent,7588,L'viv Arena,Jens Maae,/en/matches/48d689d2/FC-Oleksandriya-Gent-October-3-2019-Europa-League,,UEL,19-20
Group stage,2,Thu,2019-10-03,19:55,Beşiktaş,0.9,0–1,0.8,Wolves,22670,Vodafone Arena,Harald Lechner,/en/matches/8b0ba694/Besiktas-Wolverhampton-Wanderers-October-3-2019-Europa-League,,UEL,19-20
Group stage,2,Thu,2019-10-03,19:55,CSKA Moscow,0.7,0–2,1.9,Espanyol,22288,VEB Arena,Ali Palabıyık,/en/matches/b3959461/CSKA-Moscow-Espanyol-October-3-2019-Europa-League,,UEL,19-20
Group stage,2,Thu,2019-10-03,20:00,Vitória,0.8,0–1,1.7,Eint Frankfurt,27000,Estádio Dom Afonso Henriques,Radu Petrescu,/en/matches/1eacabcb/Vitoria-Guimaraes-Eintracht-Frankfurt-October-3-2019-Europa-League,,UEL,19-20
Group stage,2,Thu,2019-10-03,20:00,Celtic,1.8,2–0,0.4,CFR Cluj,56172,Celtic Park,Daniel Siebert,/en/matches/c2c17abb/Celtic-CFR-Cluj-October-3-2019-Europa-League,,UEL,19-20
Group stage,2,Thu,2019-10-03,20:00,Sporting CP,0.9,2–1,1.8,LASK,31225,Estádio José Alvalade,Alain Durieux,/en/matches/d5888327/Sporting-CP-LASK-October-3-2019-Europa-League,,UEL,19-20
Group stage,2,Thu,2019-10-03,20:00,Arsenal,4.9,4–0,0.6,Standard Liège,58725,Emirates Stadium,Sandro Schärer,/en/matches/f3398a45/Arsenal-Standard-Liege-October-3-2019-Europa-League,,UEL,19-20
Group stage,2,Thu,2019-10-03,20:50,Astana FK,0.3,1–2,2.6,Partizan,20137,Astana Arena,Mohammed Al Hakim,/en/matches/d136954e/Astana-FK-Partizan-October-3-2019-Europa-League,,UEL,19-20
Group stage,2,Thu,2019-10-03,21:00,Lugano,1.1,0–0,1.1,Dynamo Kyiv,1281,Kybunpark,Karim Abed,/en/matches/3575782f/Lugano-Dynamo-Kyiv-October-3-2019-Europa-League,,UEL,19-20
Group stage,2,Thu,2019-10-03,21:00,Malmö,0.8,1–1,0.1,FC Copenhagen,19884,Eleda Stadion,Deniz Aytekin,/en/matches/52b1fb60/Malmo-FC-Copenhagen-October-3-2019-Europa-League,,UEL,19-20
Group stage,2,Thu,2019-10-03,21:00,F91 Dudelange,1.6,1–4,3.8,Qarabağ,3005,Stade Josy Barthel,John Beaton,/en/matches/84569518/F91-Dudelange-Qarabag-October-3-2019-Europa-League,,UEL,19-20
Group stage,2,Thu,2019-10-03,21:00,Rosenborg,2.1,1–4,2.3,PSV Eindhoven,10296,Lerkendal Stadion,Halil Meler,/en/matches/a234f534/Rosenborg-PSV-Eindhoven-October-3-2019-Europa-League,,UEL,19-20
Group stage,2,Thu,2019-10-03,21:00,Sevilla,2.2,1–0,0.1,APOEL,30008,Estadio Ramón Sánchez Pizjuán,Bas Nijhuis,/en/matches/a6f32888/Sevilla-APOEL-October-3-2019-Europa-League,,UEL,19-20
Group stage,2,Thu,2019-10-03,21:00,Lazio,0.5,2–1,0.9,Rennes,13072,Stadio Olimpico,Sergiy Boyko,/en/matches/c418f60d/Lazio-Rennes-October-3-2019-Europa-League,,UEL,19-20
Group stage,2,Thu,2019-10-03,22:00,Trabzonspor,1.0,2–2,0.4,Basel,23867,Hüseyin Avni Aker Stadyumu,Marco Di Bello,/en/matches/b7874844/Trabzonspor-Basel-October-3-2019-Europa-League,,UEL,19-20
Group stage,2,Thu,2019-10-03,22:00,Krasnodar,1.9,1–2,2.4,Getafe,20035,Krasnodar Stadium,Ivan Bebek,/en/matches/cf2cc427/Krasnodar-Getafe-October-3-2019-Europa-League,,UEL,19-20
Group stage,3,Thu,2019-10-24,17:55,Porto,1.1,1–1,1.0,Rangers,31307,Estádio Do Dragão,Nikola Dabanović,/en/matches/d741aaf9/Porto-Rangers-October-24-2019-Europa-League,,UEL,19-20
Group stage,3,Thu,2019-10-24,18:55,Partizan,0.6,0–1,1.4,Manchester Utd,25627,Stadion Partizana,Daniel Ask,/en/matches/27ad0187/Partizan-Manchester-United-October-24-2019-Europa-League,,UEL,19-20
Group stage,3,Thu,2019-10-24,18:55,Young Boys,2.3,2–0,0.4,Feyenoord,27641,Stade de Suisse Wankdorf Bern,Jakob Kehlet,/en/matches/49c37bdb/Young-Boys-Feyenoord-October-24-2019-Europa-League,,UEL,19-20
Group stage,3,Thu,2019-10-24,18:55,AZ Alkmaar,6.8,6–0,0.3,Astana FK,8123,Cars Jeans Stadion,Enea Jorgji,/en/matches/4fdf62e4/AZ-Alkmaar-Astana-FK-October-24-2019-Europa-League,,UEL,19-20
Group stage,3,Thu,2019-10-24,18:55,Slovan Bratislava,0.8,1–2,1.3,Wolves,20333,Štadión Tehelné pole,Yevhen Aranovskyi,/en/matches/74264bbc/Slovan-Bratislava-Wolverhampton-Wanderers-October-24-2019-Europa-League,,UEL,19-20
Group stage,3,Thu,2019-10-24,18:55,Saint-Étienne,1.0,1–1,0.2,FC Oleksandriya,28573,Stade Geoffroy-Guichard,Espen Andreas Eskås,/en/matches/7bc1c183/Saint-Etienne-FC-Oleksandriya-October-24-2019-Europa-League,,UEL,19-20
Group stage,3,Thu,2019-10-24,18:55,Gent,1.6,2–2,2.4,Wolfsburg,14000,GHELAMCO-arena,Sergey Ivanov,/en/matches/92f026f2/Gent-Wolfsburg-October-24-2019-Europa-League,,UEL,19-20
Group stage,3,Thu,2019-10-24,18:55,Roma,1.4,1–1,2.5,Gladbach,29037,Stadio Olimpico,William Collum,/en/matches/a025ad39/Roma-Monchengladbach-October-24-2019-Europa-League,,UEL,19-20
Group stage,3,Thu,2019-10-24,19:55,Ludogorets,0.4,0–1,0.7,Espanyol,10334,Huvepharma Arena,Əliyar Ağayev,/en/matches/20328805/Ludogorets-Razgrad-Espanyol-October-24-2019-Europa-League,,UEL,19-20
Group stage,3,Thu,2019-10-24,19:55,CSKA Moscow,1.7,0–1,1.6,Ferencváros,18518,VEB Arena,Pavel Orel,/en/matches/2bfa1b83/CSKA-Moscow-Ferencvaros-October-24-2019-Europa-League,,UEL,19-20
Group stage,3,Thu,2019-10-24,19:55,Başakşehir,1.0,1–0,0.8,Wolfsberger AC,5000,Başakşehir Fatih Terim Stadium,Irfan Peljto,/en/matches/81fe186f/Istanbul-Basaksehir-Wolfsberger-AC-October-24-2019-Europa-League,,UEL,19-20
Group stage,3,Thu,2019-10-24,19:55,Beşiktaş,1.8,1–2,2.1,Braga,20956,Vodafone Arena,Alejandro Hernández,/en/matches/d0338ef7/Besiktas-Braga-October-24-2019-Europa-League,,UEL,19-20
Group stage,3,Thu,2019-10-24,20:00,Arsenal,2.3,3–2,1.7,Vitória,60195,Emirates Stadium,Serdar Gözübüyük,/en/matches/9047af47/Arsenal-Vitoria-Guimaraes-October-24-2019-Europa-League,,UEL,19-20
Group stage,3,Thu,2019-10-24,20:00,Sporting CP,0.8,1–0,0.8,Rosenborg,27671,Estádio José Alvalade,Lawrence Visser,/en/matches/9aa72a21/Sporting-CP-Rosenborg-October-24-2019-Europa-League,,UEL,19-20
Group stage,3,Thu,2019-10-24,20:00,Celtic,1.1,2–1,1.5,Lazio,56172,Celtic Park,Ivan Bebek,/en/matches/b18d6c93/Celtic-Lazio-October-24-2019-Europa-League,,UEL,19-20
Group stage,3,Thu,2019-10-24,20:55,Qarabağ,1.8,2–2,0.6,APOEL,30824,Tofiq Bəhramov adına Respublika stadionu,Filip Glova,/en/matches/39723013/Qarabag-APOEL-October-24-2019-Europa-League,,UEL,19-20
Group stage,3,Thu,2019-10-24,21:00,PSV Eindhoven,1.1,0–0,1.2,LASK,29000,Philips Stadion,Chris Kavanagh,/en/matches/4c6204d4/PSV-Eindhoven-LASK-October-24-2019-Europa-League,,UEL,19-20
Group stage,3,Thu,2019-10-24,21:00,Eint Frankfurt,1.6,2–1,1.0,Standard Liège,47000,Deutsche Bank Park,Daniel Stefański,/en/matches/52430cb2/Eintracht-Frankfurt-Standard-Liege-October-24-2019-Europa-League,,UEL,19-20
Group stage,3,Thu,2019-10-24,21:00,Malmö,1.7,2–1,0.8,Lugano,16789,Eleda Stadion,Robert Harvey,/en/matches/53024a6b/Malmo-Lugano-October-24-2019-Europa-League,,UEL,19-20
Group stage,3,Thu,2019-10-24,21:00,Sevilla,2.4,3–0,0.1,F91 Dudelange,26165,Estadio Ramón Sánchez Pizjuán,Anastasios Papapetrou,/en/matches/6ff6f1e8/Sevilla-F91-Dudelange-October-24-2019-Europa-League,,UEL,19-20
Group stage,3,Thu,2019-10-24,21:00,Rennes,1.5,0–1,1.5,CFR Cluj,27330,Roazhon Park,Aleksey Eskov,/en/matches/891891d6/Rennes-CFR-Cluj-October-24-2019-Europa-League,,UEL,19-20
Group stage,3,Thu,2019-10-24,21:00,Getafe,1.1,0–1,0.5,Basel,6213,Coliseum Alfonso Pérez,Jérôme Brisard,/en/matches/eef75795/Getafe-Basel-October-24-2019-Europa-League,,UEL,19-20
Group stage,3,Thu,2019-10-24,22:00,Dynamo Kyiv,0.8,1–1,1.1,FC Copenhagen,21202,NSK Olimpijs'kyj,Halil Meler,/en/matches/9defadf9/Dynamo-Kyiv-FC-Copenhagen-October-24-2019-Europa-League,,UEL,19-20
Group stage,3,Thu,2019-10-24,22:00,Trabzonspor,1.2,0–2,2.4,Krasnodar,26405,Hüseyin Avni Aker Stadyumu,Harald Lechner,/en/matches/aebac17d/Trabzonspor-Krasnodar-October-24-2019-Europa-League,,UEL,19-20
Group stage,4,Wed,2019-11-06,15:50,Vitória,1.0,1–1,1.2,Arsenal,17822,Estádio Dom Afonso Henriques,Halis Özkahya,/en/matches/7083f275/Vitoria-Guimaraes-Arsenal-November-6-2019-Europa-League,,UEL,19-20
Group stage,4,Thu,2019-11-07,18:55,Rosenborg,1.0,0–2,0.8,Sporting CP,11018,Lerkendal Stadion,Kevin Clancy,/en/matches/434c904b/Rosenborg-Sporting-CP-November-7-2019-Europa-League,,UEL,19-20
Group stage,4,Thu,2019-11-07,18:55,F91 Dudelange,1.6,2–5,4.5,Sevilla,2848,Stade Josy Barthel,Vilhjálmur Thórarinsson,/en/matches/6c142d7e/F91-Dudelange-Sevilla-November-7-2019-Europa-League,,UEL,19-20
Group stage,4,Thu,2019-11-07,18:55,FC Copenhagen,0.7,1–1,1.3,Dynamo Kyiv,23166,Telia Parken,Tamás Bognár,/en/matches/78696e52/FC-Copenhagen-Dynamo-Kyiv-November-7-2019-Europa-League,,UEL,19-20
Group stage,4,Thu,2019-11-07,18:55,LASK,2.5,4–1,1.8,PSV Eindhoven,12658,Linzer Stadion,Radu Petrescu,/en/matches/78bf083c/LASK-PSV-Eindhoven-November-7-2019-Europa-League,,UEL,19-20
Group stage,4,Thu,2019-11-07,18:55,Basel,2.0,2–1,2.5,Getafe,26298,St. Jakob-Park,Sergiy Boyko,/en/matches/90b1fcf1/Basel-Getafe-November-7-2019-Europa-League,,UEL,19-20
Group stage,4,Thu,2019-11-07,18:55,Lugano,1.7,0–0,0.2,Malmö,1875,Kybunpark,Giorgi Kruashvili,/en/matches/b60b13f6/Lugano-Malmo-November-7-2019-Europa-League,,UEL,19-20
Group stage,4,Thu,2019-11-07,18:55,Lazio,1.6,1–2,1.3,Celtic,26155,Stadio Olimpico,Tobias Stieler,/en/matches/b9e40c4c/Lazio-Celtic-November-7-2019-Europa-League,,UEL,19-20
Group stage,4,Thu,2019-11-07,18:55,Standard Liège,1.9,2–1,2.2,Eint Frankfurt,20000,Stade Maurice Dufrasne,Matej Jug,/en/matches/d9790bb6/Standard-Liege-Eintracht-Frankfurt-November-7-2019-Europa-League,,UEL,19-20
Group stage,4,Thu,2019-11-07,19:55,CFR Cluj,0.7,1–0,2.2,Rennes,11067,Stadionul Dr. Constantin Rădulescu,Tiago Martins,/en/matches/0a2404cb/CFR-Cluj-Rennes-November-7-2019-Europa-League,,UEL,19-20
Group stage,4,Thu,2019-11-07,19:55,APOEL,0.9,2–1,1.7,Qarabağ,9432,Neo GSP,Manuel Schüttengruber,/en/matches/298d895b/APOEL-Qarabag-November-7-2019-Europa-League,,UEL,19-20
Group stage,4,Thu,2019-11-07,20:00,Braga,2.1,3–1,0.6,Beşiktaş,8833,Estádio Municipal de Braga,Gediminas Mažeika,/en/matches/5b469861/Braga-Besiktas-November-7-2019-Europa-League,,UEL,19-20
Group stage,4,Thu,2019-11-07,20:00,Wolves,2.8,1–0,0.4,Slovan Bratislava,29789,Molineux Stadium,Bas Nijhuis,/en/matches/62b61fc8/Wolverhampton-Wanderers-Slovan-Bratislava-November-7-2019-Europa-League,,UEL,19-20
Group stage,4,Thu,2019-11-07,20:00,Manchester Utd,3.0,3–0,0.1,Partizan,62955,Old Trafford,Mattias Gestranius,/en/matches/879dcaa5/Manchester-United-Partizan-November-7-2019-Europa-League,,UEL,19-20
Group stage,4,Thu,2019-11-07,20:00,Rangers,0.4,2–0,0.7,Porto,49645,Ibrox Stadium,Davide Massa,/en/matches/c3cbc751/Rangers-Porto-November-7-2019-Europa-League,,UEL,19-20
Group stage,4,Thu,2019-11-07,20:55,Krasnodar,1.4,3–1,0.4,Trabzonspor,21669,Krasnodar Stadium,Benoît Bastien,/en/matches/a0c81aa6/Krasnodar-Trabzonspor-November-7-2019-Europa-League,,UEL,19-20
Group stage,4,Thu,2019-11-07,21:00,Feyenoord,1.3,1–1,2.4,Young Boys,45022,Stadion Feijenoord,Paweł Gil,/en/matches/27a1d681/Feyenoord-Young-Boys-November-7-2019-Europa-League,,UEL,19-20
Group stage,4,Thu,2019-11-07,21:00,Ferencváros,1.1,0–0,1.8,CSKA Moscow,18153,Groupama Arena,Aleksandar Stavrev,/en/matches/3f1c1546/Ferencvaros-CSKA-Moscow-November-7-2019-Europa-League,,UEL,19-20
Group stage,4,Thu,2019-11-07,21:00,Wolfsburg,1.6,1–3,0.6,Gent,12000,Volkswagen Arena,Massimiliano Irrati,/en/matches/5bc1e5f8/Wolfsburg-Gent-November-7-2019-Europa-League,,UEL,19-20
Group stage,4,Thu,2019-11-07,21:00,Gladbach,1.2,2–1,1.1,Roma,44500,Stadion im Borussia-Park,Jesús Gil,/en/matches/876227b5/Monchengladbach-Roma-November-7-2019-Europa-League,,UEL,19-20
Group stage,4,Thu,2019-11-07,21:00,Wolfsberger AC,0.8,0–3,3.1,Başakşehir,5286,Merkur Arena,Sandro Schärer,/en/matches/c064b7cf/Wolfsberger-AC-Istanbul-Basaksehir-November-7-2019-Europa-League,,UEL,19-20
Group stage,4,Thu,2019-11-07,21:00,Espanyol,4.0,6–0,0.0,Ludogorets,13963,RCDE Stadium,François Letexier,/en/matches/c339d57c/Espanyol-Ludogorets-Razgrad-November-7-2019-Europa-League,,UEL,19-20
Group stage,4,Thu,2019-11-07,21:50,Astana FK,0.2,0–5,3.2,AZ Alkmaar,11584,Astana Arena,Mads-Kristoffer Kristoffersen,/en/matches/db399f2f/Astana-FK-AZ-Alkmaar-November-7-2019-Europa-League,,UEL,19-20
Group stage,4,Thu,2019-11-07,22:00,FC Oleksandriya,1.4,2–2,1.2,Saint-Étienne,6361,L'viv Arena,João Pinheiro,/en/matches/62cb2e07/FC-Oleksandriya-Saint-Etienne-November-7-2019-Europa-League,,UEL,19-20
Group stage,5,Thu,2019-11-28,17:55,Braga,1.1,3–3,1.9,Wolves,12058,Estádio Municipal de Braga,Aliaksei Kulbakou,/en/matches/619dec18/Braga-Wolverhampton-Wanderers-November-28-2019-Europa-League,,UEL,19-20
Group stage,5,Thu,2019-11-28,18:50,Trabzonspor,0.6,0–1,1.8,Getafe,11465,Hüseyin Avni Aker Stadyumu,Andris Treimanis,/en/matches/ab76de7e/Trabzonspor-Getafe-November-28-2019-Europa-League,,UEL,19-20
Group stage,5,Thu,2019-11-28,18:50,Krasnodar,1.9,1–0,0.7,Basel,22826,Krasnodar Stadium,Bobby Madden,/en/matches/c7450ba9/Krasnodar-Basel-November-28-2019-Europa-League,,UEL,19-20
Group stage,5,Thu,2019-11-28,18:55,Feyenoord,2.3,2–2,0.8,Rangers,47500,Stadion Feijenoord,Damir Skomina,/en/matches/19671188/Feyenoord-Rangers-November-28-2019-Europa-League,,UEL,19-20
Group stage,5,Thu,2019-11-28,18:55,Saint-Étienne,1.4,0–0,0.5,Gent,25315,Stade Geoffroy-Guichard,Irfan Peljto,/en/matches/5115c3eb/Saint-Etienne-Gent-November-28-2019-Europa-League,,UEL,19-20
Group stage,5,Thu,2019-11-28,18:55,Wolfsberger AC,1.1,0–1,1.5,Gladbach,12073,Merkur Arena,Serdar Gözübüyük,/en/matches/6d6272e6/Wolfsberger-AC-Monchengladbach-November-28-2019-Europa-League,,UEL,19-20
Group stage,5,Thu,2019-11-28,18:55,Young Boys,1.0,1–2,2.2,Porto,31120,Stade de Suisse Wankdorf Bern,Tamás Bognár,/en/matches/a974056e/Young-Boys-Porto-November-28-2019-Europa-League,,UEL,19-20
Group stage,5,Thu,2019-11-28,18:55,Ferencváros,2.9,2–2,1.9,Espanyol,19111,Groupama Arena,Tiago Martins,/en/matches/c2528393/Ferencvaros-Espanyol-November-28-2019-Europa-League,,UEL,19-20
Group stage,5,Thu,2019-11-28,18:55,AZ Alkmaar,0.8,2–2,1.4,Partizan,9092,Cars Jeans Stadion,Daniel Stefański,/en/matches/efcbf2af/AZ-Alkmaar-Partizan-November-28-2019-Europa-League,,UEL,19-20
Group stage,5,Thu,2019-11-28,19:55,FC Oleksandriya,1.1,0–1,1.8,Wolfsburg,7118,L'viv Arena,Manuel Schüttengruber,/en/matches/8b9d372f/FC-Oleksandriya-Wolfsburg-November-28-2019-Europa-League,,UEL,19-20
Group stage,5,Thu,2019-11-28,20:00,Sporting CP,1.9,4–0,0.9,PSV Eindhoven,30146,Estádio José Alvalade,Orel Grinfeeld,/en/matches/04ac714c/Sporting-CP-PSV-Eindhoven-November-28-2019-Europa-League,,UEL,19-20
Group stage,5,Thu,2019-11-28,20:00,Vitória,1.7,1–1,2.4,Standard Liège,11221,Estádio Dom Afonso Henriques,Sergiy Boyko,/en/matches/af141ae4/Vitoria-Guimaraes-Standard-Liege-November-28-2019-Europa-League,,UEL,19-20
Group stage,5,Thu,2019-11-28,20:00,Celtic,0.6,3–1,1.5,Rennes,56172,Celtic Park,Espen Andreas Eskås,/en/matches/c717b948/Celtic-Rennes-November-28-2019-Europa-League,,UEL,19-20
Group stage,5,Thu,2019-11-28,20:00,Arsenal,1.3,1–2,1.2,Eint Frankfurt,49419,Emirates Stadium,Ruddy Buquet,/en/matches/d38f5b61/Arsenal-Eintracht-Frankfurt-November-28-2019-Europa-League,,UEL,19-20
Group stage,5,Thu,2019-11-28,20:55,Başakşehir,0.5,0–3,3.3,Roma,12879,Başakşehir Fatih Terim Stadium,Ovidiu Hațegan,/en/matches/57a7c7f0/Istanbul-Basaksehir-Roma-November-28-2019-Europa-League,,UEL,19-20
Group stage,5,Thu,2019-11-28,20:55,CSKA Moscow,1.4,1–1,1.2,Ludogorets,12948,Stadion Feijenoord,Jakob Kehlet,/en/matches/74d8f988/CSKA-Moscow-Ludogorets-Razgrad-November-28-2019-Europa-League,,UEL,19-20
Group stage,5,Thu,2019-11-28,20:55,Beşiktaş,3.3,2–1,0.7,Slovan Bratislava,11526,Vodafone Arena,Enea Jorgji,/en/matches/f8e61bdc/Besiktas-Slovan-Bratislava-November-28-2019-Europa-League,,UEL,19-20
Group stage,5,Thu,2019-11-28,21:00,Sevilla,0.8,2–0,0.2,Qarabağ,19803,Estadio Ramón Sánchez Pizjuán,Mohammed Al Hakim,/en/matches/13010eab/Sevilla-Qarabag-November-28-2019-Europa-League,,UEL,19-20
Group stage,5,Thu,2019-11-28,21:00,Lugano,1.3,0–1,1.1,FC Copenhagen,1281,Kybunpark,Aleksey Eskov,/en/matches/55d962d3/Lugano-FC-Copenhagen-November-28-2019-Europa-League,,UEL,19-20
Group stage,5,Thu,2019-11-28,21:00,Rosenborg,1.4,1–2,1.4,LASK,5000,Lerkendal Stadion,Giorgi Kruashvili,/en/matches/93d4e0d6/Rosenborg-LASK-November-28-2019-Europa-League,,UEL,19-20
Group stage,5,Thu,2019-11-28,21:00,Lazio,0.8,1–0,1.2,CFR Cluj,7604,Stadio Olimpico,Ali Palabıyık,/en/matches/9fa5d03d/Lazio-CFR-Cluj-November-28-2019-Europa-League,,UEL,19-20
Group stage,5,Thu,2019-11-28,21:00,Malmö,2.6,4–3,2.7,Dynamo Kyiv,19224,Eleda Stadion,Pavel Královec,/en/matches/aa2c3d30/Malmo-Dynamo-Kyiv-November-28-2019-Europa-League,,UEL,19-20
Group stage,5,Thu,2019-11-28,21:00,F91 Dudelange,0.5,0–2,2.2,APOEL,2912,Stade Josy Barthel,Gianluca Rocchi,/en/matches/c7ab4cbc/F91-Dudelange-APOEL-November-28-2019-Europa-League,,UEL,19-20
Group stage,5,Thu,2019-11-28,21:50,Astana FK,1.4,2–1,1.5,Manchester Utd,28949,Astana Arena,Donatas Rumšas,/en/matches/f65db418/Astana-FK-Manchester-United-November-28-2019-Europa-League,,UEL,19-20
Group stage,6,Thu,2019-12-12,18:55,FC Copenhagen,0.6,0–1,0.7,Malmö,32941,Telia Parken,Davide Massa,/en/matches/004bf0cc/FC-Copenhagen-Malmo-December-12-2019-Europa-League,,UEL,19-20
Group stage,6,Thu,2019-12-12,18:55,PSV Eindhoven,0.6,1–1,0.5,Rosenborg,24000,Philips Stadion,Vitaly Meshkov,/en/matches/06382637/PSV-Eindhoven-Rosenborg-December-12-2019-Europa-League,,UEL,19-20
Group stage,6,Thu,2019-12-12,18:55,Rennes,1.4,2–0,0.5,Lazio,25082,Roazhon Park,Srđan Jovanović,/en/matches/074a9199/Rennes-Lazio-December-12-2019-Europa-League,,UEL,19-20
Group stage,6,Thu,2019-12-12,18:55,LASK,2.5,3–0,1.0,Sporting CP,14000,Linzer Stadion,William Collum,/en/matches/401c14ce/LASK-Sporting-CP-December-12-2019-Europa-League,,UEL,19-20
Group stage,6,Thu,2019-12-12,18:55,Basel,2.0,2–0,0.5,Trabzonspor,17921,St. Jakob-Park,Aleksandar Stavrev,/en/matches/4bf898eb/Basel-Trabzonspor-December-12-2019-Europa-League,,UEL,19-20
Group stage,6,Thu,2019-12-12,18:55,Eint Frankfurt,2.0,2–3,0.4,Vitória,47000,Deutsche Bank Park,Gediminas Mažeika,/en/matches/52838b76/Eintracht-Frankfurt-Vitoria-Guimaraes-December-12-2019-Europa-League,,UEL,19-20
Group stage,6,Thu,2019-12-12,18:55,Standard Liège,0.5,2–2,1.6,Arsenal,21797,Stade Maurice Dufrasne,Andreas Ekberg,/en/matches/b4a27458/Standard-Liege-Arsenal-December-12-2019-Europa-League,,UEL,19-20
Group stage,6,Thu,2019-12-12,18:55,Getafe,1.8,3–0,0.2,Krasnodar,9389,Coliseum Alfonso Pérez,Daniel Siebert,/en/matches/e059aecb/Getafe-Krasnodar-December-12-2019-Europa-League,,UEL,19-20
Group stage,6,Thu,2019-12-12,19:55,CFR Cluj,2.3,2–0,0.3,Celtic,12890,Stadionul Dr. Constantin Rădulescu,Halis Özkahya,/en/matches/572c7d79/CFR-Cluj-Celtic-December-12-2019-Europa-League,,UEL,19-20
Group stage,6,Thu,2019-12-12,19:55,APOEL,1.1,1–0,1.5,Sevilla,5608,Neo GSP,Nikola Dabanović,/en/matches/b004db6f/APOEL-Sevilla-December-12-2019-Europa-League,,UEL,19-20
Group stage,6,Thu,2019-12-12,19:55,Dynamo Kyiv,3.5,1–1,0.8,Lugano,15774,NSK Olimpijs'kyj,Əliyar Ağayev,/en/matches/d3d75b6e/Dynamo-Kyiv-Lugano-December-12-2019-Europa-League,,UEL,19-20
Group stage,6,Thu,2019-12-12,20:00,Rangers,1.6,1–1,0.6,Young Boys,49015,Ibrox Stadium,Felix Brych,/en/matches/252cddfe/Rangers-Young-Boys-December-12-2019-Europa-League,,UEL,19-20
Group stage,6,Thu,2019-12-12,20:00,Porto,2.1,3–2,1.3,Feyenoord,28507,Estádio Do Dragão,Deniz Aytekin,/en/matches/41e26be1/Porto-Feyenoord-December-12-2019-Europa-League,,UEL,19-20
Group stage,6,Thu,2019-12-12,20:00,Wolves,2.5,4–0,0.3,Beşiktaş,27866,Molineux Stadium,Andris Treimanis,/en/matches/80f394d4/Wolverhampton-Wanderers-Besiktas-December-12-2019-Europa-League,,UEL,19-20
Group stage,6,Thu,2019-12-12,20:00,Manchester Utd,1.6,4–0,0.9,AZ Alkmaar,65773,Old Trafford,Sandro Schärer,/en/matches/8ce4cf43/Manchester-United-AZ-Alkmaar-December-12-2019-Europa-League,,UEL,19-20
Group stage,6,Thu,2019-12-12,21:00,Partizan,2.2,4–1,0.6,Astana FK,8075,Stadion Partizana,Filip Glova,/en/matches/0f8b2520/Partizan-Astana-FK-December-12-2019-Europa-League,,UEL,19-20
Group stage,6,Thu,2019-12-12,21:00,Gent,1.1,2–1,1.0,FC Oleksandriya,13156,GHELAMCO-arena,Radu Petrescu,/en/matches/325fefff/Gent-FC-Oleksandriya-December-12-2019-Europa-League,,UEL,19-20
Group stage,6,Thu,2019-12-12,21:00,Wolfsburg,1.7,1–0,0.8,Saint-Étienne,10802,Volkswagen Arena,Paul Tierney,/en/matches/88196af8/Wolfsburg-Saint-Etienne-December-12-2019-Europa-League,,UEL,19-20
Group stage,6,Thu,2019-12-12,21:00,Gladbach,3.2,1–2,1.6,Başakşehir,40046,Stadion im Borussia-Park,José Sánchez,/en/matches/cb24a030/Monchengladbach-Istanbul-Basaksehir-December-12-2019-Europa-League,,UEL,19-20
Group stage,6,Thu,2019-12-12,21:00,Slovan Bratislava,0.8,2–4,2.6,Braga,10856,Štadión Tehelné pole,Paweł Gil,/en/matches/d6af1dd2/Slovan-Bratislava-Braga-December-12-2019-Europa-League,,UEL,19-20
Group stage,6,Thu,2019-12-12,21:00,Espanyol,1.3,0–1,1.3,CSKA Moscow,10615,RCDE Stadium,Kevin Blom,/en/matches/f2e9c0be/Espanyol-CSKA-Moscow-December-12-2019-Europa-League,,UEL,19-20
Group stage,6,Thu,2019-12-12,21:00,Roma,2.3,2–2,0.8,Wolfsberger AC,21672,Stadio Olimpico,Craig Pawson,/en/matches/f49eca39/Roma-Wolfsberger-AC-December-12-2019-Europa-League,,UEL,19-20
Group stage,6,Thu,2019-12-12,21:55,Qarabağ,2.0,1–1,0.6,F91 Dudelange,5823,Tofiq Bəhramov adına Respublika stadionu,Kristo Tohver,/en/matches/52416aff/Qarabag-F91-Dudelange-December-12-2019-Europa-League,,UEL,19-20
Group stage,6,Thu,2019-12-12,22:00,Ludogorets,0.9,1–1,1.5,Ferencváros,5528,Huvepharma Arena,Matej Jug,/en/matches/4caff068/Ludogorets-Razgrad-Ferencvaros-December-12-2019-Europa-League,,UEL,19-20
Round of 32,,Thu,2020-02-20,17:55,Sporting CP,1.9,3–1,0.9,Başakşehir,27392,Estádio José Alvalade,Anthony Taylor,/en/matches/da2d3bd8/Sporting-CP-Istanbul-Basaksehir-February-20-2020-Europa-League,Leg 1 of 2,UEL,19-20
Round of 32,,Thu,2020-02-20,18:55,Eint Frankfurt,3.0,4–1,1.4,RB Salzburg,47000,Deutsche Bank Park,Ali Palabıyık,/en/matches/0aad9287/Eintracht-Frankfurt-Red-Bull-Salzburg-February-20-2020-Europa-League,Leg 1 of 2,UEL,19-20
Round of 32,,Thu,2020-02-20,18:55,Getafe,0.8,2–0,0.2,Ajax,14039,Coliseum Alfonso Pérez,Ruddy Buquet,/en/matches/0d2d10fc/Getafe-Ajax-February-20-2020-Europa-League,Leg 1 of 2,UEL,19-20
Round of 32,,Thu,2020-02-20,18:55,FC Copenhagen,1.3,1–1,2.0,Celtic,34346,Telia Parken,Sergey Karasev,/en/matches/154b64c9/FC-Copenhagen-Celtic-February-20-2020-Europa-League,Leg 1 of 2,UEL,19-20
Round of 32,,Thu,2020-02-20,18:55,Club Brugge,1.4,1–1,1.2,Manchester Utd,27006,Jan Breydelstadion,Aliaksei Kulbakou,/en/matches/3547465e/Club-Brugge-Manchester-United-February-20-2020-Europa-League,Leg 1 of 2,UEL,19-20
Round of 32,,Thu,2020-02-20,19:55,Shakhtar,1.5,2–1,1.2,Benfica,24429,NTB Metalist,Bobby Madden,/en/matches/3729dfb1/Shakhtar-Donetsk-Benfica-February-20-2020-Europa-League,Leg 1 of 2,UEL,19-20
Round of 32,,Thu,2020-02-20,19:55,CFR Cluj,1.2,1–1,1.3,Sevilla,14820,Stadionul Dr. Constantin Rădulescu,Deniz Aytekin,/en/matches/5f696260/CFR-Cluj-Sevilla-February-20-2020-Europa-League,Leg 1 of 2,UEL,19-20
Round of 32,,Thu,2020-02-20,19:55,Ludogorets,0.0,0–2,1.7,Inter,10024,Huvepharma Arena,Carlos del Cerro,/en/matches/9da2f142/Ludogorets-Razgrad-Internazionale-February-20-2020-Europa-League,Leg 1 of 2,UEL,19-20
Round of 32,,Thu,2020-02-20,20:00,Wolves,1.8,4–0,1.0,Espanyol,30435,Molineux Stadium,Tobias Stieler,/en/matches/42500bf8/Wolverhampton-Wanderers-Espanyol-February-20-2020-Europa-League,Leg 1 of 2,UEL,19-20
Round of 32,,Thu,2020-02-20,20:00,Rangers,1.4,3–2,2.1,Braga,49378,Ibrox Stadium,Daniel Ask,/en/matches/ca968352/Rangers-Braga-February-20-2020-Europa-League,Leg 1 of 2,UEL,19-20
Round of 32,,Thu,2020-02-20,21:00,AZ Alkmaar,1.4,1–1,1.2,LASK,12526,Cars Jeans Stadion,Mattias Gestranius,/en/matches/174da8ad/AZ-Alkmaar-LASK-February-20-2020-Europa-League,Leg 1 of 2,UEL,19-20
Round of 32,,Thu,2020-02-20,21:00,Roma,1.1,1–0,1.1,Gent,28248,Stadio Olimpico,Georgi Kabakov,/en/matches/3384c6ca/Roma-Gent-February-20-2020-Europa-League,Leg 1 of 2,UEL,19-20
Round of 32,,Thu,2020-02-20,21:00,Wolfsburg,1.3,2–1,1.0,Malmö,13801,Volkswagen Arena,Gediminas Mažeika,/en/matches/a7f9b426/Wolfsburg-Malmo-February-20-2020-Europa-League,Leg 1 of 2,UEL,19-20
Round of 32,,Thu,2020-02-20,21:00,Leverkusen,2.6,2–1,1.3,Porto,26839,BayArena,Slavko Vinčič,/en/matches/b5c644db/Bayer-Leverkusen-Porto-February-20-2020-Europa-League,Leg 1 of 2,UEL,19-20
Round of 32,,Thu,2020-02-20,22:00,APOEL,0.4,0–3,1.6,Basel,8191,Neo GSP,Orel Grinfeeld,/en/matches/45db9b00/APOEL-Basel-February-20-2020-Europa-League,Leg 1 of 2,UEL,19-20
Round of 32,,Thu,2020-02-20,22:00,Olympiacos,0.4,0–1,2.3,Arsenal,31456,Stadio Georgios Karaiskáki,Felix Zwayer,/en/matches/903a55d9/Olympiacos-Arsenal-February-20-2020-Europa-League,Leg 1 of 2,UEL,19-20
Round of 32,,Wed,2020-02-26,17:00,Braga,1.0,0–1,1.9,Rangers,18113,Estádio Municipal de Braga,Andreas Ekberg,/en/matches/bc3b4126/Braga-Rangers-February-26-2020-Europa-League,Leg 2 of 2; Rangers won,UEL,19-20
Round of 32,,Thu,2020-02-27,17:55,Porto,0.3,1–3,1.5,Leverkusen,30292,Estádio Do Dragão,István Kovács,/en/matches/620a8d3a/Porto-Bayer-Leverkusen-February-27-2020-Europa-League,Leg 2 of 2; Leverkusen won,UEL,19-20
Round of 32,,Thu,2020-02-27,18:55,Basel,1.4,1–0,1.0,APOEL,14428,St. Jakob-Park,Pavel Královec,/en/matches/104e3e78/Basel-APOEL-February-27-2020-Europa-League,Leg 2 of 2; Basel won,UEL,19-20
Round of 32,,Thu,2020-02-27,18:55,LASK,2.0,2–0,0.6,AZ Alkmaar,14000,Linzer Stadion,Srđan Jovanović,/en/matches/18e0598f/LASK-AZ-Alkmaar-February-27-2020-Europa-League,Leg 2 of 2; LASK won,UEL,19-20
Round of 32,,Thu,2020-02-27,18:55,Gent,1.8,1–1,0.9,Roma,17557,GHELAMCO-arena,José Sánchez,/en/matches/3981c2d2/Gent-Roma-February-27-2020-Europa-League,Leg 2 of 2; Roma won,UEL,19-20
Round of 32,,Thu,2020-02-27,18:55,Malmö,0.7,0–3,2.2,Wolfsburg,20500,Eleda Stadion,William Collum,/en/matches/6f0981d2/Malmo-Wolfsburg-February-27-2020-Europa-League,Leg 2 of 2; Wolfsburg won,UEL,19-20
Round of 32,,Thu,2020-02-27,18:55,Espanyol,1.9,3–2,1.8,Wolves,14525,RCDE Stadium,Marco Guida,/en/matches/c1116856/Espanyol-Wolverhampton-Wanderers-February-27-2020-Europa-League,Leg 2 of 2; Wolves won,UEL,19-20
Round of 32,,Thu,2020-02-27,20:00,Celtic,2.2,1–3,1.0,FC Copenhagen,56172,Celtic Park,Artur Soares Dias,/en/matches/2a140e1d/Celtic-FC-Copenhagen-February-27-2020-Europa-League,Leg 2 of 2; FC Copenhagen won,UEL,19-20
Round of 32,,Thu,2020-02-27,20:00,Arsenal,2.0,1–2,1.2,Olympiacos,60424,Emirates Stadium,Davide Massa,/en/matches/5d07525e/Arsenal-Olympiacos-February-27-2020-Europa-League,Leg 2 of 2; Olympiacos won; Required Extra Time,UEL,19-20
Round of 32,,Thu,2020-02-27,20:00,Manchester Utd,3.5,5–0,0.3,Club Brugge,70397,Old Trafford,Serdar Gözübüyük,/en/matches/8ab501d8/Manchester-United-Club-Brugge-February-27-2020-Europa-League,Leg 2 of 2; Manchester Utd won,UEL,19-20
Round of 32,,Thu,2020-02-27,20:00,Benfica,1.8,3–3,1.8,Shakhtar,48302,Estádio do Sport Lisboa e Benfica,Björn Kuipers,/en/matches/aecb8638/Benfica-Shakhtar-Donetsk-February-27-2020-Europa-League,Leg 2 of 2; Shakhtar won,UEL,19-20
Round of 32,,Thu,2020-02-27,20:55,Başakşehir,2.2,4–1,1.5,Sporting CP,5892,Başakşehir Fatih Terim Stadium,Antonio Matéu Lahoz,/en/matches/788f8533/Istanbul-Basaksehir-Sporting-CP-February-27-2020-Europa-League,Leg 2 of 2; Başakşehir won; Required Extra Time,UEL,19-20
Round of 32,,Thu,2020-02-27,21:00,Sevilla,1.6,0–0,0.8,CFR Cluj,31338,Estadio Ramón Sánchez Pizjuán,Andris Treimanis,/en/matches/bd85c195/Sevilla-CFR-Cluj-February-27-2020-Europa-League,Leg 2 of 2; Sevilla won,UEL,19-20
Round of 32,,Thu,2020-02-27,21:00,Inter,1.8,2–1,0.5,Ludogorets,,Stadio Giuseppe Meazza,Daniel Siebert,/en/matches/d4432e3f/Internazionale-Ludogorets-Razgrad-February-27-2020-Europa-League,Leg 2 of 2; Inter won,UEL,19-20
Round of 32,,Thu,2020-02-27,21:00,Ajax,1.5,2–1,1.6,Getafe,51487,Johan Cruyff ArenA,Anastasios Sidiropoulos,/en/matches/f3ea3f9b/Ajax-Getafe-February-27-2020-Europa-League,Leg 2 of 2; Getafe won,UEL,19-20
Round of 32,,Fri,2020-02-28,18:00,RB Salzburg,1.4,2–2,1.7,Eint Frankfurt,29000,Red Bull Arena,Benoît Bastien,/en/matches/a643be78/Red-Bull-Salzburg-Eintracht-Frankfurt-February-28-2020-Europa-League,Leg 2 of 2; Eint Frankfurt won,UEL,19-20
Round of 16,,Thu,2020-03-12,18:55,Eint Frankfurt,0.8,0–3,1.5,Basel,,Deutsche Bank Park,Andreas Ekberg,/en/matches/532d719d/Eintracht-Frankfurt-Basel-March-12-2020-Europa-League,Leg 1 of 2,UEL,19-20
Round of 16,,Thu,2020-03-12,18:55,LASK,0.5,0–5,3.0,Manchester Utd,,Linzer Stadion,Artur Soares Dias,/en/matches/bf962d29/LASK-Manchester-United-March-12-2020-Europa-League,Leg 1 of 2,UEL,19-20
Round of 16,,Thu,2020-03-12,20:00,Rangers,0.9,1–3,1.4,Leverkusen,47494,Ibrox Stadium,Szymon Marciniak,/en/matches/91b8657f/Rangers-Bayer-Leverkusen-March-12-2020-Europa-League,Leg 1 of 2,UEL,19-20
Round of 16,,Thu,2020-03-12,20:55,Başakşehir,1.4,1–0,0.2,FC Copenhagen,12205,Başakşehir Fatih Terim Stadium,William Collum,/en/matches/ea331063/Istanbul-Basaksehir-FC-Copenhagen-March-12-2020-Europa-League,Leg 1 of 2,UEL,19-20
Round of 16,,Thu,2020-03-12,21:00,Wolfsburg,1.4,1–2,1.9,Shakhtar,,Volkswagen Arena,Damir Skomina,/en/matches/aee7f09c/Wolfsburg-Shakhtar-Donetsk-March-12-2020-Europa-League,Leg 1 of 2,UEL,19-20
Round of 16,,Thu,2020-03-12,22:00,Olympiacos,1.0,1–1,0.9,Wolves,,Stadio Georgios Karaiskáki,Clément Turpin,/en/matches/25c55d3e/Olympiacos-Wolverhampton-Wanderers-March-12-2020-Europa-League,Leg 1 of 2,UEL,19-20
Round of 16,,Thu,2020-03-19,18:55,Getafe,,,,Inter,,Coliseum Alfonso Pérez,,/en/matches/8da5748e/Getafe-Internazionale-March-19-2020-Europa-League,Leg 1 of 2; Match Cancelled,UEL,19-20
Round of 16,,Thu,2020-03-19,21:00,Roma,,,,Sevilla,,Stadio Olimpico,,/en/matches/a99d6609/Roma-Sevilla-March-19-2020-Europa-League,Leg 1 of 2; Match Cancelled,UEL,19-20
Round of 16,,Wed,2020-08-05,18:55,FC Copenhagen,2.2,3–0,0.6,Başakşehir,,Telia Parken,Daniele Orsato,/en/matches/6f769b20/FC-Copenhagen-Istanbul-Basaksehir-August-5-2020-Europa-League,Leg 2 of 2; FC Copenhagen won,UEL,19-20
Round of 16,,Wed,2020-08-05,19:55,Shakhtar,2.4,3–0,0.5,Wolfsburg,,NSK Olimpijs'kyj,Ivan Kružliak,/en/matches/42466cbe/Shakhtar-Donetsk-Wolfsburg-August-5-2020-Europa-League,Leg 2 of 2; Shakhtar won,UEL,19-20
Round of 16,,Wed,2020-08-05,20:00,Manchester Utd,1.5,2–1,1.0,LASK,,Old Trafford,Anastasios Sidiropoulos,/en/matches/96f334a5/Manchester-United-LASK-August-5-2020-Europa-League,Leg 2 of 2; Manchester Utd won,UEL,19-20
Round of 16,,Wed,2020-08-05,21:00,Inter,1.7,2–0,1.9,Getafe,,Veltins-Arena (Neutral Site),Anthony Taylor,/en/matches/948d3b9b/Internazionale-Getafe-August-5-2020-Europa-League,Leg 2 of 2; Getafe won,UEL,19-20
Round of 16,,Thu,2020-08-06,18:55,Sevilla,2.4,2–0,0.5,Roma,,Schauinsland-Reisen-Arena (Neutral Site),Björn Kuipers,/en/matches/56a83ba0/Sevilla-Roma-August-6-2020-Europa-League,Leg 2 of 2; Roma won,UEL,19-20
Round of 16,,Thu,2020-08-06,18:55,Leverkusen,1.8,1–0,0.4,Rangers,,BayArena,Danny Makkelie,/en/matches/ad5c9360/Bayer-Leverkusen-Rangers-August-6-2020-Europa-League,Leg 2 of 2; Leverkusen won,UEL,19-20
Round of 16,,Thu,2020-08-06,20:00,Wolves,2.0,1–0,1.1,Olympiacos,,Molineux Stadium,Szymon Marciniak,/en/matches/6681ecf6/Wolverhampton-Wanderers-Olympiacos-August-6-2020-Europa-League,Leg 2 of 2; Wolves won,UEL,19-20
Round of 16,,Thu,2020-08-06,21:00,Basel,2.7,1–0,1.0,Eint Frankfurt,,St. Jakob-Park,Antonio Matéu Lahoz,/en/matches/c33a654c/Basel-Eintracht-Frankfurt-August-6-2020-Europa-League,Leg 2 of 2; Basel won,UEL,19-20
Quarter-finals,,Mon,2020-08-10,21:00,Inter,2.8,2–1,0.9,Leverkusen,,Merkur Spielarena (Neutral Site),Carlos del Cerro,/en/matches/1f6f5448/Internazionale-Bayer-Leverkusen-August-10-2020-Europa-League,,UEL,19-20
Quarter-finals,,Mon,2020-08-10,21:00,Manchester Utd,3.0,1–0,0.6,FC Copenhagen,,RheinEnergieSTADION (Neutral Site),Clément Turpin,/en/matches/f7281bb5/Manchester-United-FC-Copenhagen-August-10-2020-Europa-League,Required Extra Time,UEL,19-20
Quarter-finals,,Tue,2020-08-11,21:00,Wolves,1.0,0–1,1.5,Sevilla,,Schauinsland-Reisen-Arena (Neutral Site),Daniele Orsato,/en/matches/8562188e/Wolverhampton-Wanderers-Sevilla-August-11-2020-Europa-League,,UEL,19-20
Quarter-finals,,Tue,2020-08-11,21:00,Shakhtar,1.9,4–1,1.7,Basel,,Veltins-Arena (Neutral Site),Michael Oliver,/en/matches/b901b4db/Shakhtar-Donetsk-Basel-August-11-2020-Europa-League,,UEL,19-20
Semi-finals,,Sun,2020-08-16,21:00,Sevilla,1.2,2–1,2.4,Manchester Utd,,RheinEnergieSTADION (Neutral Site),Felix Brych,/en/matches/995abd52/Sevilla-Manchester-United-August-16-2020-Europa-League,,UEL,19-20
Semi-finals,,Mon,2020-08-17,21:00,Inter,1.4,5–0,0.6,Shakhtar,,Merkur Spielarena (Neutral Site),Szymon Marciniak,/en/matches/fcd660b2/Internazionale-Shakhtar-Donetsk-August-17-2020-Europa-League,,UEL,19-20
Final,,Fri,2020-08-21,21:00,Sevilla,0.9,3–2,1.5,Inter,,RheinEnergieSTADION (Neutral Site),Danny Makkelie,/en/matches/3e57897a/Sevilla-Internazionale-August-21-2020-Europa-League,,UEL,19-20
